names,scores,logfoldchanges,pvals,pvals_adj,comparison,ref_group,target_group
Hexb,25.574963,8.283387,2.8978659719927153e-144,5.795731943985431e-141,astrocyte_vs_microglial cell,astrocyte,microglial cell
Ctss,25.476402,10.456382,3.600373685074887e-143,2.8523234486473226e-140,astrocyte_vs_microglial cell,astrocyte,microglial cell
C1qa,25.469639,11.111184,4.278485172970984e-143,2.8523234486473226e-140,astrocyte_vs_microglial cell,astrocyte,microglial cell
C1qb,25.290703,10.47992,4.0425387992864677e-141,1.6242274629572734e-138,astrocyte_vs_microglial cell,astrocyte,microglial cell
C1qc,25.290527,9.941748,4.060568657393184e-141,1.6242274629572734e-138,astrocyte_vs_microglial cell,astrocyte,microglial cell
P2ry12,25.01716,10.196096,3.977364449985552e-138,1.3257881499951841e-135,astrocyte_vs_microglial cell,astrocyte,microglial cell
Ctsd,24.969727,4.26212,1.3040719128590414e-137,3.7259197510258327e-135,astrocyte_vs_microglial cell,astrocyte,microglial cell
Tyrobp,24.785433,10.161313,1.287231582426763e-135,2.5744631648535262e-133,astrocyte_vs_microglial cell,astrocyte,microglial cell
Lgmn,24.631268,5.3810434,5.843116855515187e-134,9.73852809252531e-132,astrocyte_vs_microglial cell,astrocyte,microglial cell
Cst3,24.386274,2.4740405,2.3915861072069973e-131,3.679363241856919e-129,astrocyte_vs_microglial cell,astrocyte,microglial cell
Tmem119,24.279634,31.784761,3.217584960931104e-130,4.596549944187291e-128,astrocyte_vs_microglial cell,astrocyte,microglial cell
Selplg,23.990105,10.827717,3.5274979434856026e-127,4.409372429357003e-125,astrocyte_vs_microglial cell,astrocyte,microglial cell
Fcer1g,23.770145,9.40875,6.802056542722581e-125,8.002419462026565e-123,astrocyte_vs_microglial cell,astrocyte,microglial cell
Trem2,23.628456,31.357197,1.96594458276578e-123,2.184382869739756e-121,astrocyte_vs_microglial cell,astrocyte,microglial cell
Csf1r,23.151031,10.882699,1.4194019992679896e-118,1.4941073676505153e-116,astrocyte_vs_microglial cell,astrocyte,microglial cell
Cx3cr1,22.174044,9.3482895,6.116031667088279e-109,5.318288406163721e-107,astrocyte_vs_microglial cell,astrocyte,microglial cell
Ftl1,21.819424,2.4248607,1.5176031467488485e-105,1.2140825173990786e-103,astrocyte_vs_microglial cell,astrocyte,microglial cell
Gpr34,21.561693,10.384885,4.1128336955296203e-103,3.1637182273304773e-101,astrocyte_vs_microglial cell,astrocyte,microglial cell
B2m,21.551767,4.0214186,5.096467807368405e-103,3.7751613387914115e-101,astrocyte_vs_microglial cell,astrocyte,microglial cell
Fau,21.107458,2.741903,6.792869444672723e-99,4.684737548050153e-97,astrocyte_vs_microglial cell,astrocyte,microglial cell
Laptm5,20.599113,9.131795,2.7951716383376776e-94,1.7469822739610484e-92,astrocyte_vs_microglial cell,astrocyte,microglial cell
Rps4x,20.443455,2.7782316,6.869868045729903e-93,4.163556391351456e-91,astrocyte_vs_microglial cell,astrocyte,microglial cell
Pld4,20.343315,10.263945,5.3209630092255366e-92,3.1299782407209035e-90,astrocyte_vs_microglial cell,astrocyte,microglial cell
Junb,20.334883,5.76952,6.319148708625652e-92,3.610942119214658e-90,astrocyte_vs_microglial cell,astrocyte,microglial cell
Aif1,20.254066,9.777853,3.270903047683427e-91,1.768055701450501e-89,astrocyte_vs_microglial cell,astrocyte,microglial cell
Fcgr3,19.897161,11.117271,4.3063337311948937e-88,2.100650600582875e-86,astrocyte_vs_microglial cell,astrocyte,microglial cell
Rnaset2a,19.730963,3.763389,1.1692092481557317e-86,5.438182549561543e-85,astrocyte_vs_microglial cell,astrocyte,microglial cell
Trf,19.501957,7.497415,1.0566011838215918e-84,4.802732653734508e-83,astrocyte_vs_microglial cell,astrocyte,microglial cell
Ctsz,19.417805,3.6170235,5.457400200740508e-84,2.4255112003291147e-82,astrocyte_vs_microglial cell,astrocyte,microglial cell
Rps27a,19.342348,2.426043,2.3646275006966057e-83,1.0280989133463504e-81,astrocyte_vs_microglial cell,astrocyte,microglial cell
Rps29,19.103943,2.534876,2.341242180722007e-81,9.556090533559211e-80,astrocyte_vs_microglial cell,astrocyte,microglial cell
Lpcat2,19.070211,30.206112,4.46503415550807e-81,1.750993786473753e-79,astrocyte_vs_microglial cell,astrocyte,microglial cell
Ly86,19.022425,9.2010355,1.1122028032115852e-80,4.277703089275328e-79,astrocyte_vs_microglial cell,astrocyte,microglial cell
Rps23,18.652695,2.0918303,1.2007126578899535e-77,4.366227846872558e-76,astrocyte_vs_microglial cell,astrocyte,microglial cell
Fcrls,18.402166,10.465174,1.2621519161189462e-75,4.3522479866170556e-74,astrocyte_vs_microglial cell,astrocyte,microglial cell
Rpl3,18.299917,2.2076252,8.287358515504335e-75,2.809274073052317e-73,astrocyte_vs_microglial cell,astrocyte,microglial cell
Ifngr1,18.080662,5.0344176,4.526105249772905e-73,1.4600339515396467e-71,astrocyte_vs_microglial cell,astrocyte,microglial cell
Unc93b1,17.958736,8.0913925,4.1003232285153635e-72,1.3016899138144012e-70,astrocyte_vs_microglial cell,astrocyte,microglial cell
Rps27,17.263023,1.9820751,8.931085945192715e-67,2.7480264446746816e-65,astrocyte_vs_microglial cell,astrocyte,microglial cell
Rpl9,17.144787,1.9553636,6.875094825371348e-66,2.0522671120511485e-64,astrocyte_vs_microglial cell,astrocyte,microglial cell
Rpl11,16.899706,2.0313983,4.5216036113738265e-64,1.310609742427196e-62,astrocyte_vs_microglial cell,astrocyte,microglial cell
Hexa,16.803343,3.6949086,2.30673064966019e-63,6.590658999029114e-62,astrocyte_vs_microglial cell,astrocyte,microglial cell
Rnase4,16.673159,8.288182,2.0544389814448404e-62,5.5525377876887584e-61,astrocyte_vs_microglial cell,astrocyte,microglial cell
Rps6,16.411476,2.7345319,1.58310517912148e-60,4.221613810990614e-59,astrocyte_vs_microglial cell,astrocyte,microglial cell
Ctsh,16.336195,7.5394053,5.455335015962902e-60,1.4356144778849742e-58,astrocyte_vs_microglial cell,astrocyte,microglial cell
Rps7,16.196964,2.1280746,5.29790578815634e-59,1.3584373815785488e-57,astrocyte_vs_microglial cell,astrocyte,microglial cell
Irf8,15.778745,9.336909,4.357686544900894e-56,1.0894216362252234e-54,astrocyte_vs_microglial cell,astrocyte,microglial cell
Grn,15.722438,3.597511,1.061596693809977e-55,2.621226404469079e-54,astrocyte_vs_microglial cell,astrocyte,microglial cell
Fam105a,15.405852,9.127298,1.4950457615293532e-53,3.602519907299646e-52,astrocyte_vs_microglial cell,astrocyte,microglial cell
Cd53,15.256168,29.66915,1.4978941603456955e-52,3.5244568478722243e-51,astrocyte_vs_microglial cell,astrocyte,microglial cell
Rpl23a,15.123438,1.5244732,1.1346072601223096e-51,2.60829255200531e-50,astrocyte_vs_microglial cell,astrocyte,microglial cell
Jun,15.037265,3.6371126,4.1848931472901545e-51,9.511120789295806e-50,astrocyte_vs_microglial cell,astrocyte,microglial cell
Cmtm6,14.744485,4.2648168,3.338580778075221e-49,7.502428714775778e-48,astrocyte_vs_microglial cell,astrocyte,microglial cell
Siglech,14.698016,29.472696,6.6376139425657746e-49,1.4750253205701722e-47,astrocyte_vs_microglial cell,astrocyte,microglial cell
Nfkbia,14.602443,4.202957,2.7095863278935316e-48,5.95513478657919e-47,astrocyte_vs_microglial cell,astrocyte,microglial cell
Olfml3,14.498349,10.440702,1.2409807238751951e-47,2.697784182337381e-46,astrocyte_vs_microglial cell,astrocyte,microglial cell
Cd68,14.461895,8.755449,2.1091075141356225e-47,4.535715084162629e-46,astrocyte_vs_microglial cell,astrocyte,microglial cell
Gpx1,14.458557,3.3962219,2.213914295106482e-47,4.710455947035068e-46,astrocyte_vs_microglial cell,astrocyte,microglial cell
Fcgr1,14.134681,7.655403,2.3218459745209433e-45,4.837179113585298e-44,astrocyte_vs_microglial cell,astrocyte,microglial cell
Ly6e,14.129586,6.1012187,2.49607878835713e-45,5.146554202798206e-44,astrocyte_vs_microglial cell,astrocyte,microglial cell
Cyth4,13.723138,8.640062,7.380113369349957e-43,1.4470810528137173e-41,astrocyte_vs_microglial cell,astrocyte,microglial cell
Hpgds,13.39566,29.265673,6.410354230124706e-41,1.244728976723244e-39,astrocyte_vs_microglial cell,astrocyte,microglial cell
Tgfbr1,13.111402,4.620462,2.8331533949315376e-39,5.345572443267053e-38,astrocyte_vs_microglial cell,astrocyte,microglial cell
Rpl36a,12.971907,1.7906989,1.7658185508470806e-38,3.300595422144076e-37,astrocyte_vs_microglial cell,astrocyte,microglial cell
Ctsa,12.701263,2.916144,5.818262904919288e-37,1.0774560935035719e-35,astrocyte_vs_microglial cell,astrocyte,microglial cell
Ctsc,12.679391,5.281428,7.692747130002795e-37,1.4115132348628983e-35,astrocyte_vs_microglial cell,astrocyte,microglial cell
Cd14,12.538139,9.719301,4.61707008699436e-36,8.394672885444291e-35,astrocyte_vs_microglial cell,astrocyte,microglial cell
Rpl35,12.449507,2.0344603,1.4071267529385364e-35,2.535363518808174e-34,astrocyte_vs_microglial cell,astrocyte,microglial cell
Man2b1,11.577667,4.9243402,5.34813846534009e-31,8.83989828981833e-30,astrocyte_vs_microglial cell,astrocyte,microglial cell
H2-D1,11.490088,2.7549639,1.479603401332953e-30,2.3673654421327248e-29,astrocyte_vs_microglial cell,astrocyte,microglial cell
Ier2,11.439052,4.7675657,2.6678508932842154e-30,4.201339989423961e-29,astrocyte_vs_microglial cell,astrocyte,microglial cell
Tmem176b,11.4088335,2.2937264,3.7775918935362816e-30,5.856731617885707e-29,astrocyte_vs_microglial cell,astrocyte,microglial cell
P2ry13,11.01363,7.890524,3.2849710365746365e-28,4.9029418456337854e-27,astrocyte_vs_microglial cell,astrocyte,microglial cell
Slco2b1,10.710397,7.3900447,9.097117955019515e-27,1.3089378352546064e-25,astrocyte_vs_microglial cell,astrocyte,microglial cell
Rgs1,10.697923,29.3382,1.0408507943772603e-26,1.4763841054996601e-25,astrocyte_vs_microglial cell,astrocyte,microglial cell
Rac2,10.697923,28.640394,1.0408507943772603e-26,1.4763841054996601e-25,astrocyte_vs_microglial cell,astrocyte,microglial cell
Rab3il1,10.472431,5.768707,1.1563486286639667e-25,1.6060397620332873e-24,astrocyte_vs_microglial cell,astrocyte,microglial cell
Cd9,10.232971,1.7704059,1.4112135366314734e-24,1.9331692282622923e-23,astrocyte_vs_microglial cell,astrocyte,microglial cell
Sgk1,10.17359,6.502616,2.60140290453248e-24,3.5154093304492973e-23,astrocyte_vs_microglial cell,astrocyte,microglial cell
F11r,9.975856,7.273555,1.944176580621693e-23,2.5581270797653856e-22,astrocyte_vs_microglial cell,astrocyte,microglial cell
Fgd2,9.852086,6.078001,6.713610422831922e-23,8.662723126234737e-22,astrocyte_vs_microglial cell,astrocyte,microglial cell
Cd83,9.606916,6.6508546,7.475395336099245e-22,9.403013001382698e-21,astrocyte_vs_microglial cell,astrocyte,microglial cell
Cd52,9.209517,28.45387,3.275977129443146e-20,4.044416209189069e-19,astrocyte_vs_microglial cell,astrocyte,microglial cell
Btg2,9.083199,3.8008482,1.0543007382704217e-19,1.2936205377551187e-18,astrocyte_vs_microglial cell,astrocyte,microglial cell
Gna15,8.837415,28.28612,9.795901634067202e-19,1.18738201625057e-17,astrocyte_vs_microglial cell,astrocyte,microglial cell
Tmem176a,8.807899,2.0426261,1.2751266435811167e-18,1.5362971609411043e-17,astrocyte_vs_microglial cell,astrocyte,microglial cell
Rpl27,8.650925,1.328772,5.108384193725252e-18,6.045425081331659e-17,astrocyte_vs_microglial cell,astrocyte,microglial cell
Ccl4,8.615348,9.2935295,6.972928029687285e-18,8.20344474080857e-17,astrocyte_vs_microglial cell,astrocyte,microglial cell
Ccl3,8.5398035,9.789722,1.3445016229309077e-17,1.5633739801522184e-16,astrocyte_vs_microglial cell,astrocyte,microglial cell
Lair1,8.514856,4.7129207,1.6679705174889687e-17,1.9282896155941837e-16,astrocyte_vs_microglial cell,astrocyte,microglial cell
Ptgs1,8.373166,3.0556784,5.609050610231934e-17,6.337910294047384e-16,astrocyte_vs_microglial cell,astrocyte,microglial cell
Susd3,8.372288,28.266588,5.651033327909345e-17,6.349475649336343e-16,astrocyte_vs_microglial cell,astrocyte,microglial cell
Anxa3,8.355334,9.526899,6.524786858306081e-17,7.290264646152047e-16,astrocyte_vs_microglial cell,astrocyte,microglial cell
Ppp1r15a,8.315366,4.2685876,9.146992516452082e-17,1.0163325018280093e-15,astrocyte_vs_microglial cell,astrocyte,microglial cell
Lag3,8.184041,5.7496486,2.744813778473092e-16,3.0329434016277262e-15,astrocyte_vs_microglial cell,astrocyte,microglial cell
Itgb5,8.027505,2.0012572,9.947493185145049e-16,1.0754046686643296e-14,astrocyte_vs_microglial cell,astrocyte,microglial cell
Slc2a5,7.9648733,8.285012,1.6539337029503758e-15,1.7689130512838244e-14,astrocyte_vs_microglial cell,astrocyte,microglial cell
Itgam,7.9071603,28.14313,2.6332606954350276e-15,2.7865192544286007e-14,astrocyte_vs_microglial cell,astrocyte,microglial cell
P2ry6,7.814135,28.179192,5.534172658636951e-15,5.825444903828369e-14,astrocyte_vs_microglial cell,astrocyte,microglial cell
Ptpn6,7.4420333,28.012617,9.914714745741599e-14,1.011705586300163e-12,astrocyte_vs_microglial cell,astrocyte,microglial cell
Egr1,7.331088,4.4879484,2.282915734019325e-13,2.317680948242969e-12,astrocyte_vs_microglial cell,astrocyte,microglial cell
Pla2g15,7.1631327,4.4422913,7.885387548435221e-13,7.925012611492685e-12,astrocyte_vs_microglial cell,astrocyte,microglial cell
Ier3,6.93685,5.2616673,4.0093902611694734e-12,4.009390261169473e-11,astrocyte_vs_microglial cell,astrocyte,microglial cell
Syngr2,6.8920503,3.408186,5.499393384837273e-12,5.418121561416032e-11,astrocyte_vs_microglial cell,astrocyte,microglial cell
Atf3,6.8375,7.688497,8.058711817160232e-12,7.900697859961013e-11,astrocyte_vs_microglial cell,astrocyte,microglial cell
Itgb2,6.69783,27.881027,2.115370592406704e-11,2.02427807885809e-10,astrocyte_vs_microglial cell,astrocyte,microglial cell
Lyn,6.6651525,4.081042,2.643905437776716e-11,2.518005178834968e-10,astrocyte_vs_microglial cell,astrocyte,microglial cell
Mafb,6.4096184,4.2851605,1.458845420994571e-10,1.363406935508945e-09,astrocyte_vs_microglial cell,astrocyte,microglial cell
Tmsb10,6.3882723,1.7028126,1.677703037737959e-10,1.5534287386462584e-09,astrocyte_vs_microglial cell,astrocyte,microglial cell
Rps6ka1,6.249569,5.4089727,4.1158749260933246e-10,3.758789886843219e-09,astrocyte_vs_microglial cell,astrocyte,microglial cell
Mpeg1,6.213729,8.901911,5.174175153203175e-10,4.703795593821068e-09,astrocyte_vs_microglial cell,astrocyte,microglial cell
Ncf1,6.0466523,27.643274,1.4788658563165654e-09,1.3263370908668747e-08,astrocyte_vs_microglial cell,astrocyte,microglial cell
Tcn2,5.9592485,2.0589464,2.5340028483064583e-09,2.2524469762724073e-08,astrocyte_vs_microglial cell,astrocyte,microglial cell
Adrb2,5.8606014,27.60011,4.611940891992949e-09,4.0278959755396936e-08,astrocyte_vs_microglial cell,astrocyte,microglial cell
Ccl12,5.8606014,27.845253,4.611940891992949e-09,4.0278959755396936e-08,astrocyte_vs_microglial cell,astrocyte,microglial cell
Cd300a,5.7675757,27.506243,8.041987836348753e-09,6.958080047221658e-08,astrocyte_vs_microglial cell,astrocyte,microglial cell
Fos,5.766961,2.8059993,8.071372854777122e-09,6.958080047221658e-08,astrocyte_vs_microglial cell,astrocyte,microglial cell
Lpar6,5.648373,4.045869,1.6197312129093833e-08,1.3784946492845817e-07,astrocyte_vs_microglial cell,astrocyte,microglial cell
Ccl9,5.581525,27.52228,2.3841870966672534e-08,2.003518568627944e-07,astrocyte_vs_microglial cell,astrocyte,microglial cell
Klf2,5.5409417,5.0943704,3.008493373190117e-08,2.4966749984980223e-07,astrocyte_vs_microglial cell,astrocyte,microglial cell
Il10ra,5.4884996,27.56561,4.053621189576465e-08,3.336313736276926e-07,astrocyte_vs_microglial cell,astrocyte,microglial cell
Cfh,5.4595118,7.21494,4.774463049882392e-08,3.897520857046851e-07,astrocyte_vs_microglial cell,astrocyte,microglial cell
Gpr183,5.3954744,27.535475,6.83428080748254e-08,5.533830613346187e-07,astrocyte_vs_microglial cell,astrocyte,microglial cell
Gpr84,5.3954744,27.514105,6.83428080748254e-08,5.533830613346187e-07,astrocyte_vs_microglial cell,astrocyte,microglial cell
Tbxas1,5.37325,8.192134,7.732999072180009e-08,6.211244234682737e-07,astrocyte_vs_microglial cell,astrocyte,microglial cell
Tmem173,5.3208957,6.325111,1.032575572559568e-07,8.227693805255523e-07,astrocyte_vs_microglial cell,astrocyte,microglial cell
Prkcd,5.225235,2.0526094,1.7393400212778663e-07,1.3695590718723356e-06,astrocyte_vs_microglial cell,astrocyte,microglial cell
Blnk,5.116398,27.412062,3.114256368561572e-07,2.4235458121101726e-06,astrocyte_vs_microglial cell,astrocyte,microglial cell
Atp6v1f,5.030488,0.8870398,4.892335151316952e-07,3.7778649817119322e-06,astrocyte_vs_microglial cell,astrocyte,microglial cell
Sox4,4.951605,1.9317435,7.360386556765269e-07,5.618615692187228e-06,astrocyte_vs_microglial cell,astrocyte,microglial cell
Fermt3,4.904873,7.717988,9.348793004535778e-07,7.109348292422644e-06,astrocyte_vs_microglial cell,astrocyte,microglial cell
H2-K1,4.7245317,1.400397,2.3064625568921277e-06,1.714842049733924e-05,astrocyte_vs_microglial cell,astrocyte,microglial cell
Maf,4.7149568,3.1922677,2.417620027633886e-06,1.7908296500991747e-05,astrocyte_vs_microglial cell,astrocyte,microglial cell
Cd86,4.5582457,27.165955,5.158273194192839e-06,3.751471413958428e-05,astrocyte_vs_microglial cell,astrocyte,microglial cell
Dusp1,4.2565937,2.1208403,2.075651328233359e-05,0.00014668913980447768,astrocyte_vs_microglial cell,astrocyte,microglial cell
Pde3b,4.0902195,5.6558948,4.309650235376619e-05,0.00029518152297100135,astrocyte_vs_microglial cell,astrocyte,microglial cell
Cd34,3.8479495,4.8042817,0.00011911064759361067,0.0007917166306117012,astrocyte_vs_microglial cell,astrocyte,microglial cell
C3ar1,3.7931356,8.150889,0.00014875689673434983,0.0009754550605531137,astrocyte_vs_microglial cell,astrocyte,microglial cell
Lyz2,3.7913787,7.726741,0.00014981331403586412,0.0009791719871625106,astrocyte_vs_microglial cell,astrocyte,microglial cell
Entpd1,3.7836485,4.3399734,0.00015454601784400105,0.0010068144484951208,astrocyte_vs_microglial cell,astrocyte,microglial cell
Slamf8,3.7210166,26.988136,0.0001984223158364064,0.0012760277545749608,astrocyte_vs_microglial cell,astrocyte,microglial cell
Lgals9,3.603044,7.238959,0.0003145123189248805,0.0019905842969929147,astrocyte_vs_microglial cell,astrocyte,microglial cell
Cdkn1a,3.5977733,1.8139985,0.0003209530589360595,0.002018572697711066,astrocyte_vs_microglial cell,astrocyte,microglial cell
Isyna1,3.5286412,4.434412,0.0004176990611377083,0.002586371895589525,astrocyte_vs_microglial cell,astrocyte,microglial cell
Gimap6,3.5079982,6.8172994,0.00045149218073455434,0.002779330979424194,astrocyte_vs_microglial cell,astrocyte,microglial cell
Srgn,3.4665363,6.052371,0.0005272103416301578,0.0032245280833648796,astrocyte_vs_microglial cell,astrocyte,microglial cell
Bsg,3.4379876,0.4528871,0.000586054697897098,0.003551846653921806,astrocyte_vs_microglial cell,astrocyte,microglial cell
Ccl2,3.4189258,7.8497553,0.0006286890026140102,0.00378728314827717,astrocyte_vs_microglial cell,astrocyte,microglial cell
Frmd4b,3.362355,3.1669931,0.0007728071192605023,0.004600042376550609,astrocyte_vs_microglial cell,astrocyte,microglial cell
Frmd4a,3.2715256,0.782907,0.001069688992317847,0.0063108495121996875,astrocyte_vs_microglial cell,astrocyte,microglial cell
Ubash3b,3.1890414,3.410909,0.0014274547332522236,0.00832335121429868,astrocyte_vs_microglial cell,astrocyte,microglial cell
Hspa1a,3.112179,4.653552,0.0018571188430291396,0.010797202575750812,astrocyte_vs_microglial cell,astrocyte,microglial cell
Dusp2,2.9768133,26.601753,0.002912612634642178,0.016739153072656197,astrocyte_vs_microglial cell,astrocyte,microglial cell
H2-DMa,2.9639883,3.9490464,0.003036798082880425,0.0172545345618206,astrocyte_vs_microglial cell,astrocyte,microglial cell
Fli1,2.8837879,26.411798,0.003929232475657254,0.022074339750883454,astrocyte_vs_microglial cell,astrocyte,microglial cell
Aim2,2.7907624,26.441605,0.0052584037541998415,0.02913243077119026,astrocyte_vs_microglial cell,astrocyte,microglial cell
Cd164,2.7830324,1.3205245,0.005385343346235463,0.029753278155997032,astrocyte_vs_microglial cell,astrocyte,microglial cell
Ankrd44,2.733489,3.5917344,0.006266720044271179,0.03433819202340372,astrocyte_vs_microglial cell,astrocyte,microglial cell
Eng,2.6981764,5.181994,0.0069720502178854706,0.03783877978676748,astrocyte_vs_microglial cell,astrocyte,microglial cell
Tnfaip3,2.6977372,26.340569,0.0069812548706586,0.03783877978676748,astrocyte_vs_microglial cell,astrocyte,microglial cell
Ptpro,2.582751,2.7628026,0.009801603149484495,0.05169255049185518,astrocyte_vs_microglial cell,astrocyte,microglial cell
Pmaip1,2.5546412,5.808568,0.010629726066639752,0.0557990869639882,astrocyte_vs_microglial cell,astrocyte,microglial cell
Nr4a1,2.5480533,3.5357285,0.010832596603358094,0.05656708409064279,astrocyte_vs_microglial cell,astrocyte,microglial cell
Slc11a1,2.5116863,26.14739,0.012015585513146708,0.06225691975723683,astrocyte_vs_microglial cell,astrocyte,microglial cell
Stab1,2.4186609,26.260021,0.01557775646315602,0.07847736253479103,astrocyte_vs_microglial cell,astrocyte,microglial cell
Adap2,2.4186609,26.19742,0.01557775646315602,0.07847736253479103,astrocyte_vs_microglial cell,astrocyte,microglial cell
Adamts1,2.405748,1.944063,0.016139394362966623,0.08110248423601318,astrocyte_vs_microglial cell,astrocyte,microglial cell
Csmd3,2.390112,3.7353303,0.016843236569177657,0.08442725097332159,astrocyte_vs_microglial cell,astrocyte,microglial cell
Igfbp4,2.34215,2.4071426,0.019173014477072606,0.09515143661078215,astrocyte_vs_microglial cell,astrocyte,microglial cell
Rrad,2.2745988,4.189181,0.022930006435390962,0.11185368992873641,astrocyte_vs_microglial cell,astrocyte,microglial cell
Cd74,2.23261,26.09328,0.025574672817224843,0.12354914404456446,astrocyte_vs_microglial cell,astrocyte,microglial cell
Fcgrt,2.170066,1.1146679,0.030001845068590223,0.1421888391876314,astrocyte_vs_microglial cell,astrocyte,microglial cell
Il16,2.165059,5.421802,0.030383168484507842,0.14365564295275576,astrocyte_vs_microglial cell,astrocyte,microglial cell
March1,2.113671,4.4201207,0.034543376575904484,0.16141764755095553,astrocyte_vs_microglial cell,astrocyte,microglial cell
Ccr1,2.046559,25.933538,0.04070138583390321,0.18670360474267528,astrocyte_vs_microglial cell,astrocyte,microglial cell
Pcp4,2.015902,0.7231891,0.04381021582182419,0.20050442023718165,astrocyte_vs_microglial cell,astrocyte,microglial cell
Ccnd1,2.005273,2.2176647,0.04493385724686442,0.20483836920167672,astrocyte_vs_microglial cell,astrocyte,microglial cell
Slc29a3,1.9918332,0.8129786,0.046389364073238674,0.2108607457874485,astrocyte_vs_microglial cell,astrocyte,microglial cell
Fchsd2,1.8372301,1.220887,0.06617594361854544,0.29088326865294695,astrocyte_vs_microglial cell,astrocyte,microglial cell
Cd2ap,1.7937479,2.32031,0.07285341634685388,0.3153827547482852,astrocyte_vs_microglial cell,astrocyte,microglial cell
Cnn2,1.7897949,4.9794445,0.07348687696273362,0.31743791344593353,astrocyte_vs_microglial cell,astrocyte,microglial cell
Dock2,1.7674829,25.630432,0.07714738498582122,0.3313570729873896,astrocyte_vs_microglial cell,astrocyte,microglial cell
Sarnp,1.6979994,0.53984165,0.08950788310439296,0.37767039284553994,astrocyte_vs_microglial cell,astrocyte,microglial cell
Pdlim2,1.5643907,2.300161,0.11772586372923059,0.478560421663539,astrocyte_vs_microglial cell,astrocyte,microglial cell
Tgm2,1.5568361,5.9835954,0.11950939403247926,0.48482512792080834,astrocyte_vs_microglial cell,astrocyte,microglial cell
Ttc28,1.55464,1.1679395,0.12003181406437043,0.48595876139421224,astrocyte_vs_microglial cell,astrocyte,microglial cell
Suclg2,1.5209963,1.3896433,0.12826076069189926,0.5138371047896105,astrocyte_vs_microglial cell,astrocyte,microglial cell
Nupr1,1.5202057,0.8507463,0.12845927619740263,0.5138371047896105,astrocyte_vs_microglial cell,astrocyte,microglial cell
Cxcl2,1.4884067,26.320782,0.1366436761573792,0.5411630738906107,astrocyte_vs_microglial cell,astrocyte,microglial cell
Tagln2,1.4848051,4.1077437,0.13759545291236192,0.5420810321736325,astrocyte_vs_microglial cell,astrocyte,microglial cell
Mertk,1.4299912,0.39315596,0.15271952035542388,0.5851322618981758,astrocyte_vs_microglial cell,astrocyte,microglial cell
Prorsd1,1.4013546,1.5222702,0.16110807166913332,0.6071067850003244,astrocyte_vs_microglial cell,astrocyte,microglial cell
Galk1,1.4012667,2.139685,0.1611343283530573,0.6071067850003244,astrocyte_vs_microglial cell,astrocyte,microglial cell
C5ar1,1.3953812,25.369408,0.16290089880282366,0.6112604082657548,astrocyte_vs_microglial cell,astrocyte,microglial cell
Fcgr2b,1.3953812,25.095205,0.16290089880282366,0.6112604082657548,astrocyte_vs_microglial cell,astrocyte,microglial cell
Maml3,1.3912526,3.9765403,0.16414882516109863,0.6147896073449387,astrocyte_vs_microglial cell,astrocyte,microglial cell
Slc6a6,1.3175527,1.3735805,0.18765345143173995,0.6795260257172748,astrocyte_vs_microglial cell,astrocyte,microglial cell
Klf4,1.31685,2.685087,0.18788894611082652,0.6795260257172748,astrocyte_vs_microglial cell,astrocyte,microglial cell
Pkib,1.3077142,2.1127958,0.19097024849302224,0.689423279758203,astrocyte_vs_microglial cell,astrocyte,microglial cell
Csf2rb,1.3023559,25.213184,0.19279476957599173,0.6922612911166668,astrocyte_vs_microglial cell,astrocyte,microglial cell
H2-Ab1,1.3023559,25.285439,0.19279476957599173,0.6922612911166668,astrocyte_vs_microglial cell,astrocyte,microglial cell
Sirt2,1.224088,0.23321751,0.2209190322629977,0.7806326228374477,astrocyte_vs_microglial cell,astrocyte,microglial cell
Hba-a1,1.1919376,1.0323858,0.23328572426763672,0.8156843505861424,astrocyte_vs_microglial cell,astrocyte,microglial cell
Slc26a2,1.1712946,2.1471298,0.24148040588762076,0.8428635458555699,astrocyte_vs_microglial cell,astrocyte,microglial cell
Slc46a1,1.1513542,1.1165546,0.24958652875111687,0.8621296329917681,astrocyte_vs_microglial cell,astrocyte,microglial cell
Tpm4,1.1421307,1.1223977,0.25339967007767505,0.8722880209214288,astrocyte_vs_microglial cell,astrocyte,microglial cell
Chmp1a,1.1366845,0.46553698,0.2556701947390281,0.8785917344983784,astrocyte_vs_microglial cell,astrocyte,microglial cell
Mag,1.1163929,1.7385741,0.26425401174687146,0.903432518792723,astrocyte_vs_microglial cell,astrocyte,microglial cell
Acvrl1,1.0232795,24.855003,0.3061756700146502,1.0,astrocyte_vs_microglial cell,astrocyte,microglial cell
Cdk6,1.019678,3.5240498,0.30788117912946333,1.0,astrocyte_vs_microglial cell,astrocyte,microglial cell
Zfp36l1,0.9914805,0.2911503,0.3214509922760951,1.0,astrocyte_vs_microglial cell,astrocyte,microglial cell
Spp1,0.9733849,3.910545,0.3303620212080244,1.0,astrocyte_vs_microglial cell,astrocyte,microglial cell
Maml2,0.9466808,0.80879855,0.34380147778532577,1.0,astrocyte_vs_microglial cell,astrocyte,microglial cell
A930011G23Rik,0.90680015,5.603379,0.3645124777710498,1.0,astrocyte_vs_microglial cell,astrocyte,microglial cell
Nagk,0.8930089,0.9898299,0.3718524223139338,1.0,astrocyte_vs_microglial cell,astrocyte,microglial cell
Tmem100,0.8657776,0.2094918,0.38661211666726203,1.0,astrocyte_vs_microglial cell,astrocyte,microglial cell
Chn2,0.8558514,2.7903323,0.3920799749375925,1.0,astrocyte_vs_microglial cell,astrocyte,microglial cell
Ch25h,0.8372288,24.65862,0.4024639959893287,1.0,astrocyte_vs_microglial cell,astrocyte,microglial cell
Gimap5,0.8372288,24.366663,0.4024639959893287,1.0,astrocyte_vs_microglial cell,astrocyte,microglial cell
Lsp1,0.8077136,2.79373,0.41925546659347124,1.0,astrocyte_vs_microglial cell,astrocyte,microglial cell
Edn1,0.801916,1.8394544,0.42260155451865544,1.0,astrocyte_vs_microglial cell,astrocyte,microglial cell
Tec,0.7899694,4.5789623,0.4295456476424261,1.0,astrocyte_vs_microglial cell,astrocyte,microglial cell
Ptprj,0.7880368,1.0640033,0.4306751537902279,1.0,astrocyte_vs_microglial cell,astrocyte,microglial cell
Cxcl10,0.7623868,2.1999195,0.4458291951013771,1.0,astrocyte_vs_microglial cell,astrocyte,microglial cell
Mrps30,0.76089346,1.058589,0.44672070970222877,1.0,astrocyte_vs_microglial cell,astrocyte,microglial cell
Cck,0.74112886,1.0719922,0.45861532137108807,1.0,astrocyte_vs_microglial cell,astrocyte,microglial cell
Ppm1h,0.73928416,2.545717,0.45973447264645817,1.0,astrocyte_vs_microglial cell,astrocyte,microglial cell
Tbc1d9,0.73023635,1.8044357,0.4652457265730273,1.0,astrocyte_vs_microglial cell,astrocyte,microglial cell
Rbm43,0.7292701,1.4690422,0.4658364699585156,1.0,astrocyte_vs_microglial cell,astrocyte,microglial cell
Exosc3,0.7274254,0.5342245,0.46696540892615934,1.0,astrocyte_vs_microglial cell,astrocyte,microglial cell
Cdkn1c,0.6715574,3.351737,0.5018654879635679,1.0,astrocyte_vs_microglial cell,astrocyte,microglial cell
Plxna4,0.6647057,1.4577547,0.5062387487868756,1.0,astrocyte_vs_microglial cell,astrocyte,microglial cell
Ccl24,0.65117794,23.645842,0.5149316403424598,1.0,astrocyte_vs_microglial cell,astrocyte,microglial cell
Ebf3,0.65117794,23.94515,0.5149316403424598,1.0,astrocyte_vs_microglial cell,astrocyte,microglial cell
Fam107b,0.6436235,0.7834914,0.5198196400124269,1.0,astrocyte_vs_microglial cell,astrocyte,microglial cell
Atp8a2,0.6267577,4.6709223,0.5308181064380697,1.0,astrocyte_vs_microglial cell,astrocyte,microglial cell
Sik2,0.62236553,2.2991176,0.5337015492248277,1.0,astrocyte_vs_microglial cell,astrocyte,microglial cell
1110008F13Rik,0.60954046,0.057724245,0.5421662475991069,1.0,astrocyte_vs_microglial cell,astrocyte,microglial cell
Ppm1l,0.6067295,0.99775857,0.5440304301934049,1.0,astrocyte_vs_microglial cell,astrocyte,microglial cell
Etv6,0.5832755,1.0313092,0.5597078416979675,1.0,astrocyte_vs_microglial cell,astrocyte,microglial cell
Tuba1c,0.5581525,23.62525,0.5767402500147432,1.0,astrocyte_vs_microglial cell,astrocyte,microglial cell
Dusp5,0.5581525,23.768103,0.5767402500147432,1.0,astrocyte_vs_microglial cell,astrocyte,microglial cell
Rab18,0.5538482,0.106460206,0.5796827296198805,1.0,astrocyte_vs_microglial cell,astrocyte,microglial cell
Npepl1,0.55261844,0.35721764,0.5805247296742448,1.0,astrocyte_vs_microglial cell,astrocyte,microglial cell
Hmgb2,0.54444903,0.49746516,0.5861325044439466,1.0,astrocyte_vs_microglial cell,astrocyte,microglial cell
Snx29,0.5279346,0.79467887,0.5975447173617,1.0,astrocyte_vs_microglial cell,astrocyte,microglial cell
Abcg2,0.4855066,2.653904,0.6273170368540014,1.0,astrocyte_vs_microglial cell,astrocyte,microglial cell
Gab2,0.47742507,1.360552,0.6330594692208176,1.0,astrocyte_vs_microglial cell,astrocyte,microglial cell
Col15a1,0.46512708,23.537865,0.6418404491808087,1.0,astrocyte_vs_microglial cell,astrocyte,microglial cell
Ccl7,0.46512708,24.993727,0.6418404491808087,1.0,astrocyte_vs_microglial cell,astrocyte,microglial cell
Perp,0.4606471,2.1911821,0.6450518068777973,1.0,astrocyte_vs_microglial cell,astrocyte,microglial cell
Actg1,0.46012005,2.0636878,0.6454300507989651,1.0,astrocyte_vs_microglial cell,astrocyte,microglial cell
Ifi27l2a,0.45994437,1.7944033,0.6455561524964949,1.0,astrocyte_vs_microglial cell,astrocyte,microglial cell
Cldn5,0.45792398,2.167697,0.6470070536605552,1.0,astrocyte_vs_microglial cell,astrocyte,microglial cell
Fam19a2,0.4408825,4.2953305,0.6592980615370063,1.0,astrocyte_vs_microglial cell,astrocyte,microglial cell
Tmem204,0.4088199,1.2280585,0.6826718218720704,1.0,astrocyte_vs_microglial cell,astrocyte,microglial cell
Msra,0.40249524,0.7593372,0.687319588242908,1.0,astrocyte_vs_microglial cell,astrocyte,microglial cell
Rreb1,0.39731252,0.3838395,0.6911370128520318,1.0,astrocyte_vs_microglial cell,astrocyte,microglial cell
Gbp7,0.39292037,0.57399,0.6943782817345101,1.0,astrocyte_vs_microglial cell,astrocyte,microglial cell
Gad2,0.37623027,0.6436479,0.7067457086213229,1.0,astrocyte_vs_microglial cell,astrocyte,microglial cell
Filip1l,0.37210166,23.42063,0.7098171531048987,1.0,astrocyte_vs_microglial cell,astrocyte,microglial cell
Sp100,0.37210166,23.171797,0.7098171531048987,1.0,astrocyte_vs_microglial cell,astrocyte,microglial cell
Plac8,0.37210166,24.002773,0.7098171531048987,1.0,astrocyte_vs_microglial cell,astrocyte,microglial cell
Dusp27,0.37210166,23.23029,0.7098171531048987,1.0,astrocyte_vs_microglial cell,astrocyte,microglial cell
Zswim6,0.37060833,0.585056,0.7109292663802811,1.0,astrocyte_vs_microglial cell,astrocyte,microglial cell
Arhgap11a,0.36885148,2.3997667,0.7122384229898469,1.0,astrocyte_vs_microglial cell,astrocyte,microglial cell
Pecam1,0.36349308,1.3067331,0.716236577250154,1.0,astrocyte_vs_microglial cell,astrocyte,microglial cell
Kdr,0.34372848,1.6315045,0.7310504921050704,1.0,astrocyte_vs_microglial cell,astrocyte,microglial cell
Usp3,0.3302007,0.719027,0.7412483158497997,1.0,astrocyte_vs_microglial cell,astrocyte,microglial cell
Disc1,0.32449093,3.7215047,0.7455663898922984,1.0,astrocyte_vs_microglial cell,astrocyte,microglial cell
Ly6g6e,0.32413957,3.11725,0.7458323803702651,1.0,astrocyte_vs_microglial cell,astrocyte,microglial cell
Svil,0.32001096,1.4321455,0.7489600299654875,1.0,astrocyte_vs_microglial cell,astrocyte,microglial cell
Msh5,0.29998282,2.4013886,0.7641902642782413,1.0,astrocyte_vs_microglial cell,astrocyte,microglial cell
Gjb1,0.29453656,1.257372,0.7683479252928648,1.0,astrocyte_vs_microglial cell,astrocyte,microglial cell
Cenpe,0.27907625,23.48974,0.7801863072410135,1.0,astrocyte_vs_microglial cell,astrocyte,microglial cell
Ccl5,0.27907625,22.837019,0.7801863072410135,1.0,astrocyte_vs_microglial cell,astrocyte,microglial cell
Plau,0.27907625,22.620808,0.7801863072410135,1.0,astrocyte_vs_microglial cell,astrocyte,microglial cell
Folr2,0.27907625,22.980654,0.7801863072410135,1.0,astrocyte_vs_microglial cell,astrocyte,microglial cell
1700011I03Rik,0.27907625,23.016493,0.7801863072410135,1.0,astrocyte_vs_microglial cell,astrocyte,microglial cell
9930111J21Rik2,0.27907625,23.103884,0.7801863072410135,1.0,astrocyte_vs_microglial cell,astrocyte,microglial cell
Il2rg,0.27907625,22.746399,0.7801863072410135,1.0,astrocyte_vs_microglial cell,astrocyte,microglial cell
Zfp536,0.27565038,1.8822896,0.782816604991173,1.0,astrocyte_vs_microglial cell,astrocyte,microglial cell
Iqcg,0.27081904,1.0862801,0.7865302160880325,1.0,astrocyte_vs_microglial cell,astrocyte,microglial cell
Inpp4b,0.26923788,0.7355279,0.7877466396438579,1.0,astrocyte_vs_microglial cell,astrocyte,microglial cell
Calb2,0.26133204,0.46426672,0.7938364702176934,1.0,astrocyte_vs_microglial cell,astrocyte,microglial cell
Pdzrn4,0.25518304,4.5642,0.7985817308516397,1.0,astrocyte_vs_microglial cell,astrocyte,microglial cell
Fxyd5,0.254656,2.6806095,0.7989888165900028,1.0,astrocyte_vs_microglial cell,astrocyte,microglial cell
4933406I18Rik,0.254656,3.2502892,0.7989888165900028,1.0,astrocyte_vs_microglial cell,astrocyte,microglial cell
Pbx3,0.24657446,0.89575845,0.8052375769177273,1.0,astrocyte_vs_microglial cell,astrocyte,microglial cell
Flna,0.23831724,0.53570163,0.8116350506145562,1.0,astrocyte_vs_microglial cell,astrocyte,microglial cell
Smc4,0.23497921,0.51123804,0.8142248634088557,1.0,astrocyte_vs_microglial cell,astrocyte,microglial cell
Foxj2,0.23234394,0.3190456,0.8162708892659898,1.0,astrocyte_vs_microglial cell,astrocyte,microglial cell
1700112E06Rik,0.23111413,2.7501357,0.8172261310057171,1.0,astrocyte_vs_microglial cell,astrocyte,microglial cell
Lrfn5,0.23111413,2.7232628,0.8172261310057171,1.0,astrocyte_vs_microglial cell,astrocyte,microglial cell
Ebf1,0.23093845,2.832385,0.817362616309894,1.0,astrocyte_vs_microglial cell,astrocyte,microglial cell
Flt1,0.2304114,2.0457687,0.8177721054324566,1.0,astrocyte_vs_microglial cell,astrocyte,microglial cell
Cdh23,0.2304114,2.0225997,0.8177721054324566,1.0,astrocyte_vs_microglial cell,astrocyte,microglial cell
Thada,0.22874239,1.7853509,0.8190691485621229,1.0,astrocyte_vs_microglial cell,astrocyte,microglial cell
Mog,0.22830318,0.1323671,0.8194105581578763,1.0,astrocyte_vs_microglial cell,astrocyte,microglial cell
Fhit,0.22777611,0.31345654,0.8198202948590237,1.0,astrocyte_vs_microglial cell,astrocyte,microglial cell
Dock11,0.22663416,1.2352177,0.8207082263239925,1.0,astrocyte_vs_microglial cell,astrocyte,microglial cell
Pid1,0.22496516,0.0852072,0.8220063854322717,1.0,astrocyte_vs_microglial cell,astrocyte,microglial cell
Tmeff2,0.22268124,0.7577632,0.8237836030119883,1.0,astrocyte_vs_microglial cell,astrocyte,microglial cell
Trim41,0.20678172,0.28100872,0.8361803394080858,1.0,astrocyte_vs_microglial cell,astrocyte,microglial cell
Cenpa,0.20669387,2.1646233,0.8362489458259558,1.0,astrocyte_vs_microglial cell,astrocyte,microglial cell
Opalin,0.20353153,1.2646642,0.8387196025438276,1.0,astrocyte_vs_microglial cell,astrocyte,microglial cell
Rgs9,0.19878803,0.84619963,0.8424285627973971,1.0,astrocyte_vs_microglial cell,astrocyte,microglial cell
Gtdc1,0.19597706,0.65395474,0.8446281214238025,1.0,astrocyte_vs_microglial cell,astrocyte,microglial cell
Crip1,0.19386883,0.0898768,0.8462785867071874,1.0,astrocyte_vs_microglial cell,astrocyte,microglial cell
Tfec,0.18605083,22.150793,0.8524048966947452,1.0,astrocyte_vs_microglial cell,astrocyte,microglial cell
Tmem72,0.18605083,22.161238,0.8524048966947452,1.0,astrocyte_vs_microglial cell,astrocyte,microglial cell
Itpripl1,0.18605083,22.323555,0.8524048966947452,1.0,astrocyte_vs_microglial cell,astrocyte,microglial cell
Lox,0.18605083,21.770529,0.8524048966947452,1.0,astrocyte_vs_microglial cell,astrocyte,microglial cell
Slc8a1,0.18605083,22.082333,0.8524048966947452,1.0,astrocyte_vs_microglial cell,astrocyte,microglial cell
Naalad2,0.18605083,22.659075,0.8524048966947452,1.0,astrocyte_vs_microglial cell,astrocyte,microglial cell
AW112010,0.18605083,21.992357,0.8524048966947452,1.0,astrocyte_vs_microglial cell,astrocyte,microglial cell
Hmga2,0.18605083,22.301514,0.8524048966947452,1.0,astrocyte_vs_microglial cell,astrocyte,microglial cell
Etl4,0.18605083,22.657166,0.8524048966947452,1.0,astrocyte_vs_microglial cell,astrocyte,microglial cell
Cd300ld,0.18605083,22.352184,0.8524048966947452,1.0,astrocyte_vs_microglial cell,astrocyte,microglial cell
Gm9999,0.18605083,22.356709,0.8524048966947452,1.0,astrocyte_vs_microglial cell,astrocyte,microglial cell
Parp8,0.18490888,0.2524362,0.8533005059858593,1.0,astrocyte_vs_microglial cell,astrocyte,microglial cell
Car4,0.1822736,1.2914797,0.8553680166255925,1.0,astrocyte_vs_microglial cell,astrocyte,microglial cell
Tac1,0.1791991,1.1008122,0.8577813668812336,1.0,astrocyte_vs_microglial cell,astrocyte,microglial cell
Cdyl,0.17612462,0.86332893,0.8601960471294101,1.0,astrocyte_vs_microglial cell,astrocyte,microglial cell
Cacna1d,0.17217168,0.40969315,0.8633025547173377,1.0,astrocyte_vs_microglial cell,astrocyte,microglial cell
Xist,0.16435368,-0.06754412,0.8694527189906505,1.0,astrocyte_vs_microglial cell,astrocyte,microglial cell
Cntn5,0.16206978,4.146213,0.8712509049477764,1.0,astrocyte_vs_microglial cell,astrocyte,microglial cell
Mid1,0.1618941,2.7711623,0.871389254635375,1.0,astrocyte_vs_microglial cell,astrocyte,microglial cell
Ccnb1,0.16171841,1.6460391,0.8715276082580306,1.0,astrocyte_vs_microglial cell,astrocyte,microglial cell
Cdca2,0.16171841,2.4167988,0.8715276082580306,1.0,astrocyte_vs_microglial cell,astrocyte,microglial cell
Slfn5,0.16171841,2.445325,0.8715276082580306,1.0,astrocyte_vs_microglial cell,astrocyte,microglial cell
Dph2,0.1582047,1.2117221,0.8742955006663382,1.0,astrocyte_vs_microglial cell,astrocyte,microglial cell
Calb1,0.15363687,0.69681025,0.8778960567012468,1.0,astrocyte_vs_microglial cell,astrocyte,microglial cell
Gmds,0.15240708,0.6580423,0.8788658721044753,1.0,astrocyte_vs_microglial cell,astrocyte,microglial cell
Plcl1,0.14836632,0.23518914,0.8820536806853634,1.0,astrocyte_vs_microglial cell,astrocyte,microglial cell
Slc10a7,0.14292008,0.05364989,0.8863533076608184,1.0,astrocyte_vs_microglial cell,astrocyte,microglial cell
Trhde,0.13808872,2.9432135,0.8901702991835753,1.0,astrocyte_vs_microglial cell,astrocyte,microglial cell
Slco1a4,0.13808872,2.2944684,0.8901702991835753,1.0,astrocyte_vs_microglial cell,astrocyte,microglial cell
H2-Q7,0.13791303,2.1340203,0.8903091474044806,1.0,astrocyte_vs_microglial cell,astrocyte,microglial cell
Mis18bp1,0.13791303,2.0909069,0.8903091474044806,1.0,astrocyte_vs_microglial cell,astrocyte,microglial cell
Nell1,0.13756166,1.7964547,0.8905868539347976,1.0,astrocyte_vs_microglial cell,astrocyte,microglial cell
Ptprb,0.13738598,1.6975175,0.8907257122358004,1.0,astrocyte_vs_microglial cell,astrocyte,microglial cell
Tpk1,0.1341358,0.8363324,0.8932951909273446,1.0,astrocyte_vs_microglial cell,astrocyte,microglial cell
Ccdc162,0.13396011,0.7748384,0.8934341138261576,1.0,astrocyte_vs_microglial cell,astrocyte,microglial cell
Nos1,0.13360874,0.53693473,0.8937119694282706,1.0,astrocyte_vs_microglial cell,astrocyte,microglial cell
Ddi2,0.1310613,-0.25474328,0.895726810558106,1.0,astrocyte_vs_microglial cell,astrocyte,microglial cell
Arhgap29,0.13000719,0.5608264,0.8965607354592539,1.0,astrocyte_vs_microglial cell,astrocyte,microglial cell
Slc7a1,0.12948014,0.35542578,0.8969777408257884,1.0,astrocyte_vs_microglial cell,astrocyte,microglial cell
Mrc2,0.11410767,1.5509236,0.9091524460862722,1.0,astrocyte_vs_microglial cell,astrocyte,microglial cell
Rasd2,0.11375629,1.45982,0.9094309857450683,1.0,astrocyte_vs_microglial cell,astrocyte,microglial cell
Nid2,0.11340492,1.1289276,0.909709536537495,1.0,astrocyte_vs_microglial cell,astrocyte,microglial cell
Pms1,0.11340492,1.0678617,0.909709536537495,1.0,astrocyte_vs_microglial cell,astrocyte,microglial cell
Neu4,0.11322924,1.1116287,0.9098488160982117,1.0,astrocyte_vs_microglial cell,astrocyte,microglial cell
Ly6a,0.11322924,1.0392407,0.9098488160982117,1.0,astrocyte_vs_microglial cell,astrocyte,microglial cell
Egfl7,0.11094533,1.2849529,0.911659700974109,1.0,astrocyte_vs_microglial cell,astrocyte,microglial cell
Gbp3,0.10936416,0.28772563,0.9129136598970368,1.0,astrocyte_vs_microglial cell,astrocyte,microglial cell
Nhs,0.10936416,0.6757423,0.9129136598970368,1.0,astrocyte_vs_microglial cell,astrocyte,microglial cell
Cnnm4,0.108485736,0.27795804,0.9136103976451793,1.0,astrocyte_vs_microglial cell,astrocyte,microglial cell
Rabgap1,0.09407953,-0.11411877,0.9250459810689609,1.0,astrocyte_vs_microglial cell,astrocyte,microglial cell
Paqr5,0.093025416,21.709352,0.9258833685585071,1.0,astrocyte_vs_microglial cell,astrocyte,microglial cell
Atp2a3,0.093025416,21.131317,0.9258833685585071,1.0,astrocyte_vs_microglial cell,astrocyte,microglial cell
Crtam,0.093025416,20.82168,0.9258833685585071,1.0,astrocyte_vs_microglial cell,astrocyte,microglial cell
Gprc5c,0.093025416,21.280643,0.9258833685585071,1.0,astrocyte_vs_microglial cell,astrocyte,microglial cell
Sox15,0.093025416,23.417631,0.9258833685585071,1.0,astrocyte_vs_microglial cell,astrocyte,microglial cell
Sox17,0.093025416,21.709352,0.9258833685585071,1.0,astrocyte_vs_microglial cell,astrocyte,microglial cell
Nostrin,0.093025416,20.719284,0.9258833685585071,1.0,astrocyte_vs_microglial cell,astrocyte,microglial cell
A3galt2,0.093025416,21.200855,0.9258833685585071,1.0,astrocyte_vs_microglial cell,astrocyte,microglial cell
Mrc1,0.093025416,21.641861,0.9258833685585071,1.0,astrocyte_vs_microglial cell,astrocyte,microglial cell
Zmat4,0.093025416,21.65732,0.9258833685585071,1.0,astrocyte_vs_microglial cell,astrocyte,microglial cell
Tac2,0.093025416,21.708452,0.9258833685585071,1.0,astrocyte_vs_microglial cell,astrocyte,microglial cell
H2-Aa,0.093025416,21.320063,0.9258833685585071,1.0,astrocyte_vs_microglial cell,astrocyte,microglial cell
Ndc80,0.093025416,21.411854,0.9258833685585071,1.0,astrocyte_vs_microglial cell,astrocyte,microglial cell
Ctsw,0.093025416,21.65732,0.9258833685585071,1.0,astrocyte_vs_microglial cell,astrocyte,microglial cell
Aurkb,0.093025416,20.798769,0.9258833685585071,1.0,astrocyte_vs_microglial cell,astrocyte,microglial cell
Pbk,0.093025416,21.533478,0.9258833685585071,1.0,astrocyte_vs_microglial cell,astrocyte,microglial cell
Slc18a2,0.093025416,21.125536,0.9258833685585071,1.0,astrocyte_vs_microglial cell,astrocyte,microglial cell
Cdca3,0.093025416,20.798769,0.9258833685585071,1.0,astrocyte_vs_microglial cell,astrocyte,microglial cell
Ace2,0.093025416,21.223616,0.9258833685585071,1.0,astrocyte_vs_microglial cell,astrocyte,microglial cell
Slc25a31,0.093025416,20.956512,0.9258833685585071,1.0,astrocyte_vs_microglial cell,astrocyte,microglial cell
Bmp4,0.093025416,21.712055,0.9258833685585071,1.0,astrocyte_vs_microglial cell,astrocyte,microglial cell
Slc38a5,0.093025416,21.709352,0.9258833685585071,1.0,astrocyte_vs_microglial cell,astrocyte,microglial cell
Ube2c,0.093025416,20.798769,0.9258833685585071,1.0,astrocyte_vs_microglial cell,astrocyte,microglial cell
Gnb5,0.093025416,21.253727,0.9258833685585071,1.0,astrocyte_vs_microglial cell,astrocyte,microglial cell
Cartpt,0.093025416,20.722721,0.9258833685585071,1.0,astrocyte_vs_microglial cell,astrocyte,microglial cell
Casc5,0.093025416,20.798769,0.9258833685585071,1.0,astrocyte_vs_microglial cell,astrocyte,microglial cell
Emcn,0.093025416,22.301167,0.9258833685585071,1.0,astrocyte_vs_microglial cell,astrocyte,microglial cell
Rassf9,0.093025416,21.709352,0.9258833685585071,1.0,astrocyte_vs_microglial cell,astrocyte,microglial cell
Kif15,0.093025416,21.188711,0.9258833685585071,1.0,astrocyte_vs_microglial cell,astrocyte,microglial cell
Sgcz,0.093025416,22.33438,0.9258833685585071,1.0,astrocyte_vs_microglial cell,astrocyte,microglial cell
Cgnl1,0.09012661,1.7866356,0.9281866047985046,1.0,astrocyte_vs_microglial cell,astrocyte,microglial cell
Rbpms,0.089775234,1.1968464,0.9284658262260994,1.0,astrocyte_vs_microglial cell,astrocyte,microglial cell
Dscaml1,0.089775234,1.3882489,0.9284658262260994,1.0,astrocyte_vs_microglial cell,astrocyte,microglial cell
Col25a1,0.08959955,1.2125629,0.9286054402450379,1.0,astrocyte_vs_microglial cell,astrocyte,microglial cell
Lims2,0.089423865,0.76804215,0.9287450564617045,1.0,astrocyte_vs_microglial cell,astrocyte,microglial cell
Racgap1,0.085998,0.46393687,0.9314680058329102,1.0,astrocyte_vs_microglial cell,astrocyte,microglial cell
Ppp1r14a,0.07905843,-0.36839578,0.9369861492710644,1.0,astrocyte_vs_microglial cell,astrocyte,microglial cell
Arl15,0.07861921,0.23662585,0.9373355035269234,1.0,astrocyte_vs_microglial cell,astrocyte,microglial cell
Megf11,0.06895652,2.1475835,0.9450242305692266,1.0,astrocyte_vs_microglial cell,astrocyte,microglial cell
Zfp804a,0.06895652,2.1488588,0.9450242305692266,1.0,astrocyte_vs_microglial cell,astrocyte,microglial cell
2610020C07Rik,0.06895652,2.055394,0.9450242305692266,1.0,astrocyte_vs_microglial cell,astrocyte,microglial cell
Sema3c,0.06895652,2.1260233,0.9450242305692266,1.0,astrocyte_vs_microglial cell,astrocyte,microglial cell
Clec14a,0.06895652,3.1687436,0.9450242305692266,1.0,astrocyte_vs_microglial cell,astrocyte,microglial cell
Dcx,0.06895652,2.8227499,0.9450242305692266,1.0,astrocyte_vs_microglial cell,astrocyte,microglial cell
Crhbp,0.06895652,2.5727036,0.9450242305692266,1.0,astrocyte_vs_microglial cell,astrocyte,microglial cell
Igf1,0.06895652,2.8186877,0.9450242305692266,1.0,astrocyte_vs_microglial cell,astrocyte,microglial cell
Cenpf,0.06895652,2.1739256,0.9450242305692266,1.0,astrocyte_vs_microglial cell,astrocyte,microglial cell
Kcnq5,0.06895652,2.258495,0.9450242305692266,1.0,astrocyte_vs_microglial cell,astrocyte,microglial cell
Gpr88,0.06895652,2.8450925,0.9450242305692266,1.0,astrocyte_vs_microglial cell,astrocyte,microglial cell
Top2a,0.06895652,3.1189125,0.9450242305692266,1.0,astrocyte_vs_microglial cell,astrocyte,microglial cell
2810408A11Rik,0.06895652,2.2032573,0.9450242305692266,1.0,astrocyte_vs_microglial cell,astrocyte,microglial cell
Kif20b,0.06895652,2.343063,0.9450242305692266,1.0,astrocyte_vs_microglial cell,astrocyte,microglial cell
Cd93,0.06895652,2.0093074,0.9450242305692266,1.0,astrocyte_vs_microglial cell,astrocyte,microglial cell
Cxcl1,0.06895652,2.5113282,0.9450242305692266,1.0,astrocyte_vs_microglial cell,astrocyte,microglial cell
Cybb,0.06895652,2.1491637,0.9450242305692266,1.0,astrocyte_vs_microglial cell,astrocyte,microglial cell
Fstl4,0.06878083,1.3755891,0.945164075206782,1.0,astrocyte_vs_microglial cell,astrocyte,microglial cell
Gm10069,0.06878083,1.5144843,0.945164075206782,1.0,astrocyte_vs_microglial cell,astrocyte,microglial cell
Lsr,0.06878083,1.635903,0.945164075206782,1.0,astrocyte_vs_microglial cell,astrocyte,microglial cell
Adamts3,0.06878083,1.6020476,0.945164075206782,1.0,astrocyte_vs_microglial cell,astrocyte,microglial cell
Lck,0.06878083,1.508789,0.945164075206782,1.0,astrocyte_vs_microglial cell,astrocyte,microglial cell
Abcb1a,0.06878083,1.3078209,0.945164075206782,1.0,astrocyte_vs_microglial cell,astrocyte,microglial cell
Calca,0.06878083,1.6564502,0.945164075206782,1.0,astrocyte_vs_microglial cell,astrocyte,microglial cell
Gm16386,0.06878083,1.7455007,0.945164075206782,1.0,astrocyte_vs_microglial cell,astrocyte,microglial cell
Klhl1,0.06878083,1.3264242,0.945164075206782,1.0,astrocyte_vs_microglial cell,astrocyte,microglial cell
Dlgap5,0.06878083,1.449825,0.945164075206782,1.0,astrocyte_vs_microglial cell,astrocyte,microglial cell
Gal,0.06878083,1.0845661,0.945164075206782,1.0,astrocyte_vs_microglial cell,astrocyte,microglial cell
Sln,0.06878083,1.6522285,0.945164075206782,1.0,astrocyte_vs_microglial cell,astrocyte,microglial cell
Hcn1,0.06878083,1.1708574,0.945164075206782,1.0,astrocyte_vs_microglial cell,astrocyte,microglial cell
Ptprr,0.06579418,1.0433112,0.9475416890882431,1.0,astrocyte_vs_microglial cell,astrocyte,microglial cell
2210408I21Rik,0.064915754,0.48083502,0.9482410771587239,1.0,astrocyte_vs_microglial cell,astrocyte,microglial cell
Grik3,0.064915754,0.11673687,0.9482410771587239,1.0,astrocyte_vs_microglial cell,astrocyte,microglial cell
AW554918,0.06474007,0.12209811,0.9483809595759611,1.0,astrocyte_vs_microglial cell,astrocyte,microglial cell
Itm2a,0.062456157,1.3479505,0.9501995742172858,1.0,astrocyte_vs_microglial cell,astrocyte,microglial cell
Cadps,0.06157773,0.3220505,0.9508991109830844,1.0,astrocyte_vs_microglial cell,astrocyte,microglial cell
Eepd1,0.061402045,-0.03392144,0.9510390228942576,1.0,astrocyte_vs_microglial cell,astrocyte,microglial cell
Fgf13,0.05332052,0.26865688,0.9574765325763042,1.0,astrocyte_vs_microglial cell,astrocyte,microglial cell
Lmbr1l,0.051036607,0.07839367,0.9592963498258027,1.0,astrocyte_vs_microglial cell,astrocyte,microglial cell
Pde1b,0.047874272,0.09627156,0.9618164449945442,1.0,astrocyte_vs_microglial cell,astrocyte,microglial cell
Nxph1,0.044887617,1.9288092,0.9641968856534618,1.0,astrocyte_vs_microglial cell,astrocyte,microglial cell
Lrrc7,0.044887617,1.4513539,0.9641968856534618,1.0,astrocyte_vs_microglial cell,astrocyte,microglial cell
Spc25,0.044887617,1.2676705,0.9641968856534618,1.0,astrocyte_vs_microglial cell,astrocyte,microglial cell
Shox2,0.044887617,1.2849425,0.9641968856534618,1.0,astrocyte_vs_microglial cell,astrocyte,microglial cell
Palmd,0.044711933,0.89834934,0.9643369217206088,1.0,astrocyte_vs_microglial cell,astrocyte,microglial cell
Lingo2,0.044711933,1.2625794,0.9643369217206088,1.0,astrocyte_vs_microglial cell,astrocyte,microglial cell
Cpne9,0.044711933,0.7751029,0.9643369217206088,1.0,astrocyte_vs_microglial cell,astrocyte,microglial cell
Kcnc2,0.044711933,0.9166764,0.9643369217206088,1.0,astrocyte_vs_microglial cell,astrocyte,microglial cell
Ptpn22,0.044711933,0.9862664,0.9643369217206088,1.0,astrocyte_vs_microglial cell,astrocyte,microglial cell
Mgp,0.044711933,0.9569776,0.9643369217206088,1.0,astrocyte_vs_microglial cell,astrocyte,microglial cell
Fam189a1,0.044711933,0.9414401,0.9643369217206088,1.0,astrocyte_vs_microglial cell,astrocyte,microglial cell
Scml4,0.044711933,0.6077334,0.9643369217206088,1.0,astrocyte_vs_microglial cell,astrocyte,microglial cell
Pde7b,0.044711933,0.8696397,0.9643369217206088,1.0,astrocyte_vs_microglial cell,astrocyte,microglial cell
Ptprn2,0.044536248,0.5227301,0.9644769588877762,1.0,astrocyte_vs_microglial cell,astrocyte,microglial cell
Satb2,0.044536248,-0.016455445,0.9644769588877762,1.0,astrocyte_vs_microglial cell,astrocyte,microglial cell
Ankle1,0.044536248,0.7731265,0.9644769588877762,1.0,astrocyte_vs_microglial cell,astrocyte,microglial cell
Mtap7d3,0.044536248,0.5054009,0.9644769588877762,1.0,astrocyte_vs_microglial cell,astrocyte,microglial cell
Ptar1,0.04128607,0.4744677,0.967067839579112,1.0,astrocyte_vs_microglial cell,astrocyte,microglial cell
Sst,0.04111038,0.21150097,0.9672078973343546,1.0,astrocyte_vs_microglial cell,astrocyte,microglial cell
Srrm4,0.04111038,0.49350798,0.9672078973343546,1.0,astrocyte_vs_microglial cell,astrocyte,microglial cell
Scn4b,0.040407643,-0.021554036,0.9677681384278674,1.0,astrocyte_vs_microglial cell,astrocyte,microglial cell
S100a4,0.039265685,0.5620038,0.9686785640127942,1.0,astrocyte_vs_microglial cell,astrocyte,microglial cell
Bccip,0.038914315,-0.2000417,0.9689587032301672,1.0,astrocyte_vs_microglial cell,astrocyte,microglial cell
Prox1,0.038387258,0.37177113,0.9693789192275636,1.0,astrocyte_vs_microglial cell,astrocyte,microglial cell
Gpr158,0.038211573,0.25158253,0.9695189931217847,1.0,astrocyte_vs_microglial cell,astrocyte,microglial cell
Sag,0.03680609,0.22620636,0.9706396177654776,1.0,astrocyte_vs_microglial cell,astrocyte,microglial cell
Lipt2,0.035927664,-0.010200286,0.9713400377469149,1.0,astrocyte_vs_microglial cell,astrocyte,microglial cell
Lars2,0.03575198,-0.20513758,0.9714801244131333,1.0,astrocyte_vs_microglial cell,astrocyte,microglial cell
Sntg1,0.02081872,0.9282378,0.9833902649821342,1.0,astrocyte_vs_microglial cell,astrocyte,microglial cell
Mns1,0.02081872,0.9165251,0.9833902649821342,1.0,astrocyte_vs_microglial cell,astrocyte,microglial cell
Neurod6,0.020643035,-0.020183792,0.9835304115288303,1.0,astrocyte_vs_microglial cell,astrocyte,microglial cell
Sorcs3,0.020643035,0.06463649,0.9835304115288303,1.0,astrocyte_vs_microglial cell,astrocyte,microglial cell
Kit,0.020467348,0.24794123,0.9836705585837939,1.0,astrocyte_vs_microglial cell,astrocyte,microglial cell
Ccdc60,0.020467348,-0.090642326,0.9836705585837939,1.0,astrocyte_vs_microglial cell,astrocyte,microglial cell
Cacna1c,0.020467348,-0.1155469,0.9836705585837939,1.0,astrocyte_vs_microglial cell,astrocyte,microglial cell
2810417H13Rik,0.020467348,-0.103739165,0.9836705585837939,1.0,astrocyte_vs_microglial cell,astrocyte,microglial cell
Mmp28,0.020467348,-0.29186186,0.9836705585837939,1.0,astrocyte_vs_microglial cell,astrocyte,microglial cell
Adarb2,0.020467348,0.27182132,0.9836705585837939,1.0,astrocyte_vs_microglial cell,astrocyte,microglial cell
2610020H08Rik,0.020467348,0.1899614,0.9836705585837939,1.0,astrocyte_vs_microglial cell,astrocyte,microglial cell
Apold1,0.020467348,0.09450525,0.9836705585837939,1.0,astrocyte_vs_microglial cell,astrocyte,microglial cell
Dqx1,0.020291664,-0.72984284,0.9838107061427012,1.0,astrocyte_vs_microglial cell,astrocyte,microglial cell
Nts,0.020291664,-0.22698238,0.9838107061427012,1.0,astrocyte_vs_microglial cell,astrocyte,microglial cell
Asxl3,0.020291664,-0.01835405,0.9838107061427012,1.0,astrocyte_vs_microglial cell,astrocyte,microglial cell
Dcc,0.020291664,-0.17706515,0.9838107061427012,1.0,astrocyte_vs_microglial cell,astrocyte,microglial cell
Ston2,0.016953642,0.69205457,0.9864735997601737,1.0,astrocyte_vs_microglial cell,astrocyte,microglial cell
Mdga1,0.016953642,0.12907957,0.9864735997601737,1.0,astrocyte_vs_microglial cell,astrocyte,microglial cell
Immp2l,0.016426584,-0.026109766,0.9868940711843497,1.0,astrocyte_vs_microglial cell,astrocyte,microglial cell
Grm7,0.016075214,-0.31894797,0.9871743874967558,1.0,astrocyte_vs_microglial cell,astrocyte,microglial cell
Nefm,0.013264247,0.063560255,0.9894169720895136,1.0,astrocyte_vs_microglial cell,astrocyte,microglial cell
Zfp407,0.012561506,-0.18553498,0.9899776319949468,1.0,astrocyte_vs_microglial cell,astrocyte,microglial cell
Xrcc5,0.010101911,0.10232831,0.9919399788224664,1.0,astrocyte_vs_microglial cell,astrocyte,microglial cell
Lars,0.009047798,-0.13194071,0.9927810002238407,1.0,astrocyte_vs_microglial cell,astrocyte,microglial cell
Dph5,0.008959956,-0.33460194,0.9928510857155777,1.0,astrocyte_vs_microglial cell,astrocyte,microglial cell
Mal,0.00052705617,-0.3302397,0.9995794700231183,1.0,astrocyte_vs_microglial cell,astrocyte,microglial cell
Akap14,0.0,0.0,1.0,1.0,astrocyte_vs_microglial cell,astrocyte,microglial cell
Alb,0.0,0.0,1.0,1.0,astrocyte_vs_microglial cell,astrocyte,microglial cell
Aldh1a2,0.0,0.0,1.0,1.0,astrocyte_vs_microglial cell,astrocyte,microglial cell
Cd163l1,0.0,0.0,1.0,1.0,astrocyte_vs_microglial cell,astrocyte,microglial cell
Cd209a,0.0,0.0,1.0,1.0,astrocyte_vs_microglial cell,astrocyte,microglial cell
Rem1,0.0,0.0,1.0,1.0,astrocyte_vs_microglial cell,astrocyte,microglial cell
Rhbg,0.0,0.0,1.0,1.0,astrocyte_vs_microglial cell,astrocyte,microglial cell
Kctd16,0.0,0.0,1.0,1.0,astrocyte_vs_microglial cell,astrocyte,microglial cell
Gpc3,0.0,0.0,1.0,1.0,astrocyte_vs_microglial cell,astrocyte,microglial cell
Gpr137c,0.0,0.0,1.0,1.0,astrocyte_vs_microglial cell,astrocyte,microglial cell
Sele,0.0,0.0,1.0,1.0,astrocyte_vs_microglial cell,astrocyte,microglial cell
Sema3g,0.0,0.0,1.0,1.0,astrocyte_vs_microglial cell,astrocyte,microglial cell
F13a1,0.0,0.0,1.0,1.0,astrocyte_vs_microglial cell,astrocyte,microglial cell
Il13ra2,0.0,0.0,1.0,1.0,astrocyte_vs_microglial cell,astrocyte,microglial cell
Il17f,0.0,0.0,1.0,1.0,astrocyte_vs_microglial cell,astrocyte,microglial cell
Kif11,0.0,0.0,1.0,1.0,astrocyte_vs_microglial cell,astrocyte,microglial cell
Kcnmb1,0.0,0.0,1.0,1.0,astrocyte_vs_microglial cell,astrocyte,microglial cell
Il18r1,0.0,0.0,1.0,1.0,astrocyte_vs_microglial cell,astrocyte,microglial cell
Il1rapl2,0.0,0.0,1.0,1.0,astrocyte_vs_microglial cell,astrocyte,microglial cell
Il20rb,0.0,0.0,1.0,1.0,astrocyte_vs_microglial cell,astrocyte,microglial cell
Siah3,0.0,0.0,1.0,1.0,astrocyte_vs_microglial cell,astrocyte,microglial cell
Siglec1,0.0,0.0,1.0,1.0,astrocyte_vs_microglial cell,astrocyte,microglial cell
Serpina3g,0.0,0.0,1.0,1.0,astrocyte_vs_microglial cell,astrocyte,microglial cell
Cabp2,0.0,0.0,1.0,1.0,astrocyte_vs_microglial cell,astrocyte,microglial cell
Fabp4,0.0,0.0,1.0,1.0,astrocyte_vs_microglial cell,astrocyte,microglial cell
Fam110c,0.0,0.0,1.0,1.0,astrocyte_vs_microglial cell,astrocyte,microglial cell
Ccr2,0.0,0.0,1.0,1.0,astrocyte_vs_microglial cell,astrocyte,microglial cell
Ccr9,0.0,0.0,1.0,1.0,astrocyte_vs_microglial cell,astrocyte,microglial cell
Cd160,0.0,0.0,1.0,1.0,astrocyte_vs_microglial cell,astrocyte,microglial cell
Kif23,0.0,0.0,1.0,1.0,astrocyte_vs_microglial cell,astrocyte,microglial cell
Kif24,0.0,0.0,1.0,1.0,astrocyte_vs_microglial cell,astrocyte,microglial cell
Kif4,0.0,0.0,1.0,1.0,astrocyte_vs_microglial cell,astrocyte,microglial cell
Kirrel,0.0,0.0,1.0,1.0,astrocyte_vs_microglial cell,astrocyte,microglial cell
Klf12,0.0,0.0,1.0,1.0,astrocyte_vs_microglial cell,astrocyte,microglial cell
Rerg,0.0,0.0,1.0,1.0,astrocyte_vs_microglial cell,astrocyte,microglial cell
Ret,0.0,0.0,1.0,1.0,astrocyte_vs_microglial cell,astrocyte,microglial cell
Cd209f,0.0,0.0,1.0,1.0,astrocyte_vs_microglial cell,astrocyte,microglial cell
Cd209g,0.0,0.0,1.0,1.0,astrocyte_vs_microglial cell,astrocyte,microglial cell
Cd226,0.0,0.0,1.0,1.0,astrocyte_vs_microglial cell,astrocyte,microglial cell
Enpp6,0.0,0.0,1.0,1.0,astrocyte_vs_microglial cell,astrocyte,microglial cell
Kcnj13,0.0,0.0,1.0,1.0,astrocyte_vs_microglial cell,astrocyte,microglial cell
Kcnj6,0.0,0.0,1.0,1.0,astrocyte_vs_microglial cell,astrocyte,microglial cell
Kcnj8,0.0,0.0,1.0,1.0,astrocyte_vs_microglial cell,astrocyte,microglial cell
Gabrr1,0.0,0.0,1.0,1.0,astrocyte_vs_microglial cell,astrocyte,microglial cell
Fam180a,0.0,0.0,1.0,1.0,astrocyte_vs_microglial cell,astrocyte,microglial cell
Sh2d2a,0.0,0.0,1.0,1.0,astrocyte_vs_microglial cell,astrocyte,microglial cell
C1qtnf7,0.0,0.0,1.0,1.0,astrocyte_vs_microglial cell,astrocyte,microglial cell
Skor1,0.0,0.0,1.0,1.0,astrocyte_vs_microglial cell,astrocyte,microglial cell
Hs6st3,0.0,0.0,1.0,1.0,astrocyte_vs_microglial cell,astrocyte,microglial cell
Gm10863,0.0,0.0,1.0,1.0,astrocyte_vs_microglial cell,astrocyte,microglial cell
Gm11190,0.0,0.0,1.0,1.0,astrocyte_vs_microglial cell,astrocyte,microglial cell
Gm11747,0.0,0.0,1.0,1.0,astrocyte_vs_microglial cell,astrocyte,microglial cell
Kif14,0.0,0.0,1.0,1.0,astrocyte_vs_microglial cell,astrocyte,microglial cell
Rad54b,0.0,0.0,1.0,1.0,astrocyte_vs_microglial cell,astrocyte,microglial cell
Ptk6,0.0,0.0,1.0,1.0,astrocyte_vs_microglial cell,astrocyte,microglial cell
Ptpn20,0.0,0.0,1.0,1.0,astrocyte_vs_microglial cell,astrocyte,microglial cell
Cd8b1,0.0,0.0,1.0,1.0,astrocyte_vs_microglial cell,astrocyte,microglial cell
Cd28,0.0,0.0,1.0,1.0,astrocyte_vs_microglial cell,astrocyte,microglial cell
Cd36,0.0,0.0,1.0,1.0,astrocyte_vs_microglial cell,astrocyte,microglial cell
Cd3g,0.0,0.0,1.0,1.0,astrocyte_vs_microglial cell,astrocyte,microglial cell
Pzp,0.0,0.0,1.0,1.0,astrocyte_vs_microglial cell,astrocyte,microglial cell
Ube2u,0.0,0.0,1.0,1.0,astrocyte_vs_microglial cell,astrocyte,microglial cell
Trh,0.0,0.0,1.0,1.0,astrocyte_vs_microglial cell,astrocyte,microglial cell
Adcy4,0.0,0.0,1.0,1.0,astrocyte_vs_microglial cell,astrocyte,microglial cell
Adh1,0.0,0.0,1.0,1.0,astrocyte_vs_microglial cell,astrocyte,microglial cell
Tgm5,0.0,0.0,1.0,1.0,astrocyte_vs_microglial cell,astrocyte,microglial cell
Klk6,0.0,0.0,1.0,1.0,astrocyte_vs_microglial cell,astrocyte,microglial cell
Kntc1,0.0,0.0,1.0,1.0,astrocyte_vs_microglial cell,astrocyte,microglial cell
L3mbtl4,0.0,0.0,1.0,1.0,astrocyte_vs_microglial cell,astrocyte,microglial cell
Ppp1r17,0.0,0.0,1.0,1.0,astrocyte_vs_microglial cell,astrocyte,microglial cell
Prdm13,0.0,0.0,1.0,1.0,astrocyte_vs_microglial cell,astrocyte,microglial cell
Prg4,0.0,0.0,1.0,1.0,astrocyte_vs_microglial cell,astrocyte,microglial cell
Cdh26,0.0,0.0,1.0,1.0,astrocyte_vs_microglial cell,astrocyte,microglial cell
Cdhr3,0.0,0.0,1.0,1.0,astrocyte_vs_microglial cell,astrocyte,microglial cell
Cdh1,0.0,0.0,1.0,1.0,astrocyte_vs_microglial cell,astrocyte,microglial cell
Cdh18,0.0,0.0,1.0,1.0,astrocyte_vs_microglial cell,astrocyte,microglial cell
Prokr2,0.0,0.0,1.0,1.0,astrocyte_vs_microglial cell,astrocyte,microglial cell
Polq,0.0,0.0,1.0,1.0,astrocyte_vs_microglial cell,astrocyte,microglial cell
Pou2af1,0.0,0.0,1.0,1.0,astrocyte_vs_microglial cell,astrocyte,microglial cell
Ppef2,0.0,0.0,1.0,1.0,astrocyte_vs_microglial cell,astrocyte,microglial cell
Lhb,0.0,0.0,1.0,1.0,astrocyte_vs_microglial cell,astrocyte,microglial cell
Hus1b,0.0,0.0,1.0,1.0,astrocyte_vs_microglial cell,astrocyte,microglial cell
Hydin,0.0,0.0,1.0,1.0,astrocyte_vs_microglial cell,astrocyte,microglial cell
Fanca,0.0,0.0,1.0,1.0,astrocyte_vs_microglial cell,astrocyte,microglial cell
Foxc1,0.0,0.0,1.0,1.0,astrocyte_vs_microglial cell,astrocyte,microglial cell
Foxc2,0.0,0.0,1.0,1.0,astrocyte_vs_microglial cell,astrocyte,microglial cell
Alpk3,0.0,0.0,1.0,1.0,astrocyte_vs_microglial cell,astrocyte,microglial cell
Als2cr12,0.0,0.0,1.0,1.0,astrocyte_vs_microglial cell,astrocyte,microglial cell
Tfap2b,0.0,0.0,1.0,1.0,astrocyte_vs_microglial cell,astrocyte,microglial cell
Cenpi,0.0,0.0,1.0,1.0,astrocyte_vs_microglial cell,astrocyte,microglial cell
Cerkl,0.0,0.0,1.0,1.0,astrocyte_vs_microglial cell,astrocyte,microglial cell
Ces1d,0.0,0.0,1.0,1.0,astrocyte_vs_microglial cell,astrocyte,microglial cell
Cfi,0.0,0.0,1.0,1.0,astrocyte_vs_microglial cell,astrocyte,microglial cell
Tnnc2,0.0,0.0,1.0,1.0,astrocyte_vs_microglial cell,astrocyte,microglial cell
Tll1,0.0,0.0,1.0,1.0,astrocyte_vs_microglial cell,astrocyte,microglial cell
Slc5a7,0.0,0.0,1.0,1.0,astrocyte_vs_microglial cell,astrocyte,microglial cell
Slc6a12,0.0,0.0,1.0,1.0,astrocyte_vs_microglial cell,astrocyte,microglial cell
Slc17a8,0.0,0.0,1.0,1.0,astrocyte_vs_microglial cell,astrocyte,microglial cell
Slc1a7,0.0,0.0,1.0,1.0,astrocyte_vs_microglial cell,astrocyte,microglial cell
Slc22a2,0.0,0.0,1.0,1.0,astrocyte_vs_microglial cell,astrocyte,microglial cell
Slc22a6,0.0,0.0,1.0,1.0,astrocyte_vs_microglial cell,astrocyte,microglial cell
Bub1,0.0,0.0,1.0,1.0,astrocyte_vs_microglial cell,astrocyte,microglial cell
Bub1b,0.0,0.0,1.0,1.0,astrocyte_vs_microglial cell,astrocyte,microglial cell
Plbd1,0.0,0.0,1.0,1.0,astrocyte_vs_microglial cell,astrocyte,microglial cell
Egflam,0.0,0.0,1.0,1.0,astrocyte_vs_microglial cell,astrocyte,microglial cell
Lcn2,0.0,0.0,1.0,1.0,astrocyte_vs_microglial cell,astrocyte,microglial cell
Gm12253,0.0,0.0,1.0,1.0,astrocyte_vs_microglial cell,astrocyte,microglial cell
Gm12295,0.0,0.0,1.0,1.0,astrocyte_vs_microglial cell,astrocyte,microglial cell
Gm13154,0.0,0.0,1.0,1.0,astrocyte_vs_microglial cell,astrocyte,microglial cell
Gm15987,0.0,0.0,1.0,1.0,astrocyte_vs_microglial cell,astrocyte,microglial cell
Adamts6,0.0,0.0,1.0,1.0,astrocyte_vs_microglial cell,astrocyte,microglial cell
Adamts7,0.0,0.0,1.0,1.0,astrocyte_vs_microglial cell,astrocyte,microglial cell
Ttc29,0.0,0.0,1.0,1.0,astrocyte_vs_microglial cell,astrocyte,microglial cell
Acss3,0.0,0.0,1.0,1.0,astrocyte_vs_microglial cell,astrocyte,microglial cell
Ldoc1,0.0,0.0,1.0,1.0,astrocyte_vs_microglial cell,astrocyte,microglial cell
Lepr,0.0,0.0,1.0,1.0,astrocyte_vs_microglial cell,astrocyte,microglial cell
Xkr7,0.0,0.0,1.0,1.0,astrocyte_vs_microglial cell,astrocyte,microglial cell
Pkp3,0.0,0.0,1.0,1.0,astrocyte_vs_microglial cell,astrocyte,microglial cell
Pla1a,0.0,0.0,1.0,1.0,astrocyte_vs_microglial cell,astrocyte,microglial cell
Pla2r1,0.0,0.0,1.0,1.0,astrocyte_vs_microglial cell,astrocyte,microglial cell
Bmp6,0.0,0.0,1.0,1.0,astrocyte_vs_microglial cell,astrocyte,microglial cell
Bmx,0.0,0.0,1.0,1.0,astrocyte_vs_microglial cell,astrocyte,microglial cell
Slc38a11,0.0,0.0,1.0,1.0,astrocyte_vs_microglial cell,astrocyte,microglial cell
Fbn1,0.0,0.0,1.0,1.0,astrocyte_vs_microglial cell,astrocyte,microglial cell
Fbxl13,0.0,0.0,1.0,1.0,astrocyte_vs_microglial cell,astrocyte,microglial cell
Fbxl7,0.0,0.0,1.0,1.0,astrocyte_vs_microglial cell,astrocyte,microglial cell
Hist1h3h,0.0,0.0,1.0,1.0,astrocyte_vs_microglial cell,astrocyte,microglial cell
Hmmr,0.0,0.0,1.0,1.0,astrocyte_vs_microglial cell,astrocyte,microglial cell
Hp,0.0,0.0,1.0,1.0,astrocyte_vs_microglial cell,astrocyte,microglial cell
Hs3st5,0.0,0.0,1.0,1.0,astrocyte_vs_microglial cell,astrocyte,microglial cell
Fbxo43,0.0,0.0,1.0,1.0,astrocyte_vs_microglial cell,astrocyte,microglial cell
Edar,0.0,0.0,1.0,1.0,astrocyte_vs_microglial cell,astrocyte,microglial cell
Xcl1,0.0,0.0,1.0,1.0,astrocyte_vs_microglial cell,astrocyte,microglial cell
Cngb1,0.0,0.0,1.0,1.0,astrocyte_vs_microglial cell,astrocyte,microglial cell
Cnn1,0.0,0.0,1.0,1.0,astrocyte_vs_microglial cell,astrocyte,microglial cell
Pde5a,0.0,0.0,1.0,1.0,astrocyte_vs_microglial cell,astrocyte,microglial cell
Des,0.0,0.0,1.0,1.0,astrocyte_vs_microglial cell,astrocyte,microglial cell
Pdf,0.0,0.0,1.0,1.0,astrocyte_vs_microglial cell,astrocyte,microglial cell
Chrm2,0.0,0.0,1.0,1.0,astrocyte_vs_microglial cell,astrocyte,microglial cell
Chst5,0.0,0.0,1.0,1.0,astrocyte_vs_microglial cell,astrocyte,microglial cell
Chsy3,0.0,0.0,1.0,1.0,astrocyte_vs_microglial cell,astrocyte,microglial cell
Ciita,0.0,0.0,1.0,1.0,astrocyte_vs_microglial cell,astrocyte,microglial cell
Ckap2,0.0,0.0,1.0,1.0,astrocyte_vs_microglial cell,astrocyte,microglial cell
Ckap2l,0.0,0.0,1.0,1.0,astrocyte_vs_microglial cell,astrocyte,microglial cell
Pf4,0.0,0.0,1.0,1.0,astrocyte_vs_microglial cell,astrocyte,microglial cell
Phox2b,0.0,0.0,1.0,1.0,astrocyte_vs_microglial cell,astrocyte,microglial cell
Pi16,0.0,0.0,1.0,1.0,astrocyte_vs_microglial cell,astrocyte,microglial cell
Pln,0.0,0.0,1.0,1.0,astrocyte_vs_microglial cell,astrocyte,microglial cell
Pklr,0.0,0.0,1.0,1.0,astrocyte_vs_microglial cell,astrocyte,microglial cell
Depdc1b,0.0,0.0,1.0,1.0,astrocyte_vs_microglial cell,astrocyte,microglial cell
Degs2,0.0,0.0,1.0,1.0,astrocyte_vs_microglial cell,astrocyte,microglial cell
Lmod1,0.0,0.0,1.0,1.0,astrocyte_vs_microglial cell,astrocyte,microglial cell
Lmod3,0.0,0.0,1.0,1.0,astrocyte_vs_microglial cell,astrocyte,microglial cell
Eda2r,0.0,0.0,1.0,1.0,astrocyte_vs_microglial cell,astrocyte,microglial cell
Mmp9,0.0,0.0,1.0,1.0,astrocyte_vs_microglial cell,astrocyte,microglial cell
Slc6a13,0.0,0.0,1.0,1.0,astrocyte_vs_microglial cell,astrocyte,microglial cell
Slc6a4,0.0,0.0,1.0,1.0,astrocyte_vs_microglial cell,astrocyte,microglial cell
D930020B18Rik,0.0,0.0,1.0,1.0,astrocyte_vs_microglial cell,astrocyte,microglial cell
Bhmt,0.0,0.0,1.0,1.0,astrocyte_vs_microglial cell,astrocyte,microglial cell
Atp6v0d2,0.0,0.0,1.0,1.0,astrocyte_vs_microglial cell,astrocyte,microglial cell
BC039966,0.0,0.0,1.0,1.0,astrocyte_vs_microglial cell,astrocyte,microglial cell
Slco5a1,0.0,0.0,1.0,1.0,astrocyte_vs_microglial cell,astrocyte,microglial cell
Slfn3,0.0,0.0,1.0,1.0,astrocyte_vs_microglial cell,astrocyte,microglial cell
Slit3,0.0,0.0,1.0,1.0,astrocyte_vs_microglial cell,astrocyte,microglial cell
Clic5,0.0,0.0,1.0,1.0,astrocyte_vs_microglial cell,astrocyte,microglial cell
Ano5,0.0,0.0,1.0,1.0,astrocyte_vs_microglial cell,astrocyte,microglial cell
Lrp2,0.0,0.0,1.0,1.0,astrocyte_vs_microglial cell,astrocyte,microglial cell
Mpzl2,0.0,0.0,1.0,1.0,astrocyte_vs_microglial cell,astrocyte,microglial cell
Cntn3,0.0,0.0,1.0,1.0,astrocyte_vs_microglial cell,astrocyte,microglial cell
Cntnap3,0.0,0.0,1.0,1.0,astrocyte_vs_microglial cell,astrocyte,microglial cell
Cntnap5c,0.0,0.0,1.0,1.0,astrocyte_vs_microglial cell,astrocyte,microglial cell
Zbbx,0.0,0.0,1.0,1.0,astrocyte_vs_microglial cell,astrocyte,microglial cell
Pax2,0.0,0.0,1.0,1.0,astrocyte_vs_microglial cell,astrocyte,microglial cell
Pcdha2,0.0,0.0,1.0,1.0,astrocyte_vs_microglial cell,astrocyte,microglial cell
Pcdhga9,0.0,0.0,1.0,1.0,astrocyte_vs_microglial cell,astrocyte,microglial cell
Mgl2,0.0,0.0,1.0,1.0,astrocyte_vs_microglial cell,astrocyte,microglial cell
Lhcgr,0.0,0.0,1.0,1.0,astrocyte_vs_microglial cell,astrocyte,microglial cell
Lhx1,0.0,0.0,1.0,1.0,astrocyte_vs_microglial cell,astrocyte,microglial cell
Lhx4,0.0,0.0,1.0,1.0,astrocyte_vs_microglial cell,astrocyte,microglial cell
Dmc1,0.0,0.0,1.0,1.0,astrocyte_vs_microglial cell,astrocyte,microglial cell
Gata3,0.0,0.0,1.0,1.0,astrocyte_vs_microglial cell,astrocyte,microglial cell
AU019990,0.0,0.0,1.0,1.0,astrocyte_vs_microglial cell,astrocyte,microglial cell
E2f8,0.0,0.0,1.0,1.0,astrocyte_vs_microglial cell,astrocyte,microglial cell
Ebf2,0.0,0.0,1.0,1.0,astrocyte_vs_microglial cell,astrocyte,microglial cell
Ect2l,0.0,0.0,1.0,1.0,astrocyte_vs_microglial cell,astrocyte,microglial cell
Lrg1,0.0,0.0,1.0,1.0,astrocyte_vs_microglial cell,astrocyte,microglial cell
Lrguk,0.0,0.0,1.0,1.0,astrocyte_vs_microglial cell,astrocyte,microglial cell
Il2ra,0.0,0.0,1.0,1.0,astrocyte_vs_microglial cell,astrocyte,microglial cell
Snai1,0.0,0.0,1.0,1.0,astrocyte_vs_microglial cell,astrocyte,microglial cell
Fcna,0.0,0.0,1.0,1.0,astrocyte_vs_microglial cell,astrocyte,microglial cell
Tdrd1,0.0,0.0,1.0,1.0,astrocyte_vs_microglial cell,astrocyte,microglial cell
Tead2,0.0,0.0,1.0,1.0,astrocyte_vs_microglial cell,astrocyte,microglial cell
Tead4,0.0,0.0,1.0,1.0,astrocyte_vs_microglial cell,astrocyte,microglial cell
Tek,0.0,0.0,1.0,1.0,astrocyte_vs_microglial cell,astrocyte,microglial cell
Tex11,0.0,0.0,1.0,1.0,astrocyte_vs_microglial cell,astrocyte,microglial cell
Tex16,0.0,0.0,1.0,1.0,astrocyte_vs_microglial cell,astrocyte,microglial cell
Tfap2a,0.0,0.0,1.0,1.0,astrocyte_vs_microglial cell,astrocyte,microglial cell
Ephx3,0.0,0.0,1.0,1.0,astrocyte_vs_microglial cell,astrocyte,microglial cell
Ltbp4,0.0,0.0,1.0,1.0,astrocyte_vs_microglial cell,astrocyte,microglial cell
Ltf,0.0,0.0,1.0,1.0,astrocyte_vs_microglial cell,astrocyte,microglial cell
Erg,0.0,0.0,1.0,1.0,astrocyte_vs_microglial cell,astrocyte,microglial cell
Grid2ip,0.0,0.0,1.0,1.0,astrocyte_vs_microglial cell,astrocyte,microglial cell
Esco2,0.0,0.0,1.0,1.0,astrocyte_vs_microglial cell,astrocyte,microglial cell
Fgfbp1,0.0,0.0,1.0,1.0,astrocyte_vs_microglial cell,astrocyte,microglial cell
Hes3,0.0,0.0,1.0,1.0,astrocyte_vs_microglial cell,astrocyte,microglial cell
Asmt,0.0,0.0,1.0,1.0,astrocyte_vs_microglial cell,astrocyte,microglial cell
Aspm,0.0,0.0,1.0,1.0,astrocyte_vs_microglial cell,astrocyte,microglial cell
Esrrb,0.0,0.0,1.0,1.0,astrocyte_vs_microglial cell,astrocyte,microglial cell
Itga2,0.0,0.0,1.0,1.0,astrocyte_vs_microglial cell,astrocyte,microglial cell
Itgal,0.0,0.0,1.0,1.0,astrocyte_vs_microglial cell,astrocyte,microglial cell
Atp1a4,0.0,0.0,1.0,1.0,astrocyte_vs_microglial cell,astrocyte,microglial cell
Ly6c2,0.0,0.0,1.0,1.0,astrocyte_vs_microglial cell,astrocyte,microglial cell
Ly6d,0.0,0.0,1.0,1.0,astrocyte_vs_microglial cell,astrocyte,microglial cell
Nt5c1a,0.0,0.0,1.0,1.0,astrocyte_vs_microglial cell,astrocyte,microglial cell
Rufy4,0.0,0.0,1.0,1.0,astrocyte_vs_microglial cell,astrocyte,microglial cell
Col6a6,0.0,0.0,1.0,1.0,astrocyte_vs_microglial cell,astrocyte,microglial cell
S100a9,0.0,0.0,1.0,1.0,astrocyte_vs_microglial cell,astrocyte,microglial cell
Vdr,0.0,0.0,1.0,1.0,astrocyte_vs_microglial cell,astrocyte,microglial cell
Acta2,0.0,0.0,1.0,1.0,astrocyte_vs_microglial cell,astrocyte,microglial cell
Adam12,0.0,0.0,1.0,1.0,astrocyte_vs_microglial cell,astrocyte,microglial cell
Gm2897,0.0,0.0,1.0,1.0,astrocyte_vs_microglial cell,astrocyte,microglial cell
Gm4070,0.0,0.0,1.0,1.0,astrocyte_vs_microglial cell,astrocyte,microglial cell
Gm4952,0.0,0.0,1.0,1.0,astrocyte_vs_microglial cell,astrocyte,microglial cell
Gja4,0.0,0.0,1.0,1.0,astrocyte_vs_microglial cell,astrocyte,microglial cell
Gja6,0.0,0.0,1.0,1.0,astrocyte_vs_microglial cell,astrocyte,microglial cell
Gkn3,0.0,0.0,1.0,1.0,astrocyte_vs_microglial cell,astrocyte,microglial cell
Odf3b,0.0,0.0,1.0,1.0,astrocyte_vs_microglial cell,astrocyte,microglial cell
Olfr558,0.0,0.0,1.0,1.0,astrocyte_vs_microglial cell,astrocyte,microglial cell
Cpa6,0.0,0.0,1.0,1.0,astrocyte_vs_microglial cell,astrocyte,microglial cell
Saa1,0.0,0.0,1.0,1.0,astrocyte_vs_microglial cell,astrocyte,microglial cell
Crabp1,0.0,0.0,1.0,1.0,astrocyte_vs_microglial cell,astrocyte,microglial cell
Crb1,0.0,0.0,1.0,1.0,astrocyte_vs_microglial cell,astrocyte,microglial cell
Saa2,0.0,0.0,1.0,1.0,astrocyte_vs_microglial cell,astrocyte,microglial cell
Spag16,0.0,0.0,1.0,1.0,astrocyte_vs_microglial cell,astrocyte,microglial cell
Spag17,0.0,0.0,1.0,1.0,astrocyte_vs_microglial cell,astrocyte,microglial cell
Spata18,0.0,0.0,1.0,1.0,astrocyte_vs_microglial cell,astrocyte,microglial cell
Spata20,0.0,0.0,1.0,1.0,astrocyte_vs_microglial cell,astrocyte,microglial cell
Spata22,0.0,0.0,1.0,1.0,astrocyte_vs_microglial cell,astrocyte,microglial cell
Ccdc150,0.0,0.0,1.0,1.0,astrocyte_vs_microglial cell,astrocyte,microglial cell
Ccdc153,0.0,0.0,1.0,1.0,astrocyte_vs_microglial cell,astrocyte,microglial cell
Armc4,0.0,0.0,1.0,1.0,astrocyte_vs_microglial cell,astrocyte,microglial cell
Apon,0.0,0.0,1.0,1.0,astrocyte_vs_microglial cell,astrocyte,microglial cell
Arg1,0.0,0.0,1.0,1.0,astrocyte_vs_microglial cell,astrocyte,microglial cell
Arhgap28,0.0,0.0,1.0,1.0,astrocyte_vs_microglial cell,astrocyte,microglial cell
Nrk,0.0,0.0,1.0,1.0,astrocyte_vs_microglial cell,astrocyte,microglial cell
Neurod4,0.0,0.0,1.0,1.0,astrocyte_vs_microglial cell,astrocyte,microglial cell
Tmem45a,0.0,0.0,1.0,1.0,astrocyte_vs_microglial cell,astrocyte,microglial cell
Gpr20,0.0,0.0,1.0,1.0,astrocyte_vs_microglial cell,astrocyte,microglial cell
Cubn,0.0,0.0,1.0,1.0,astrocyte_vs_microglial cell,astrocyte,microglial cell
Nhlh2,0.0,0.0,1.0,1.0,astrocyte_vs_microglial cell,astrocyte,microglial cell
Ctgf,0.0,0.0,1.0,1.0,astrocyte_vs_microglial cell,astrocyte,microglial cell
Ctla4,0.0,0.0,1.0,1.0,astrocyte_vs_microglial cell,astrocyte,microglial cell
Nox4,0.0,0.0,1.0,1.0,astrocyte_vs_microglial cell,astrocyte,microglial cell
Nr1i2,0.0,0.0,1.0,1.0,astrocyte_vs_microglial cell,astrocyte,microglial cell
Gm5087,0.0,0.0,1.0,1.0,astrocyte_vs_microglial cell,astrocyte,microglial cell
Cbr2,0.0,0.0,1.0,1.0,astrocyte_vs_microglial cell,astrocyte,microglial cell
Drd2,0.0,0.0,1.0,1.0,astrocyte_vs_microglial cell,astrocyte,microglial cell
Samd3,0.0,0.0,1.0,1.0,astrocyte_vs_microglial cell,astrocyte,microglial cell
Lyve1,0.0,0.0,1.0,1.0,astrocyte_vs_microglial cell,astrocyte,microglial cell
Magee2,0.0,0.0,1.0,1.0,astrocyte_vs_microglial cell,astrocyte,microglial cell
Schip1,0.0,0.0,1.0,1.0,astrocyte_vs_microglial cell,astrocyte,microglial cell
Scn4a,0.0,0.0,1.0,1.0,astrocyte_vs_microglial cell,astrocyte,microglial cell
Nkg7,0.0,0.0,1.0,1.0,astrocyte_vs_microglial cell,astrocyte,microglial cell
Neb,0.0,0.0,1.0,1.0,astrocyte_vs_microglial cell,astrocyte,microglial cell
Tmem132d,0.0,0.0,1.0,1.0,astrocyte_vs_microglial cell,astrocyte,microglial cell
Neil3,0.0,0.0,1.0,1.0,astrocyte_vs_microglial cell,astrocyte,microglial cell
Nek5,0.0,0.0,1.0,1.0,astrocyte_vs_microglial cell,astrocyte,microglial cell
Spn,0.0,0.0,1.0,1.0,astrocyte_vs_microglial cell,astrocyte,microglial cell
Alk,0.0,0.0,1.0,1.0,astrocyte_vs_microglial cell,astrocyte,microglial cell
Sspo,0.0,0.0,1.0,1.0,astrocyte_vs_microglial cell,astrocyte,microglial cell
Foxq1,0.0,0.0,1.0,1.0,astrocyte_vs_microglial cell,astrocyte,microglial cell
Hipk4,0.0,0.0,1.0,1.0,astrocyte_vs_microglial cell,astrocyte,microglial cell
H2-Eb1,0.0,0.0,1.0,1.0,astrocyte_vs_microglial cell,astrocyte,microglial cell
H2-Q1,0.0,0.0,1.0,1.0,astrocyte_vs_microglial cell,astrocyte,microglial cell
Has2,0.0,0.0,1.0,1.0,astrocyte_vs_microglial cell,astrocyte,microglial cell
Steap4,0.0,0.0,1.0,1.0,astrocyte_vs_microglial cell,astrocyte,microglial cell
Gm6994,0.0,0.0,1.0,1.0,astrocyte_vs_microglial cell,astrocyte,microglial cell
Epha6,0.0,0.0,1.0,1.0,astrocyte_vs_microglial cell,astrocyte,microglial cell
Cyp24a1,0.0,0.0,1.0,1.0,astrocyte_vs_microglial cell,astrocyte,microglial cell
Cyp2e1,0.0,0.0,1.0,1.0,astrocyte_vs_microglial cell,astrocyte,microglial cell
Cyp2j8,0.0,0.0,1.0,1.0,astrocyte_vs_microglial cell,astrocyte,microglial cell
Apoa2,0.0,0.0,1.0,1.0,astrocyte_vs_microglial cell,astrocyte,microglial cell
Kcne4,0.0,0.0,1.0,1.0,astrocyte_vs_microglial cell,astrocyte,microglial cell
Kcnh5,0.0,0.0,1.0,1.0,astrocyte_vs_microglial cell,astrocyte,microglial cell
Hcrt,0.0,0.0,1.0,1.0,astrocyte_vs_microglial cell,astrocyte,microglial cell
Gpc2,0.0,0.0,1.0,1.0,astrocyte_vs_microglial cell,astrocyte,microglial cell
Anxa1,0.0,0.0,1.0,1.0,astrocyte_vs_microglial cell,astrocyte,microglial cell
Anxa9,0.0,0.0,1.0,1.0,astrocyte_vs_microglial cell,astrocyte,microglial cell
Synpo2l,0.0,0.0,1.0,1.0,astrocyte_vs_microglial cell,astrocyte,microglial cell
Napsa,0.0,0.0,1.0,1.0,astrocyte_vs_microglial cell,astrocyte,microglial cell
Ndst4,0.0,0.0,1.0,1.0,astrocyte_vs_microglial cell,astrocyte,microglial cell
Dnmbp,0.0,0.0,1.0,1.0,astrocyte_vs_microglial cell,astrocyte,microglial cell
Masp1,0.0,0.0,1.0,1.0,astrocyte_vs_microglial cell,astrocyte,microglial cell
Cxcr6,0.0,0.0,1.0,1.0,astrocyte_vs_microglial cell,astrocyte,microglial cell
Il31ra,0.0,0.0,1.0,1.0,astrocyte_vs_microglial cell,astrocyte,microglial cell
Aff2,0.0,0.0,1.0,1.0,astrocyte_vs_microglial cell,astrocyte,microglial cell
Inmt,0.0,0.0,1.0,1.0,astrocyte_vs_microglial cell,astrocyte,microglial cell
Trdn,0.0,0.0,1.0,1.0,astrocyte_vs_microglial cell,astrocyte,microglial cell
Ms4a4b,0.0,0.0,1.0,1.0,astrocyte_vs_microglial cell,astrocyte,microglial cell
Msr1,0.0,0.0,1.0,1.0,astrocyte_vs_microglial cell,astrocyte,microglial cell
Dct,0.0,0.0,1.0,1.0,astrocyte_vs_microglial cell,astrocyte,microglial cell
Treml4,0.0,0.0,1.0,1.0,astrocyte_vs_microglial cell,astrocyte,microglial cell
Myb,0.0,0.0,1.0,1.0,astrocyte_vs_microglial cell,astrocyte,microglial cell
Mycbpap,0.0,0.0,1.0,1.0,astrocyte_vs_microglial cell,astrocyte,microglial cell
Myh11,0.0,0.0,1.0,1.0,astrocyte_vs_microglial cell,astrocyte,microglial cell
Myo1a,0.0,0.0,1.0,1.0,astrocyte_vs_microglial cell,astrocyte,microglial cell
Myt1,0.0,0.0,1.0,1.0,astrocyte_vs_microglial cell,astrocyte,microglial cell
Cytl1,0.0,0.0,1.0,1.0,astrocyte_vs_microglial cell,astrocyte,microglial cell
Ak7,0.0,0.0,1.0,1.0,astrocyte_vs_microglial cell,astrocyte,microglial cell
AU021092,0.0,0.0,1.0,1.0,astrocyte_vs_microglial cell,astrocyte,microglial cell
Tacstd2,0.0,0.0,1.0,1.0,astrocyte_vs_microglial cell,astrocyte,microglial cell
Tbx15,0.0,0.0,1.0,1.0,astrocyte_vs_microglial cell,astrocyte,microglial cell
Thsd7b,0.0,0.0,1.0,1.0,astrocyte_vs_microglial cell,astrocyte,microglial cell
Kcnh6,0.0,0.0,1.0,1.0,astrocyte_vs_microglial cell,astrocyte,microglial cell
Rpe65,0.0,0.0,1.0,1.0,astrocyte_vs_microglial cell,astrocyte,microglial cell
4933415F23Rik,0.0,0.0,1.0,1.0,astrocyte_vs_microglial cell,astrocyte,microglial cell
4933427E11Rik,0.0,0.0,1.0,1.0,astrocyte_vs_microglial cell,astrocyte,microglial cell
8430408G22Rik,0.0,0.0,1.0,1.0,astrocyte_vs_microglial cell,astrocyte,microglial cell
9330111N05Rik,0.0,0.0,1.0,1.0,astrocyte_vs_microglial cell,astrocyte,microglial cell
Zfp366,0.0,0.0,1.0,1.0,astrocyte_vs_microglial cell,astrocyte,microglial cell
Ccdc68,0.0,0.0,1.0,1.0,astrocyte_vs_microglial cell,astrocyte,microglial cell
Gen1,0.0,0.0,1.0,1.0,astrocyte_vs_microglial cell,astrocyte,microglial cell
1700109H08Rik,0.0,0.0,1.0,1.0,astrocyte_vs_microglial cell,astrocyte,microglial cell
Cxcr3,0.0,0.0,1.0,1.0,astrocyte_vs_microglial cell,astrocyte,microglial cell
Zfp957,0.0,0.0,1.0,1.0,astrocyte_vs_microglial cell,astrocyte,microglial cell
Abcc12,-0.0032501798,0.7046504,0.9974067362548972,1.0,astrocyte_vs_microglial cell,astrocyte,microglial cell
Gab3,-0.0032501798,1.5595739,0.9974067362548972,1.0,astrocyte_vs_microglial cell,astrocyte,microglial cell
Ctla2a,-0.0032501798,0.8143771,0.9974067362548972,1.0,astrocyte_vs_microglial cell,astrocyte,microglial cell
Rrm2,-0.0032501798,1.428092,0.9974067362548972,1.0,astrocyte_vs_microglial cell,astrocyte,microglial cell
Smyd3,-0.0032501798,-0.076035626,0.9974067362548972,1.0,astrocyte_vs_microglial cell,astrocyte,microglial cell
Mmp24,-0.0034258652,0.048448995,0.9972665603705766,1.0,astrocyte_vs_microglial cell,astrocyte,microglial cell
Kcnip4,-0.0036015506,0.035780877,0.9971263845706244,1.0,astrocyte_vs_microglial cell,astrocyte,microglial cell
Mastl,-0.003777236,-0.06374039,0.9969862088593668,1.0,astrocyte_vs_microglial cell,astrocyte,microglial cell
Unc5d,-0.003777236,-0.31661162,0.9969862088593668,1.0,astrocyte_vs_microglial cell,astrocyte,microglial cell
Pdgfra,-0.003777236,-0.7061191,0.9969862088593668,1.0,astrocyte_vs_microglial cell,astrocyte,microglial cell
Wdpcp,-0.003777236,-0.32816237,0.9969862088593668,1.0,astrocyte_vs_microglial cell,astrocyte,microglial cell
Tpm2,-0.0039529214,-0.8367583,0.9968460332411307,1.0,astrocyte_vs_microglial cell,astrocyte,microglial cell
9530059O14Rik,-0.0039529214,-0.8555524,0.9968460332411307,1.0,astrocyte_vs_microglial cell,astrocyte,microglial cell
Dscam,-0.005797618,0.37928706,0.9953741959541929,1.0,astrocyte_vs_microglial cell,astrocyte,microglial cell
Cxcl12,-0.0065003596,0.4995329,0.9948134999040052,1.0,astrocyte_vs_microglial cell,astrocyte,microglial cell
Rprm,-0.007203101,-0.02659815,0.9942528064151122,1.0,astrocyte_vs_microglial cell,astrocyte,microglial cell
Ccdc146,-0.007554472,-0.36253235,0.9939724607176772,1.0,astrocyte_vs_microglial cell,astrocyte,microglial cell
Fastkd3,-0.009399169,0.26245695,0.9925006588193278,1.0,astrocyte_vs_microglial cell,astrocyte,microglial cell
Dock4,-0.009574854,-0.2743074,0.9923604884621029,1.0,astrocyte_vs_microglial cell,astrocyte,microglial cell
Ndrg1,-0.011507394,-0.23918016,0.9908186310464144,1.0,astrocyte_vs_microglial cell,astrocyte,microglial cell
Lgals3bp,-0.012210135,-0.09473671,0.9902579638209319,1.0,astrocyte_vs_microglial cell,astrocyte,microglial cell
Zfp868,-0.01238582,-0.5288119,0.9901177977554383,1.0,astrocyte_vs_microglial cell,astrocyte,microglial cell
Ezh2,-0.01660227,-0.05089211,0.9867539136327085,1.0,astrocyte_vs_microglial cell,astrocyte,microglial cell
Mctp1,-0.024156742,-19.73916,0.9807275829161237,1.0,astrocyte_vs_microglial cell,astrocyte,microglial cell
Ms4a7,-0.024156742,-20.179144,0.9807275829161237,1.0,astrocyte_vs_microglial cell,astrocyte,microglial cell
Vip,-0.024156742,-20.101173,0.9807275829161237,1.0,astrocyte_vs_microglial cell,astrocyte,microglial cell
Myh13,-0.024156742,-19.53783,0.9807275829161237,1.0,astrocyte_vs_microglial cell,astrocyte,microglial cell
Galntl6,-0.024156742,-19.86146,0.9807275829161237,1.0,astrocyte_vs_microglial cell,astrocyte,microglial cell
Cyp4f17,-0.024156742,-19.654638,0.9807275829161237,1.0,astrocyte_vs_microglial cell,astrocyte,microglial cell
Gabrb2,-0.024156742,-19.549961,0.9807275829161237,1.0,astrocyte_vs_microglial cell,astrocyte,microglial cell
Cort,-0.024156742,-19.046867,0.9807275829161237,1.0,astrocyte_vs_microglial cell,astrocyte,microglial cell
Lum,-0.024156742,-19.033337,0.9807275829161237,1.0,astrocyte_vs_microglial cell,astrocyte,microglial cell
Tmem132c,-0.024156742,-18.661922,0.9807275829161237,1.0,astrocyte_vs_microglial cell,astrocyte,microglial cell
Frk,-0.024156742,-19.429249,0.9807275829161237,1.0,astrocyte_vs_microglial cell,astrocyte,microglial cell
Frmpd4,-0.024156742,-19.971373,0.9807275829161237,1.0,astrocyte_vs_microglial cell,astrocyte,microglial cell
Ogn,-0.024156742,-19.033337,0.9807275829161237,1.0,astrocyte_vs_microglial cell,astrocyte,microglial cell
Tjp3,-0.024156742,-19.420248,0.9807275829161237,1.0,astrocyte_vs_microglial cell,astrocyte,microglial cell
Tmem30b,-0.024156742,-18.361795,0.9807275829161237,1.0,astrocyte_vs_microglial cell,astrocyte,microglial cell
Aldob,-0.024156742,-19.821232,0.9807275829161237,1.0,astrocyte_vs_microglial cell,astrocyte,microglial cell
Alas2,-0.024156742,-19.159096,0.9807275829161237,1.0,astrocyte_vs_microglial cell,astrocyte,microglial cell
Akap12,-0.024156742,-20.026953,0.9807275829161237,1.0,astrocyte_vs_microglial cell,astrocyte,microglial cell
Ltbp2,-0.024156742,-19.907074,0.9807275829161237,1.0,astrocyte_vs_microglial cell,astrocyte,microglial cell
Gnmt,-0.024156742,-20.176607,0.9807275829161237,1.0,astrocyte_vs_microglial cell,astrocyte,microglial cell
Agbl4,-0.024156742,-19.928474,0.9807275829161237,1.0,astrocyte_vs_microglial cell,astrocyte,microglial cell
Col3a1,-0.024156742,-20.504026,0.9807275829161237,1.0,astrocyte_vs_microglial cell,astrocyte,microglial cell
Colq,-0.024156742,-19.639853,0.9807275829161237,1.0,astrocyte_vs_microglial cell,astrocyte,microglial cell
Myl1,-0.024156742,-18.681463,0.9807275829161237,1.0,astrocyte_vs_microglial cell,astrocyte,microglial cell
Melk,-0.024156742,-20.245838,0.9807275829161237,1.0,astrocyte_vs_microglial cell,astrocyte,microglial cell
Zpbp2,-0.024156742,-20.11371,0.9807275829161237,1.0,astrocyte_vs_microglial cell,astrocyte,microglial cell
Mndal,-0.024156742,-18.801329,0.9807275829161237,1.0,astrocyte_vs_microglial cell,astrocyte,microglial cell
1700028P14Rik,-0.024156742,-19.293951,0.9807275829161237,1.0,astrocyte_vs_microglial cell,astrocyte,microglial cell
Mki67,-0.024156742,-19.71815,0.9807275829161237,1.0,astrocyte_vs_microglial cell,astrocyte,microglial cell
Wdr63,-0.024156742,-19.662094,0.9807275829161237,1.0,astrocyte_vs_microglial cell,astrocyte,microglial cell
Stk33,-0.024156742,-18.87873,0.9807275829161237,1.0,astrocyte_vs_microglial cell,astrocyte,microglial cell
Sult6b1,-0.024156742,-19.473764,0.9807275829161237,1.0,astrocyte_vs_microglial cell,astrocyte,microglial cell
Aox3,-0.024156742,-19.033337,0.9807275829161237,1.0,astrocyte_vs_microglial cell,astrocyte,microglial cell
Tecta,-0.024156742,-20.10058,0.9807275829161237,1.0,astrocyte_vs_microglial cell,astrocyte,microglial cell
Gxylt2,-0.024156742,-18.646955,0.9807275829161237,1.0,astrocyte_vs_microglial cell,astrocyte,microglial cell
Grik1,-0.024156742,-19.220078,0.9807275829161237,1.0,astrocyte_vs_microglial cell,astrocyte,microglial cell
Pear1,-0.024156742,-19.531805,0.9807275829161237,1.0,astrocyte_vs_microglial cell,astrocyte,microglial cell
Lrrtm4,-0.024156742,-18.606028,0.9807275829161237,1.0,astrocyte_vs_microglial cell,astrocyte,microglial cell
Clec4n,-0.024156742,-19.450966,0.9807275829161237,1.0,astrocyte_vs_microglial cell,astrocyte,microglial cell
Oxt,-0.024156742,-19.420248,0.9807275829161237,1.0,astrocyte_vs_microglial cell,astrocyte,microglial cell
Col13a1,-0.024156742,-19.516867,0.9807275829161237,1.0,astrocyte_vs_microglial cell,astrocyte,microglial cell
P2rx3,-0.024156742,-19.667925,0.9807275829161237,1.0,astrocyte_vs_microglial cell,astrocyte,microglial cell
Cntnap5b,-0.024156742,-19.662926,0.9807275829161237,1.0,astrocyte_vs_microglial cell,astrocyte,microglial cell
Ect2,-0.024156742,-19.418867,0.9807275829161237,1.0,astrocyte_vs_microglial cell,astrocyte,microglial cell
Tfap2d,-0.024156742,-19.639036,0.9807275829161237,1.0,astrocyte_vs_microglial cell,astrocyte,microglial cell
Tinagl1,-0.024156742,-19.050009,0.9807275829161237,1.0,astrocyte_vs_microglial cell,astrocyte,microglial cell
Cntn4,-0.024156742,-19.75069,0.9807275829161237,1.0,astrocyte_vs_microglial cell,astrocyte,microglial cell
Col19a1,-0.024156742,-19.458757,0.9807275829161237,1.0,astrocyte_vs_microglial cell,astrocyte,microglial cell
Col4a4,-0.024156742,-19.381485,0.9807275829161237,1.0,astrocyte_vs_microglial cell,astrocyte,microglial cell
E2f7,-0.024156742,-18.578522,0.9807275829161237,1.0,astrocyte_vs_microglial cell,astrocyte,microglial cell
Slc16a12,-0.024156742,-19.707771,0.9807275829161237,1.0,astrocyte_vs_microglial cell,astrocyte,microglial cell
S100a8,-0.024156742,-19.587837,0.9807275829161237,1.0,astrocyte_vs_microglial cell,astrocyte,microglial cell
Slc10a4,-0.024156742,-19.71815,0.9807275829161237,1.0,astrocyte_vs_microglial cell,astrocyte,microglial cell
Slc13a1,-0.024156742,-18.964167,0.9807275829161237,1.0,astrocyte_vs_microglial cell,astrocyte,microglial cell
Ccbe1,-0.024156742,-18.884296,0.9807275829161237,1.0,astrocyte_vs_microglial cell,astrocyte,microglial cell
Sncg,-0.024156742,-20.123354,0.9807275829161237,1.0,astrocyte_vs_microglial cell,astrocyte,microglial cell
Cdh8,-0.024156742,-19.473764,0.9807275829161237,1.0,astrocyte_vs_microglial cell,astrocyte,microglial cell
Hist1h4c,-0.024156742,-19.559902,0.9807275829161237,1.0,astrocyte_vs_microglial cell,astrocyte,microglial cell
Hmcn1,-0.024156742,-19.55607,0.9807275829161237,1.0,astrocyte_vs_microglial cell,astrocyte,microglial cell
Slc35f4,-0.024156742,-19.559135,0.9807275829161237,1.0,astrocyte_vs_microglial cell,astrocyte,microglial cell
Brip1,-0.024156742,-19.282078,0.9807275829161237,1.0,astrocyte_vs_microglial cell,astrocyte,microglial cell
Bnc2,-0.024156742,-19.292068,0.9807275829161237,1.0,astrocyte_vs_microglial cell,astrocyte,microglial cell
Cenpp,-0.024156742,-19.434818,0.9807275829161237,1.0,astrocyte_vs_microglial cell,astrocyte,microglial cell
Cited1,-0.024156742,-19.210016,0.9807275829161237,1.0,astrocyte_vs_microglial cell,astrocyte,microglial cell
Prkg1,-0.024156742,-19.054209,0.9807275829161237,1.0,astrocyte_vs_microglial cell,astrocyte,microglial cell
Prc1,-0.024156742,-20.135523,0.9807275829161237,1.0,astrocyte_vs_microglial cell,astrocyte,microglial cell
Ptgis,-0.024156742,-18.654026,0.9807275829161237,1.0,astrocyte_vs_microglial cell,astrocyte,microglial cell
Cdh5,-0.024156742,-19.128216,0.9807275829161237,1.0,astrocyte_vs_microglial cell,astrocyte,microglial cell
Aspn,-0.024156742,-18.754421,0.9807275829161237,1.0,astrocyte_vs_microglial cell,astrocyte,microglial cell
Cdc6,-0.024156742,-19.35232,0.9807275829161237,1.0,astrocyte_vs_microglial cell,astrocyte,microglial cell
Slc6a20a,-0.024156742,-19.033337,0.9807275829161237,1.0,astrocyte_vs_microglial cell,astrocyte,microglial cell
Fgf14,-0.024156742,-18.636805,0.9807275829161237,1.0,astrocyte_vs_microglial cell,astrocyte,microglial cell
Fbn2,-0.024156742,-18.578522,0.9807275829161237,1.0,astrocyte_vs_microglial cell,astrocyte,microglial cell
Enpep,-0.024156742,-20.030304,0.9807275829161237,1.0,astrocyte_vs_microglial cell,astrocyte,microglial cell
Rbp3,-0.024156742,-18.636028,0.9807275829161237,1.0,astrocyte_vs_microglial cell,astrocyte,microglial cell
Kcnmb2,-0.024156742,-19.48749,0.9807275829161237,1.0,astrocyte_vs_microglial cell,astrocyte,microglial cell
Lama1,-0.024156742,-19.033337,0.9807275829161237,1.0,astrocyte_vs_microglial cell,astrocyte,microglial cell
Cdrt4,-0.024156742,-19.516125,0.9807275829161237,1.0,astrocyte_vs_microglial cell,astrocyte,microglial cell
Tbx3,-0.024156742,-18.7152,0.9807275829161237,1.0,astrocyte_vs_microglial cell,astrocyte,microglial cell
Cenpk,-0.024156742,-19.715546,0.9807275829161237,1.0,astrocyte_vs_microglial cell,astrocyte,microglial cell
Tbx18,-0.024156742,-18.990011,0.9807275829161237,1.0,astrocyte_vs_microglial cell,astrocyte,microglial cell
Hba-a2,-0.024156742,-19.911121,0.9807275829161237,1.0,astrocyte_vs_microglial cell,astrocyte,microglial cell
Lamc3,-0.024156742,-19.654638,0.9807275829161237,1.0,astrocyte_vs_microglial cell,astrocyte,microglial cell
Lgr5,-0.024156742,-19.29898,0.9807275829161237,1.0,astrocyte_vs_microglial cell,astrocyte,microglial cell
Sox18,-0.024156742,-19.71295,0.9807275829161237,1.0,astrocyte_vs_microglial cell,astrocyte,microglial cell
Gng8,-0.024156742,-19.63009,0.9807275829161237,1.0,astrocyte_vs_microglial cell,astrocyte,microglial cell
Trim6,-0.024156742,-19.63415,0.9807275829161237,1.0,astrocyte_vs_microglial cell,astrocyte,microglial cell
Crh,-0.024156742,-19.398348,0.9807275829161237,1.0,astrocyte_vs_microglial cell,astrocyte,microglial cell
Nkain3,-0.024156742,-18.892218,0.9807275829161237,1.0,astrocyte_vs_microglial cell,astrocyte,microglial cell
Mab21l1,-0.024156742,-18.968605,0.9807275829161237,1.0,astrocyte_vs_microglial cell,astrocyte,microglial cell
Zcchc16,-0.024156742,-19.414738,0.9807275829161237,1.0,astrocyte_vs_microglial cell,astrocyte,microglial cell
Dach2,-0.024156742,-19.19244,0.9807275829161237,1.0,astrocyte_vs_microglial cell,astrocyte,microglial cell
Ttn,-0.024156742,-19.330212,0.9807275829161237,1.0,astrocyte_vs_microglial cell,astrocyte,microglial cell
Adam32,-0.024156742,-19.456629,0.9807275829161237,1.0,astrocyte_vs_microglial cell,astrocyte,microglial cell
5730522E02Rik,-0.024156742,-18.905838,0.9807275829161237,1.0,astrocyte_vs_microglial cell,astrocyte,microglial cell
Scube2,-0.024156742,-19.809975,0.9807275829161237,1.0,astrocyte_vs_microglial cell,astrocyte,microglial cell
Sdk1,-0.024156742,-19.177967,0.9807275829161237,1.0,astrocyte_vs_microglial cell,astrocyte,microglial cell
Selenbp2,-0.024156742,-19.616386,0.9807275829161237,1.0,astrocyte_vs_microglial cell,astrocyte,microglial cell
4930415F15Rik,-0.024156742,-20.249886,0.9807275829161237,1.0,astrocyte_vs_microglial cell,astrocyte,microglial cell
Sema3d,-0.024156742,-19.285816,0.9807275829161237,1.0,astrocyte_vs_microglial cell,astrocyte,microglial cell
Ifitm1,-0.024156742,-19.989616,0.9807275829161237,1.0,astrocyte_vs_microglial cell,astrocyte,microglial cell
Itih2,-0.024156742,-19.005655,0.9807275829161237,1.0,astrocyte_vs_microglial cell,astrocyte,microglial cell
Ifi203,-0.024156742,-18.801329,0.9807275829161237,1.0,astrocyte_vs_microglial cell,astrocyte,microglial cell
Samd12,-0.024156742,-19.536322,0.9807275829161237,1.0,astrocyte_vs_microglial cell,astrocyte,microglial cell
Iqgap3,-0.024156742,-19.549961,0.9807275829161237,1.0,astrocyte_vs_microglial cell,astrocyte,microglial cell
Iqca,-0.024156742,-19.27773,0.9807275829161237,1.0,astrocyte_vs_microglial cell,astrocyte,microglial cell
Shcbp1,-0.024156742,-19.72337,0.9807275829161237,1.0,astrocyte_vs_microglial cell,astrocyte,microglial cell
Ccdc108,-0.024156742,-19.772255,0.9807275829161237,1.0,astrocyte_vs_microglial cell,astrocyte,microglial cell
Eomes,-0.024156742,-19.50283,0.9807275829161237,1.0,astrocyte_vs_microglial cell,astrocyte,microglial cell
Kcnh8,-0.024156742,-18.578522,0.9807275829161237,1.0,astrocyte_vs_microglial cell,astrocyte,microglial cell
Slc1a6,-0.024156742,-19.30593,0.9807275829161237,1.0,astrocyte_vs_microglial cell,astrocyte,microglial cell
Rnf152,-0.024156742,-19.579237,0.9807275829161237,1.0,astrocyte_vs_microglial cell,astrocyte,microglial cell
Ror1,-0.024156742,-20.17534,0.9807275829161237,1.0,astrocyte_vs_microglial cell,astrocyte,microglial cell
Ccdc63,-0.024156742,-19.43064,0.9807275829161237,1.0,astrocyte_vs_microglial cell,astrocyte,microglial cell
Fanci,-0.024156742,-19.033337,0.9807275829161237,1.0,astrocyte_vs_microglial cell,astrocyte,microglial cell
C1qtnf2,-0.024156742,-18.578522,0.9807275829161237,1.0,astrocyte_vs_microglial cell,astrocyte,microglial cell
Rep15,-0.024156742,-18.578522,0.9807275829161237,1.0,astrocyte_vs_microglial cell,astrocyte,microglial cell
S100a14,-0.024156742,-19.110565,0.9807275829161237,1.0,astrocyte_vs_microglial cell,astrocyte,microglial cell
Slc52a3,-0.024156742,-20.11371,0.9807275829161237,1.0,astrocyte_vs_microglial cell,astrocyte,microglial cell
Jazf1,-0.024156742,-18.866291,0.9807275829161237,1.0,astrocyte_vs_microglial cell,astrocyte,microglial cell
Rgs22,-0.024156742,-19.18258,0.9807275829161237,1.0,astrocyte_vs_microglial cell,astrocyte,microglial cell
Sostdc1,-0.024156742,-18.378529,0.9807275829161237,1.0,astrocyte_vs_microglial cell,astrocyte,microglial cell
Ptpn14,-0.024156742,-19.980997,0.9807275829161237,1.0,astrocyte_vs_microglial cell,astrocyte,microglial cell
Cdc25c,-0.024156742,-19.380146,0.9807275829161237,1.0,astrocyte_vs_microglial cell,astrocyte,microglial cell
Stab2,-0.024156742,-19.608393,0.9807275829161237,1.0,astrocyte_vs_microglial cell,astrocyte,microglial cell
Edn3,-0.024156742,-20.33628,0.9807275829161237,1.0,astrocyte_vs_microglial cell,astrocyte,microglial cell
Htr2c,-0.024156742,-20.414263,0.9807275829161237,1.0,astrocyte_vs_microglial cell,astrocyte,microglial cell
C130074G19Rik,-0.024156742,-19.105097,0.9807275829161237,1.0,astrocyte_vs_microglial cell,astrocyte,microglial cell
Ska1,-0.024156742,-18.578522,0.9807275829161237,1.0,astrocyte_vs_microglial cell,astrocyte,microglial cell
C130060C02Rik,-0.024156742,-20.85885,0.9807275829161237,1.0,astrocyte_vs_microglial cell,astrocyte,microglial cell
Myo16,-0.02731908,0.09715092,0.9782052395776702,1.0,astrocyte_vs_microglial cell,astrocyte,microglial cell
Pcp2,-0.02767045,-0.45694745,0.9779249921964288,1.0,astrocyte_vs_microglial cell,astrocyte,microglial cell
Net1,-0.02767045,-0.29142553,0.9779249921964288,1.0,astrocyte_vs_microglial cell,astrocyte,microglial cell
Scg2,-0.027846135,-1.3149327,0.9777848695254159,1.0,astrocyte_vs_microglial cell,astrocyte,microglial cell
Dgki,-0.027846135,-0.35258818,0.9777848695254159,1.0,astrocyte_vs_microglial cell,astrocyte,microglial cell
Clstn2,-0.027846135,-0.4967984,0.9777848695254159,1.0,astrocyte_vs_microglial cell,astrocyte,microglial cell
Hspb1,-0.02802182,-1.1135323,0.9776447475399037,1.0,astrocyte_vs_microglial cell,astrocyte,microglial cell
Mpp7,-0.028197506,-0.97926587,0.977504626244214,1.0,astrocyte_vs_microglial cell,astrocyte,microglial cell
Doc2g,-0.028197506,-0.9790369,0.977504626244214,1.0,astrocyte_vs_microglial cell,astrocyte,microglial cell
Ralyl,-0.02995436,0.39747345,0.9761034521782346,1.0,astrocyte_vs_microglial cell,astrocyte,microglial cell
S100a11,-0.030130045,0.21766382,0.9759633387557932,1.0,astrocyte_vs_microglial cell,astrocyte,microglial cell
Isg15,-0.031711213,-0.6200191,0.9747023518476927,1.0,astrocyte_vs_microglial cell,astrocyte,microglial cell
Acp1,-0.035927664,-0.4060042,0.9713400377469149,1.0,astrocyte_vs_microglial cell,astrocyte,microglial cell
Sncaip,-0.036981776,0.010358893,0.9704995364693472,1.0,astrocyte_vs_microglial cell,astrocyte,microglial cell
Map3k1,-0.039441373,-0.14165047,0.9685384958513252,1.0,astrocyte_vs_microglial cell,astrocyte,microglial cell
A330050F15Rik,-0.048313484,-20.504217,0.9614664083889242,1.0,astrocyte_vs_microglial cell,astrocyte,microglial cell
Mfap4,-0.048313484,-20.505653,0.9614664083889242,1.0,astrocyte_vs_microglial cell,astrocyte,microglial cell
Zic2,-0.048313484,-20.551344,0.9614664083889242,1.0,astrocyte_vs_microglial cell,astrocyte,microglial cell
Dcn,-0.048313484,-21.788126,0.9614664083889242,1.0,astrocyte_vs_microglial cell,astrocyte,microglial cell
Gbp5,-0.048313484,-19.705456,0.9614664083889242,1.0,astrocyte_vs_microglial cell,astrocyte,microglial cell
Abcc9,-0.048313484,-20.81827,0.9614664083889242,1.0,astrocyte_vs_microglial cell,astrocyte,microglial cell
Mecom,-0.048313484,-20.372753,0.9614664083889242,1.0,astrocyte_vs_microglial cell,astrocyte,microglial cell
Ttk,-0.048313484,-20.775675,0.9614664083889242,1.0,astrocyte_vs_microglial cell,astrocyte,microglial cell
Adamtsl3,-0.048313484,-20.33082,0.9614664083889242,1.0,astrocyte_vs_microglial cell,astrocyte,microglial cell
Adamts17,-0.048313484,-19.938482,0.9614664083889242,1.0,astrocyte_vs_microglial cell,astrocyte,microglial cell
Adamts18,-0.048313484,-19.549637,0.9614664083889242,1.0,astrocyte_vs_microglial cell,astrocyte,microglial cell
Adamts12,-0.048313484,-20.622622,0.9614664083889242,1.0,astrocyte_vs_microglial cell,astrocyte,microglial cell
Ttc21a,-0.048313484,-20.773666,0.9614664083889242,1.0,astrocyte_vs_microglial cell,astrocyte,microglial cell
Grm8,-0.048313484,-20.662148,0.9614664083889242,1.0,astrocyte_vs_microglial cell,astrocyte,microglial cell
Apcdd1,-0.048313484,-20.384394,0.9614664083889242,1.0,astrocyte_vs_microglial cell,astrocyte,microglial cell
Anln,-0.048313484,-20.956314,0.9614664083889242,1.0,astrocyte_vs_microglial cell,astrocyte,microglial cell
Greb1l,-0.048313484,-19.906214,0.9614664083889242,1.0,astrocyte_vs_microglial cell,astrocyte,microglial cell
Angptl1,-0.048313484,-20.538404,0.9614664083889242,1.0,astrocyte_vs_microglial cell,astrocyte,microglial cell
Lin7a,-0.048313484,-20.533438,0.9614664083889242,1.0,astrocyte_vs_microglial cell,astrocyte,microglial cell
Th,-0.048313484,-19.699402,0.9614664083889242,1.0,astrocyte_vs_microglial cell,astrocyte,microglial cell
Col18a1,-0.048313484,-20.436045,0.9614664083889242,1.0,astrocyte_vs_microglial cell,astrocyte,microglial cell
Cntnap4,-0.048313484,-20.930752,0.9614664083889242,1.0,astrocyte_vs_microglial cell,astrocyte,microglial cell
Tpx2,-0.048313484,-20.183846,0.9614664083889242,1.0,astrocyte_vs_microglial cell,astrocyte,microglial cell
Neurog2,-0.048313484,-20.220222,0.9614664083889242,1.0,astrocyte_vs_microglial cell,astrocyte,microglial cell
Ctxn3,-0.048313484,-20.48763,0.9614664083889242,1.0,astrocyte_vs_microglial cell,astrocyte,microglial cell
Dpp10,-0.048313484,-20.11278,0.9614664083889242,1.0,astrocyte_vs_microglial cell,astrocyte,microglial cell
Gm7854,-0.048313484,-20.603296,0.9614664083889242,1.0,astrocyte_vs_microglial cell,astrocyte,microglial cell
Ntf3,-0.048313484,-20.941618,0.9614664083889242,1.0,astrocyte_vs_microglial cell,astrocyte,microglial cell
Foxm1,-0.048313484,-19.712513,0.9614664083889242,1.0,astrocyte_vs_microglial cell,astrocyte,microglial cell
Tph2,-0.048313484,-20.233482,0.9614664083889242,1.0,astrocyte_vs_microglial cell,astrocyte,microglial cell
Vwc2,-0.048313484,-19.975435,0.9614664083889242,1.0,astrocyte_vs_microglial cell,astrocyte,microglial cell
1700012B09Rik,-0.048313484,-20.332176,0.9614664083889242,1.0,astrocyte_vs_microglial cell,astrocyte,microglial cell
Xkr4,-0.048313484,-20.928179,0.9614664083889242,1.0,astrocyte_vs_microglial cell,astrocyte,microglial cell
Ddx11,-0.048313484,-20.543196,0.9614664083889242,1.0,astrocyte_vs_microglial cell,astrocyte,microglial cell
Mms22l,-0.048313484,-20.140669,0.9614664083889242,1.0,astrocyte_vs_microglial cell,astrocyte,microglial cell
Efhb,-0.048313484,-20.579767,0.9614664083889242,1.0,astrocyte_vs_microglial cell,astrocyte,microglial cell
Plcxd3,-0.048313484,-20.309973,0.9614664083889242,1.0,astrocyte_vs_microglial cell,astrocyte,microglial cell
Higd1b,-0.048313484,-20.800598,0.9614664083889242,1.0,astrocyte_vs_microglial cell,astrocyte,microglial cell
Lgals12,-0.048313484,-20.30496,0.9614664083889242,1.0,astrocyte_vs_microglial cell,astrocyte,microglial cell
H2-Q10,-0.048313484,-20.617174,0.9614664083889242,1.0,astrocyte_vs_microglial cell,astrocyte,microglial cell
Pdlim3,-0.048313484,-19.388004,0.9614664083889242,1.0,astrocyte_vs_microglial cell,astrocyte,microglial cell
Stil,-0.048313484,-20.65739,0.9614664083889242,1.0,astrocyte_vs_microglial cell,astrocyte,microglial cell
Lama4,-0.048313484,-20.470531,0.9614664083889242,1.0,astrocyte_vs_microglial cell,astrocyte,microglial cell
Pm20d2,-0.048313484,-20.713772,0.9614664083889242,1.0,astrocyte_vs_microglial cell,astrocyte,microglial cell
Kif18a,-0.048313484,-20.675932,0.9614664083889242,1.0,astrocyte_vs_microglial cell,astrocyte,microglial cell
Slc44a5,-0.048313484,-20.54742,0.9614664083889242,1.0,astrocyte_vs_microglial cell,astrocyte,microglial cell
Cd248,-0.048313484,-19.983255,0.9614664083889242,1.0,astrocyte_vs_microglial cell,astrocyte,microglial cell
Cd163,-0.048313484,-20.370817,0.9614664083889242,1.0,astrocyte_vs_microglial cell,astrocyte,microglial cell
Prr16,-0.048313484,-21.067612,0.9614664083889242,1.0,astrocyte_vs_microglial cell,astrocyte,microglial cell
Hdc,-0.048313484,-20.495092,0.9614664083889242,1.0,astrocyte_vs_microglial cell,astrocyte,microglial cell
Hecw2,-0.048313484,-21.298613,0.9614664083889242,1.0,astrocyte_vs_microglial cell,astrocyte,microglial cell
Smtn,-0.048313484,-20.634445,0.9614664083889242,1.0,astrocyte_vs_microglial cell,astrocyte,microglial cell
Barhl2,-0.048313484,-20.270123,0.9614664083889242,1.0,astrocyte_vs_microglial cell,astrocyte,microglial cell
Cdh6,-0.048313484,-20.177137,0.9614664083889242,1.0,astrocyte_vs_microglial cell,astrocyte,microglial cell
Hist1h2bg,-0.048313484,-20.980984,0.9614664083889242,1.0,astrocyte_vs_microglial cell,astrocyte,microglial cell
Spata17,-0.048313484,-20.181654,0.9614664083889242,1.0,astrocyte_vs_microglial cell,astrocyte,microglial cell
St18,-0.048313484,-20.636133,0.9614664083889242,1.0,astrocyte_vs_microglial cell,astrocyte,microglial cell
Arhgap36,-0.048313484,-20.73452,0.9614664083889242,1.0,astrocyte_vs_microglial cell,astrocyte,microglial cell
Bmp5,-0.048313484,-20.051004,0.9614664083889242,1.0,astrocyte_vs_microglial cell,astrocyte,microglial cell
Ccna2,-0.048313484,-19.873373,0.9614664083889242,1.0,astrocyte_vs_microglial cell,astrocyte,microglial cell
Itga1,-0.048313484,-20.226429,0.9614664083889242,1.0,astrocyte_vs_microglial cell,astrocyte,microglial cell
Icam2,-0.048313484,-20.08644,0.9614664083889242,1.0,astrocyte_vs_microglial cell,astrocyte,microglial cell
Hspb2,-0.048313484,-20.406956,0.9614664083889242,1.0,astrocyte_vs_microglial cell,astrocyte,microglial cell
Rsph4a,-0.048313484,-20.422768,0.9614664083889242,1.0,astrocyte_vs_microglial cell,astrocyte,microglial cell
Rttn,-0.048313484,-20.550854,0.9614664083889242,1.0,astrocyte_vs_microglial cell,astrocyte,microglial cell
Ccdc67,-0.048313484,-20.306515,0.9614664083889242,1.0,astrocyte_vs_microglial cell,astrocyte,microglial cell
Kctd8,-0.048313484,-20.384096,0.9614664083889242,1.0,astrocyte_vs_microglial cell,astrocyte,microglial cell
Ryr3,-0.048313484,-20.40159,0.9614664083889242,1.0,astrocyte_vs_microglial cell,astrocyte,microglial cell
Shisa6,-0.048313484,-21.098684,0.9614664083889242,1.0,astrocyte_vs_microglial cell,astrocyte,microglial cell
Igf2,-0.048313484,-21.218925,0.9614664083889242,1.0,astrocyte_vs_microglial cell,astrocyte,microglial cell
Slc13a4,-0.048313484,-20.347504,0.9614664083889242,1.0,astrocyte_vs_microglial cell,astrocyte,microglial cell
Ifitm6,-0.048313484,-20.332558,0.9614664083889242,1.0,astrocyte_vs_microglial cell,astrocyte,microglial cell
Sgcd,-0.048313484,-20.261963,0.9614664083889242,1.0,astrocyte_vs_microglial cell,astrocyte,microglial cell
Exoc3l,-0.048313484,-20.54912,0.9614664083889242,1.0,astrocyte_vs_microglial cell,astrocyte,microglial cell
Serpinc1,-0.048313484,-20.115673,0.9614664083889242,1.0,astrocyte_vs_microglial cell,astrocyte,microglial cell
Sdpr,-0.048313484,-20.628666,0.9614664083889242,1.0,astrocyte_vs_microglial cell,astrocyte,microglial cell
Calml4,-0.048313484,-20.170866,0.9614664083889242,1.0,astrocyte_vs_microglial cell,astrocyte,microglial cell
Chd7,-0.050685238,-0.19296011,0.9595763407759889,1.0,astrocyte_vs_microglial cell,astrocyte,microglial cell
Grm1,-0.051387977,0.097726226,0.9590163638965858,1.0,astrocyte_vs_microglial cell,astrocyte,microglial cell
Slc17a6,-0.051563665,-0.27505744,0.9588763728256149,1.0,astrocyte_vs_microglial cell,astrocyte,microglial cell
Pglyrp1,-0.05173935,-0.5966248,0.9587363830228148,1.0,astrocyte_vs_microglial cell,astrocyte,microglial cell
9430020K01Rik,-0.05173935,-0.6234404,0.9587363830228148,1.0,astrocyte_vs_microglial cell,astrocyte,microglial cell
Pde4d,-0.051915035,-0.6072842,0.9585963944924951,1.0,astrocyte_vs_microglial cell,astrocyte,microglial cell
Zfp940,-0.054989528,-0.22173043,0.9561468057281989,1.0,astrocyte_vs_microglial cell,astrocyte,microglial cell
D930015E06Rik,-0.05859108,-0.13617711,0.9532778158119566,1.0,astrocyte_vs_microglial cell,astrocyte,microglial cell
Cdkal1,-0.060435776,-0.121121354,0.9518085652690877,1.0,astrocyte_vs_microglial cell,astrocyte,microglial cell
Nrd1,-0.060435776,-0.30465445,0.9518085652690877,1.0,astrocyte_vs_microglial cell,astrocyte,microglial cell
Pcp4l1,-0.062016945,-0.15923029,0.9505493378365709,1.0,astrocyte_vs_microglial cell,astrocyte,microglial cell
Gm13889,-0.06825378,-0.17201023,0.9455836192414427,1.0,astrocyte_vs_microglial cell,astrocyte,microglial cell
Sntb1,-0.072470225,-21.056114,0.9422276993038816,1.0,astrocyte_vs_microglial cell,astrocyte,microglial cell
Clec10a,-0.072470225,-21.403027,0.9422276993038816,1.0,astrocyte_vs_microglial cell,astrocyte,microglial cell
Pde1c,-0.072470225,-21.691782,0.9422276993038816,1.0,astrocyte_vs_microglial cell,astrocyte,microglial cell
Samd9l,-0.072470225,-21.129818,0.9422276993038816,1.0,astrocyte_vs_microglial cell,astrocyte,microglial cell
Slit2,-0.072470225,-21.987709,0.9422276993038816,1.0,astrocyte_vs_microglial cell,astrocyte,microglial cell
Fbln5,-0.072470225,-21.080399,0.9422276993038816,1.0,astrocyte_vs_microglial cell,astrocyte,microglial cell
Dlgap2,-0.072470225,-21.311691,0.9422276993038816,1.0,astrocyte_vs_microglial cell,astrocyte,microglial cell
Airn,-0.072470225,-21.123127,0.9422276993038816,1.0,astrocyte_vs_microglial cell,astrocyte,microglial cell
Stxbp5l,-0.072470225,-20.722279,0.9422276993038816,1.0,astrocyte_vs_microglial cell,astrocyte,microglial cell
Tcte2,-0.072470225,-20.976,0.9422276993038816,1.0,astrocyte_vs_microglial cell,astrocyte,microglial cell
Grk5,-0.072470225,-21.042946,0.9422276993038816,1.0,astrocyte_vs_microglial cell,astrocyte,microglial cell
Vtn,-0.072470225,-21.748005,0.9422276993038816,1.0,astrocyte_vs_microglial cell,astrocyte,microglial cell
Ndufa4l2,-0.072470225,-21.39692,0.9422276993038816,1.0,astrocyte_vs_microglial cell,astrocyte,microglial cell
Rai14,-0.072470225,-20.99719,0.9422276993038816,1.0,astrocyte_vs_microglial cell,astrocyte,microglial cell
Hs3st4,-0.072470225,-21.03117,0.9422276993038816,1.0,astrocyte_vs_microglial cell,astrocyte,microglial cell
Prlr,-0.072470225,-20.990925,0.9422276993038816,1.0,astrocyte_vs_microglial cell,astrocyte,microglial cell
Cdk15,-0.072470225,-20.830132,0.9422276993038816,1.0,astrocyte_vs_microglial cell,astrocyte,microglial cell
Vwf,-0.072470225,-20.781876,0.9422276993038816,1.0,astrocyte_vs_microglial cell,astrocyte,microglial cell
Egfem1,-0.072470225,-21.011494,0.9422276993038816,1.0,astrocyte_vs_microglial cell,astrocyte,microglial cell
Alpk1,-0.072470225,-21.24944,0.9422276993038816,1.0,astrocyte_vs_microglial cell,astrocyte,microglial cell
Col11a1,-0.072470225,-20.594496,0.9422276993038816,1.0,astrocyte_vs_microglial cell,astrocyte,microglial cell
P2ry14,-0.072470225,-20.912012,0.9422276993038816,1.0,astrocyte_vs_microglial cell,astrocyte,microglial cell
Zmynd12,-0.072470225,-20.884727,0.9422276993038816,1.0,astrocyte_vs_microglial cell,astrocyte,microglial cell
Esam,-0.072470225,-20.810926,0.9422276993038816,1.0,astrocyte_vs_microglial cell,astrocyte,microglial cell
Epha3,-0.072470225,-21.454132,0.9422276993038816,1.0,astrocyte_vs_microglial cell,astrocyte,microglial cell
9530026P05Rik,-0.072470225,-21.228247,0.9422276993038816,1.0,astrocyte_vs_microglial cell,astrocyte,microglial cell
Dach1,-0.072470225,-21.05441,0.9422276993038816,1.0,astrocyte_vs_microglial cell,astrocyte,microglial cell
1700007G11Rik,-0.072470225,-21.019588,0.9422276993038816,1.0,astrocyte_vs_microglial cell,astrocyte,microglial cell
Sh3d19,-0.072470225,-21.05123,0.9422276993038816,1.0,astrocyte_vs_microglial cell,astrocyte,microglial cell
Foxd1,-0.072470225,-21.676037,0.9422276993038816,1.0,astrocyte_vs_microglial cell,astrocyte,microglial cell
Pcdh15,-0.072470225,-21.436779,0.9422276993038816,1.0,astrocyte_vs_microglial cell,astrocyte,microglial cell
Fstl5,-0.072470225,-20.939436,0.9422276993038816,1.0,astrocyte_vs_microglial cell,astrocyte,microglial cell
Nrg3,-0.072470225,-21.231104,0.9422276993038816,1.0,astrocyte_vs_microglial cell,astrocyte,microglial cell
Tm4sf1,-0.072470225,-20.861782,0.9422276993038816,1.0,astrocyte_vs_microglial cell,astrocyte,microglial cell
Foxp2,-0.072470225,-20.383343,0.9422276993038816,1.0,astrocyte_vs_microglial cell,astrocyte,microglial cell
Gpr156,-0.072470225,-21.44171,0.9422276993038816,1.0,astrocyte_vs_microglial cell,astrocyte,microglial cell
Akap2,-0.072470225,-21.223124,0.9422276993038816,1.0,astrocyte_vs_microglial cell,astrocyte,microglial cell
Ttll8,-0.072470225,-21.331594,0.9422276993038816,1.0,astrocyte_vs_microglial cell,astrocyte,microglial cell
Neurod1,-0.072470225,-20.36351,0.9422276993038816,1.0,astrocyte_vs_microglial cell,astrocyte,microglial cell
Cpne7,-0.072470225,-21.06152,0.9422276993038816,1.0,astrocyte_vs_microglial cell,astrocyte,microglial cell
Cp,-0.072470225,-21.453556,0.9422276993038816,1.0,astrocyte_vs_microglial cell,astrocyte,microglial cell
Uaca,-0.072470225,-20.740583,0.9422276993038816,1.0,astrocyte_vs_microglial cell,astrocyte,microglial cell
Gabra6,-0.072470225,-20.914951,0.9422276993038816,1.0,astrocyte_vs_microglial cell,astrocyte,microglial cell
Trp73,-0.072470225,-20.931732,0.9422276993038816,1.0,astrocyte_vs_microglial cell,astrocyte,microglial cell
Ngfr,-0.072470225,-20.808964,0.9422276993038816,1.0,astrocyte_vs_microglial cell,astrocyte,microglial cell
Hpx,-0.072470225,-21.347546,0.9422276993038816,1.0,astrocyte_vs_microglial cell,astrocyte,microglial cell
Olfm3,-0.075632565,-0.42551318,0.9397114289594568,1.0,astrocyte_vs_microglial cell,astrocyte,microglial cell
Grik2,-0.07580825,-0.79448617,0.939571653575769,1.0,astrocyte_vs_microglial cell,astrocyte,microglial cell
Penk,-0.075983934,-0.69681823,0.9394318800536534,1.0,astrocyte_vs_microglial cell,astrocyte,microglial cell
Ifit1,-0.07651099,-1.4094666,0.9390125706996333,1.0,astrocyte_vs_microglial cell,astrocyte,microglial cell
Rims2,-0.07651099,-1.2977319,0.9390125706996333,1.0,astrocyte_vs_microglial cell,astrocyte,microglial cell
Ly6c1,-0.07668667,-2.2363346,0.9388728046666986,1.0,astrocyte_vs_microglial cell,astrocyte,microglial cell
Dnmt3b,-0.07668667,-1.4551983,0.9388728046666986,1.0,astrocyte_vs_microglial cell,astrocyte,microglial cell
Serpini1,-0.07668667,-1.4511341,0.9388728046666986,1.0,astrocyte_vs_microglial cell,astrocyte,microglial cell
Mtss1,-0.07703805,-0.2785353,0.9385932782541694,1.0,astrocyte_vs_microglial cell,astrocyte,microglial cell
Ermn,-0.07949764,-0.5191668,0.936636807145807,1.0,astrocyte_vs_microglial cell,astrocyte,microglial cell
Ccnjl,-0.07967333,-0.5161396,0.9364970737072734,1.0,astrocyte_vs_microglial cell,astrocyte,microglial cell
Tmem2,-0.08055175,-0.8223744,0.9357984359387624,1.0,astrocyte_vs_microglial cell,astrocyte,microglial cell
Wtip,-0.08090313,-0.9601425,0.9355189946426183,1.0,astrocyte_vs_microglial cell,astrocyte,microglial cell
Synpr,-0.08178155,-0.050168406,0.9348204262303179,1.0,astrocyte_vs_microglial cell,astrocyte,microglial cell
Sbf2,-0.09346463,-0.18756649,0.9255344470720231,1.0,astrocyte_vs_microglial cell,astrocyte,microglial cell
Slc9a9,-0.09513364,-0.1111602,0.9242086766193391,1.0,astrocyte_vs_microglial cell,astrocyte,microglial cell
Cntn6,-0.09662697,-21.051186,0.923022639261436,1.0,astrocyte_vs_microglial cell,astrocyte,microglial cell
Sds,-0.09662697,-21.620821,0.923022639261436,1.0,astrocyte_vs_microglial cell,astrocyte,microglial cell
Plch1,-0.09662697,-21.51432,0.923022639261436,1.0,astrocyte_vs_microglial cell,astrocyte,microglial cell
Pcsk4,-0.09662697,-21.66432,0.923022639261436,1.0,astrocyte_vs_microglial cell,astrocyte,microglial cell
Pdyn,-0.09662697,-21.287683,0.923022639261436,1.0,astrocyte_vs_microglial cell,astrocyte,microglial cell
Folr1,-0.09662697,-21.034834,0.923022639261436,1.0,astrocyte_vs_microglial cell,astrocyte,microglial cell
Col4a5,-0.09662697,-21.722227,0.923022639261436,1.0,astrocyte_vs_microglial cell,astrocyte,microglial cell
Lef1,-0.09662697,-21.363857,0.923022639261436,1.0,astrocyte_vs_microglial cell,astrocyte,microglial cell
Thsd4,-0.09662697,-21.776684,0.923022639261436,1.0,astrocyte_vs_microglial cell,astrocyte,microglial cell
Nkain2,-0.09662697,-21.100676,0.923022639261436,1.0,astrocyte_vs_microglial cell,astrocyte,microglial cell
Nr4a2,-0.09662697,-21.035805,0.923022639261436,1.0,astrocyte_vs_microglial cell,astrocyte,microglial cell
Gm17660,-0.09662697,-21.525587,0.923022639261436,1.0,astrocyte_vs_microglial cell,astrocyte,microglial cell
Galnt13,-0.09662697,-21.945839,0.923022639261436,1.0,astrocyte_vs_microglial cell,astrocyte,microglial cell
Col4a6,-0.09662697,-21.318142,0.923022639261436,1.0,astrocyte_vs_microglial cell,astrocyte,microglial cell
Gdap10,-0.09662697,-21.396896,0.923022639261436,1.0,astrocyte_vs_microglial cell,astrocyte,microglial cell
Sh3rf1,-0.09662697,-21.475626,0.923022639261436,1.0,astrocyte_vs_microglial cell,astrocyte,microglial cell
Sh3bgr,-0.09662697,-21.223835,0.923022639261436,1.0,astrocyte_vs_microglial cell,astrocyte,microglial cell
Sh3rf3,-0.09662697,-21.041319,0.923022639261436,1.0,astrocyte_vs_microglial cell,astrocyte,microglial cell
Casq2,-0.09662697,-21.335535,0.923022639261436,1.0,astrocyte_vs_microglial cell,astrocyte,microglial cell
Xk,-0.09662697,-21.732689,0.923022639261436,1.0,astrocyte_vs_microglial cell,astrocyte,microglial cell
Fas,-0.09662697,-21.253263,0.923022639261436,1.0,astrocyte_vs_microglial cell,astrocyte,microglial cell
Rorc,-0.09662697,-21.200212,0.923022639261436,1.0,astrocyte_vs_microglial cell,astrocyte,microglial cell
Igfbpl1,-0.09662697,-21.472134,0.923022639261436,1.0,astrocyte_vs_microglial cell,astrocyte,microglial cell
Shroom4,-0.09662697,-21.75617,0.923022639261436,1.0,astrocyte_vs_microglial cell,astrocyte,microglial cell
2900079G21Rik,-0.09662697,-21.662624,0.923022639261436,1.0,astrocyte_vs_microglial cell,astrocyte,microglial cell
Fmod,-0.09662697,-21.34152,0.923022639261436,1.0,astrocyte_vs_microglial cell,astrocyte,microglial cell
Aqp6,-0.09662697,-21.829777,0.923022639261436,1.0,astrocyte_vs_microglial cell,astrocyte,microglial cell
Ptprk,-0.09662697,-21.306177,0.923022639261436,1.0,astrocyte_vs_microglial cell,astrocyte,microglial cell
Bcl2l15,-0.09662697,-21.57261,0.923022639261436,1.0,astrocyte_vs_microglial cell,astrocyte,microglial cell
Ranbp17,-0.09662697,-21.59055,0.923022639261436,1.0,astrocyte_vs_microglial cell,astrocyte,microglial cell
Btbd7,-0.09662697,-21.385025,0.923022639261436,1.0,astrocyte_vs_microglial cell,astrocyte,microglial cell
Podxl,-0.09662697,-21.560175,0.923022639261436,1.0,astrocyte_vs_microglial cell,astrocyte,microglial cell
Kcnb2,-0.09662697,-21.220778,0.923022639261436,1.0,astrocyte_vs_microglial cell,astrocyte,microglial cell
Kif26b,-0.09662697,-21.797176,0.923022639261436,1.0,astrocyte_vs_microglial cell,astrocyte,microglial cell
Prr11,-0.09662697,-21.181513,0.923022639261436,1.0,astrocyte_vs_microglial cell,astrocyte,microglial cell
D430041D05Rik,-0.09662697,-21.7719,0.923022639261436,1.0,astrocyte_vs_microglial cell,astrocyte,microglial cell
Wbscr17,-0.09662697,-21.40182,0.923022639261436,1.0,astrocyte_vs_microglial cell,astrocyte,microglial cell
Tagln,-0.09662697,-21.681982,0.923022639261436,1.0,astrocyte_vs_microglial cell,astrocyte,microglial cell
Syt2,-0.09662697,-21.914782,0.923022639261436,1.0,astrocyte_vs_microglial cell,astrocyte,microglial cell
Vmn1r4,-0.09662697,-21.175097,0.923022639261436,1.0,astrocyte_vs_microglial cell,astrocyte,microglial cell
Kcnk10,-0.09662697,-21.951244,0.923022639261436,1.0,astrocyte_vs_microglial cell,astrocyte,microglial cell
St8sia2,-0.09662697,-21.426657,0.923022639261436,1.0,astrocyte_vs_microglial cell,astrocyte,microglial cell
Pld5,-0.09662697,-21.908861,0.923022639261436,1.0,astrocyte_vs_microglial cell,astrocyte,microglial cell
Antxr2,-0.09662697,-21.393242,0.923022639261436,1.0,astrocyte_vs_microglial cell,astrocyte,microglial cell
Rbms3,-0.099701464,-0.48498031,0.9205813393977667,1.0,astrocyte_vs_microglial cell,astrocyte,microglial cell
Vat1l,-0.10005283,-0.95753866,0.920302380911421,1.0,astrocyte_vs_microglial cell,astrocyte,microglial cell
Aebp1,-0.10005283,-1.1103594,0.920302380911421,1.0,astrocyte_vs_microglial cell,astrocyte,microglial cell
Cacnb2,-0.10022852,-1.3081918,0.9201629053436644,1.0,astrocyte_vs_microglial cell,astrocyte,microglial cell
Ccdc18,-0.10057989,-1.1915746,0.919883961580293,1.0,astrocyte_vs_microglial cell,astrocyte,microglial cell
Kcnip1,-0.10057989,-1.2101499,0.919883961580293,1.0,astrocyte_vs_microglial cell,astrocyte,microglial cell
Sacs,-0.10075557,-2.174373,0.9197444933932009,1.0,astrocyte_vs_microglial cell,astrocyte,microglial cell
2610037D02Rik,-0.10672888,-0.3027501,0.9150040718101641,1.0,astrocyte_vs_microglial cell,astrocyte,microglial cell
Kif13a,-0.108310044,-0.6267351,0.9137497531798143,1.0,astrocyte_vs_microglial cell,astrocyte,microglial cell
Dok6,-0.12078371,-21.417788,0.9038623530776174,1.0,astrocyte_vs_microglial cell,astrocyte,microglial cell
Lrfn2,-0.12078371,-21.490942,0.9038623530776174,1.0,astrocyte_vs_microglial cell,astrocyte,microglial cell
Zfp385b,-0.12078371,-21.693323,0.9038623530776174,1.0,astrocyte_vs_microglial cell,astrocyte,microglial cell
Ephb2,-0.12078371,-21.266941,0.9038623530776174,1.0,astrocyte_vs_microglial cell,astrocyte,microglial cell
Frmd5,-0.12078371,-21.53614,0.9038623530776174,1.0,astrocyte_vs_microglial cell,astrocyte,microglial cell
Ntn4,-0.12078371,-21.667812,0.9038623530776174,1.0,astrocyte_vs_microglial cell,astrocyte,microglial cell
Tmprss11d,-0.12078371,-22.065561,0.9038623530776174,1.0,astrocyte_vs_microglial cell,astrocyte,microglial cell
Iqck,-0.12078371,-21.58055,0.9038623530776174,1.0,astrocyte_vs_microglial cell,astrocyte,microglial cell
Ikbke,-0.12078371,-21.7383,0.9038623530776174,1.0,astrocyte_vs_microglial cell,astrocyte,microglial cell
Shc3,-0.12078371,-21.768627,0.9038623530776174,1.0,astrocyte_vs_microglial cell,astrocyte,microglial cell
Sema5a,-0.12078371,-21.498346,0.9038623530776174,1.0,astrocyte_vs_microglial cell,astrocyte,microglial cell
Nefh,-0.12078371,-21.991673,0.9038623530776174,1.0,astrocyte_vs_microglial cell,astrocyte,microglial cell
Tsku,-0.12078371,-21.8049,0.9038623530776174,1.0,astrocyte_vs_microglial cell,astrocyte,microglial cell
Cyp1b1,-0.12078371,-21.711933,0.9038623530776174,1.0,astrocyte_vs_microglial cell,astrocyte,microglial cell
Nexn,-0.12078371,-21.663141,0.9038623530776174,1.0,astrocyte_vs_microglial cell,astrocyte,microglial cell
Apoa1,-0.12078371,-21.925774,0.9038623530776174,1.0,astrocyte_vs_microglial cell,astrocyte,microglial cell
Spag8,-0.12078371,-21.810139,0.9038623530776174,1.0,astrocyte_vs_microglial cell,astrocyte,microglial cell
Mybpc1,-0.12078371,-22.088337,0.9038623530776174,1.0,astrocyte_vs_microglial cell,astrocyte,microglial cell
Klhl29,-0.12078371,-21.595144,0.9038623530776174,1.0,astrocyte_vs_microglial cell,astrocyte,microglial cell
Enkur,-0.12078371,-21.518091,0.9038623530776174,1.0,astrocyte_vs_microglial cell,astrocyte,microglial cell
Pola1,-0.12078371,-21.821081,0.9038623530776174,1.0,astrocyte_vs_microglial cell,astrocyte,microglial cell
Kcnh7,-0.12078371,-21.913187,0.9038623530776174,1.0,astrocyte_vs_microglial cell,astrocyte,microglial cell
Brca1,-0.12078371,-21.674938,0.9038623530776174,1.0,astrocyte_vs_microglial cell,astrocyte,microglial cell
Tmem163,-0.12078371,-21.664051,0.9038623530776174,1.0,astrocyte_vs_microglial cell,astrocyte,microglial cell
Ankrd28,-0.12078371,-21.650322,0.9038623530776174,1.0,astrocyte_vs_microglial cell,astrocyte,microglial cell
Pcsk5,-0.12078371,-22.301155,0.9038623530776174,1.0,astrocyte_vs_microglial cell,astrocyte,microglial cell
Crispld2,-0.12078371,-22.323006,0.9038623530776174,1.0,astrocyte_vs_microglial cell,astrocyte,microglial cell
Opn1sw,-0.12078371,-21.999716,0.9038623530776174,1.0,astrocyte_vs_microglial cell,astrocyte,microglial cell
Elfn1,-0.12377036,-0.36657614,0.9014970991495107,1.0,astrocyte_vs_microglial cell,astrocyte,microglial cell
Eml6,-0.12394605,-0.94723964,0.9013579935860186,1.0,astrocyte_vs_microglial cell,astrocyte,microglial cell
Zfpm2,-0.12394605,-1.040332,0.9013579935860186,1.0,astrocyte_vs_microglial cell,astrocyte,microglial cell
Cux2,-0.12394605,-0.9370211,0.9013579935860186,1.0,astrocyte_vs_microglial cell,astrocyte,microglial cell
Resp18,-0.12464879,-1.1952878,0.9008016016649394,1.0,astrocyte_vs_microglial cell,astrocyte,microglial cell
C1ql3,-0.12464879,-1.4915227,0.9008016016649394,1.0,astrocyte_vs_microglial cell,astrocyte,microglial cell
Apod,-0.12482447,-1.7289165,0.9006625112890267,1.0,astrocyte_vs_microglial cell,astrocyte,microglial cell
Gpr17,-0.12500016,-1.8967552,0.90052342396331,1.0,astrocyte_vs_microglial cell,astrocyte,microglial cell
Ttr,-0.12517585,-1.6923316,0.900384339692015,1.0,astrocyte_vs_microglial cell,astrocyte,microglial cell
Atp11c,-0.12517585,-2.1676967,0.900384339692015,1.0,astrocyte_vs_microglial cell,astrocyte,microglial cell
Wwox,-0.12596643,-0.46381778,0.8997584983829537,1.0,astrocyte_vs_microglial cell,astrocyte,microglial cell
Map2k6,-0.13079777,-0.2954008,0.8959352810188208,1.0,astrocyte_vs_microglial cell,astrocyte,microglial cell
Deptor,-0.13448717,-1.0781672,0.89301735495526,1.0,astrocyte_vs_microglial cell,astrocyte,microglial cell
Cdc14a,-0.14274438,-0.35144222,0.8864920617188556,1.0,astrocyte_vs_microglial cell,astrocyte,microglial cell
Pcolce,-0.14494045,-22.091036,0.884757887455802,1.0,astrocyte_vs_microglial cell,astrocyte,microglial cell
Ano4,-0.14494045,-21.801287,0.884757887455802,1.0,astrocyte_vs_microglial cell,astrocyte,microglial cell
Tmprss7,-0.14494045,-22.360188,0.884757887455802,1.0,astrocyte_vs_microglial cell,astrocyte,microglial cell
Cntnap5a,-0.14494045,-22.2085,0.884757887455802,1.0,astrocyte_vs_microglial cell,astrocyte,microglial cell
March3,-0.14494045,-22.605873,0.884757887455802,1.0,astrocyte_vs_microglial cell,astrocyte,microglial cell
Fn1,-0.14494045,-22.107416,0.884757887455802,1.0,astrocyte_vs_microglial cell,astrocyte,microglial cell
Cblb,-0.14494045,-21.714224,0.884757887455802,1.0,astrocyte_vs_microglial cell,astrocyte,microglial cell
Cacna2d3,-0.14494045,-22.499855,0.884757887455802,1.0,astrocyte_vs_microglial cell,astrocyte,microglial cell
Cbln1,-0.14494045,-22.440334,0.884757887455802,1.0,astrocyte_vs_microglial cell,astrocyte,microglial cell
Mmp16,-0.14494045,-21.862219,0.884757887455802,1.0,astrocyte_vs_microglial cell,astrocyte,microglial cell
Rims1,-0.14494045,-22.042622,0.884757887455802,1.0,astrocyte_vs_microglial cell,astrocyte,microglial cell
Rnf180,-0.14494045,-22.057129,0.884757887455802,1.0,astrocyte_vs_microglial cell,astrocyte,microglial cell
Otud7a,-0.14494045,-21.90164,0.884757887455802,1.0,astrocyte_vs_microglial cell,astrocyte,microglial cell
Ddr2,-0.14494045,-21.901272,0.884757887455802,1.0,astrocyte_vs_microglial cell,astrocyte,microglial cell
Slc22a8,-0.14494045,-21.758167,0.884757887455802,1.0,astrocyte_vs_microglial cell,astrocyte,microglial cell
Spef2,-0.14494045,-21.992706,0.884757887455802,1.0,astrocyte_vs_microglial cell,astrocyte,microglial cell
Arhgef33,-0.14494045,-21.988237,0.884757887455802,1.0,astrocyte_vs_microglial cell,astrocyte,microglial cell
Arhgap6,-0.14494045,-21.941475,0.884757887455802,1.0,astrocyte_vs_microglial cell,astrocyte,microglial cell
Phldb2,-0.14494045,-22.262762,0.884757887455802,1.0,astrocyte_vs_microglial cell,astrocyte,microglial cell
Veph1,-0.14494045,-22.201195,0.884757887455802,1.0,astrocyte_vs_microglial cell,astrocyte,microglial cell
Dlx1,-0.14494045,-22.162922,0.884757887455802,1.0,astrocyte_vs_microglial cell,astrocyte,microglial cell
Fibcd1,-0.14494045,-22.237286,0.884757887455802,1.0,astrocyte_vs_microglial cell,astrocyte,microglial cell
Khdrbs2,-0.14494045,-22.359007,0.884757887455802,1.0,astrocyte_vs_microglial cell,astrocyte,microglial cell
Enox1,-0.14801495,-1.1372743,0.882330972509118,1.0,astrocyte_vs_microglial cell,astrocyte,microglial cell
Tnfaip8,-0.14819063,-0.21579888,0.8821923247924224,1.0,astrocyte_vs_microglial cell,astrocyte,microglial cell
Rasd1,-0.14906906,-1.9450065,0.8814991404371928,1.0,astrocyte_vs_microglial cell,astrocyte,microglial cell
Syne2,-0.14924474,-1.9569689,0.8813605144410884,1.0,astrocyte_vs_microglial cell,astrocyte,microglial cell
Nid1,-0.15056239,-0.5147232,0.880320935616606,1.0,astrocyte_vs_microglial cell,astrocyte,microglial cell
Exoc6b,-0.15126513,-0.2517937,0.8797665777851716,1.0,astrocyte_vs_microglial cell,astrocyte,microglial cell
Bdnf,-0.154691,-0.04394561,0.8770649321309612,1.0,astrocyte_vs_microglial cell,astrocyte,microglial cell
Gad1,-0.16119134,-0.48036203,0.8719426926947521,1.0,astrocyte_vs_microglial cell,astrocyte,microglial cell
Nrp2,-0.16347526,-0.1605235,0.8701442496079422,1.0,astrocyte_vs_microglial cell,astrocyte,microglial cell
Tspan2,-0.16426584,-0.22497469,0.8695218675685537,1.0,astrocyte_vs_microglial cell,astrocyte,microglial cell
Nusap1,-0.1690972,-22.245575,0.8657201918855484,1.0,astrocyte_vs_microglial cell,astrocyte,microglial cell
Adcy5,-0.1690972,-22.401981,0.8657201918855484,1.0,astrocyte_vs_microglial cell,astrocyte,microglial cell
Ppp1r36,-0.1690972,-22.141554,0.8657201918855484,1.0,astrocyte_vs_microglial cell,astrocyte,microglial cell
Dynlrb2,-0.1690972,-22.133419,0.8657201918855484,1.0,astrocyte_vs_microglial cell,astrocyte,microglial cell
Gjc1,-0.1690972,-21.933989,0.8657201918855484,1.0,astrocyte_vs_microglial cell,astrocyte,microglial cell
Vit,-0.1690972,-22.078897,0.8657201918855484,1.0,astrocyte_vs_microglial cell,astrocyte,microglial cell
Nrg2,-0.1690972,-22.219423,0.8657201918855484,1.0,astrocyte_vs_microglial cell,astrocyte,microglial cell
Cpne4,-0.1690972,-22.354738,0.8657201918855484,1.0,astrocyte_vs_microglial cell,astrocyte,microglial cell
Als2,-0.1690972,-22.502787,0.8657201918855484,1.0,astrocyte_vs_microglial cell,astrocyte,microglial cell
Svep1,-0.1690972,-22.009777,0.8657201918855484,1.0,astrocyte_vs_microglial cell,astrocyte,microglial cell
Cbln3,-0.1690972,-22.320913,0.8657201918855484,1.0,astrocyte_vs_microglial cell,astrocyte,microglial cell
Calr4,-0.1690972,-22.5195,0.8657201918855484,1.0,astrocyte_vs_microglial cell,astrocyte,microglial cell
Ndst3,-0.1690972,-22.364824,0.8657201918855484,1.0,astrocyte_vs_microglial cell,astrocyte,microglial cell
Pgm5,-0.1690972,-22.169115,0.8657201918855484,1.0,astrocyte_vs_microglial cell,astrocyte,microglial cell
Hook1,-0.1690972,-22.02633,0.8657201918855484,1.0,astrocyte_vs_microglial cell,astrocyte,microglial cell
Syn3,-0.1690972,-22.566696,0.8657201918855484,1.0,astrocyte_vs_microglial cell,astrocyte,microglial cell
Dlg2,-0.17173247,-1.0220858,0.8636478536412511,1.0,astrocyte_vs_microglial cell,astrocyte,microglial cell
Zfp28,-0.17190816,-1.2215438,0.8635097309425551,1.0,astrocyte_vs_microglial cell,astrocyte,microglial cell
Bcam,-0.17190816,-1.2842164,0.8635097309425551,1.0,astrocyte_vs_microglial cell,astrocyte,microglial cell
Gm2694,-0.17225952,-1.3554592,0.8632334980637542,1.0,astrocyte_vs_microglial cell,astrocyte,microglial cell
Pknox2,-0.1727866,-1.4982995,0.8628191801040789,1.0,astrocyte_vs_microglial cell,astrocyte,microglial cell
Rps6ka5,-0.17313796,-1.665603,0.8625429890848973,1.0,astrocyte_vs_microglial cell,astrocyte,microglial cell
Ralgapa2,-0.17348933,-2.1816545,0.8622668148674568,1.0,astrocyte_vs_microglial cell,astrocyte,microglial cell
Neil1,-0.17366502,-2.4518583,0.862128734069725,1.0,astrocyte_vs_microglial cell,astrocyte,microglial cell
Il1rapl1,-0.17366502,-2.306085,0.862128734069725,1.0,astrocyte_vs_microglial cell,astrocyte,microglial cell
Slc9a3r2,-0.18121949,-0.9237578,0.856195299797267,1.0,astrocyte_vs_microglial cell,astrocyte,microglial cell
0610030E20Rik,-0.18139517,-0.4995571,0.856057408269127,1.0,astrocyte_vs_microglial cell,astrocyte,microglial cell
Nudt1,-0.18807122,-1.0258913,0.85082082397431,1.0,astrocyte_vs_microglial cell,astrocyte,microglial cell
R3hdm1,-0.19246335,-0.25209087,0.8473792721733544,1.0,astrocyte_vs_microglial cell,astrocyte,microglial cell
Glcci1,-0.19325393,-22.362967,0.8467600998235475,1.0,astrocyte_vs_microglial cell,astrocyte,microglial cell
Esrrg,-0.19325393,-22.730114,0.8467600998235475,1.0,astrocyte_vs_microglial cell,astrocyte,microglial cell
Art3,-0.19325393,-22.673948,0.8467600998235475,1.0,astrocyte_vs_microglial cell,astrocyte,microglial cell
Slc25a21,-0.19325393,-22.294477,0.8467600998235475,1.0,astrocyte_vs_microglial cell,astrocyte,microglial cell
Cobll1,-0.19325393,-22.392353,0.8467600998235475,1.0,astrocyte_vs_microglial cell,astrocyte,microglial cell
Pax6os1,-0.19325393,-22.293095,0.8467600998235475,1.0,astrocyte_vs_microglial cell,astrocyte,microglial cell
Zbtb7c,-0.19325393,-22.519184,0.8467600998235475,1.0,astrocyte_vs_microglial cell,astrocyte,microglial cell
Chst3,-0.19325393,-22.231308,0.8467600998235475,1.0,astrocyte_vs_microglial cell,astrocyte,microglial cell
Tbc1d4,-0.19325393,-22.67171,0.8467600998235475,1.0,astrocyte_vs_microglial cell,astrocyte,microglial cell
En2,-0.19325393,-22.334684,0.8467600998235475,1.0,astrocyte_vs_microglial cell,astrocyte,microglial cell
Gm5089,-0.19325393,-22.381405,0.8467600998235475,1.0,astrocyte_vs_microglial cell,astrocyte,microglial cell
Mfap5,-0.19325393,-22.362993,0.8467600998235475,1.0,astrocyte_vs_microglial cell,astrocyte,microglial cell
Btbd11,-0.19325393,-22.445564,0.8467600998235475,1.0,astrocyte_vs_microglial cell,astrocyte,microglial cell
Fign,-0.19325393,-22.758537,0.8467600998235475,1.0,astrocyte_vs_microglial cell,astrocyte,microglial cell
Eda,-0.19325393,-22.646055,0.8467600998235475,1.0,astrocyte_vs_microglial cell,astrocyte,microglial cell
Lrrc23,-0.19325393,-22.52616,0.8467600998235475,1.0,astrocyte_vs_microglial cell,astrocyte,microglial cell
Ctnna3,-0.19325393,-22.772789,0.8467600998235475,1.0,astrocyte_vs_microglial cell,astrocyte,microglial cell
Nphs1,-0.19325393,-22.646015,0.8467600998235475,1.0,astrocyte_vs_microglial cell,astrocyte,microglial cell
Nrg1,-0.19325393,-22.286411,0.8467600998235475,1.0,astrocyte_vs_microglial cell,astrocyte,microglial cell
Colec12,-0.19325393,-22.82059,0.8467600998235475,1.0,astrocyte_vs_microglial cell,astrocyte,microglial cell
Rsad2,-0.19325393,-22.408655,0.8467600998235475,1.0,astrocyte_vs_microglial cell,astrocyte,microglial cell
S1pr3,-0.19325393,-22.59377,0.8467600998235475,1.0,astrocyte_vs_microglial cell,astrocyte,microglial cell
Slc39a11,-0.19369315,-0.9528616,0.846416156034052,1.0,astrocyte_vs_microglial cell,astrocyte,microglial cell
Tns1,-0.1985245,-0.61018944,0.8426347194796715,1.0,astrocyte_vs_microglial cell,astrocyte,microglial cell
Park2,-0.19949077,-0.42205414,0.8418788644795082,1.0,astrocyte_vs_microglial cell,astrocyte,microglial cell
Vti1a,-0.20098409,-1.2258201,0.8407110117319542,1.0,astrocyte_vs_microglial cell,astrocyte,microglial cell
Pvalb,-0.20493701,-1.084725,0.837621335099215,1.0,astrocyte_vs_microglial cell,astrocyte,microglial cell
Arhgef11,-0.20669387,-1.1494915,0.8362489458259558,1.0,astrocyte_vs_microglial cell,astrocyte,microglial cell
Bcl11b,-0.21741068,-22.537899,0.8278883102105703,1.0,astrocyte_vs_microglial cell,astrocyte,microglial cell
Aff3,-0.21741068,-22.342752,0.8278883102105703,1.0,astrocyte_vs_microglial cell,astrocyte,microglial cell
Mylk,-0.21741068,-22.664558,0.8278883102105703,1.0,astrocyte_vs_microglial cell,astrocyte,microglial cell
Col5a2,-0.21741068,-22.68724,0.8278883102105703,1.0,astrocyte_vs_microglial cell,astrocyte,microglial cell
Cd24a,-0.21741068,-22.46506,0.8278883102105703,1.0,astrocyte_vs_microglial cell,astrocyte,microglial cell
Fam101b,-0.21741068,-22.51612,0.8278883102105703,1.0,astrocyte_vs_microglial cell,astrocyte,microglial cell
Serping1,-0.21741068,-22.32944,0.8278883102105703,1.0,astrocyte_vs_microglial cell,astrocyte,microglial cell
En1,-0.21741068,-22.452168,0.8278883102105703,1.0,astrocyte_vs_microglial cell,astrocyte,microglial cell
Fat4,-0.21741068,-22.540556,0.8278883102105703,1.0,astrocyte_vs_microglial cell,astrocyte,microglial cell
Pdzrn3,-0.21741068,-22.697172,0.8278883102105703,1.0,astrocyte_vs_microglial cell,astrocyte,microglial cell
Rapgef4,-0.21741068,-22.605242,0.8278883102105703,1.0,astrocyte_vs_microglial cell,astrocyte,microglial cell
Kitl,-0.21741068,-22.49601,0.8278883102105703,1.0,astrocyte_vs_microglial cell,astrocyte,microglial cell
1110017D15Rik,-0.21741068,-22.787878,0.8278883102105703,1.0,astrocyte_vs_microglial cell,astrocyte,microglial cell
Nes,-0.21741068,-22.710667,0.8278883102105703,1.0,astrocyte_vs_microglial cell,astrocyte,microglial cell
Sorcs1,-0.21741068,-22.445742,0.8278883102105703,1.0,astrocyte_vs_microglial cell,astrocyte,microglial cell
Cldn11,-0.2182891,-0.5494265,0.827203862591581,1.0,astrocyte_vs_microglial cell,astrocyte,microglial cell
Gpam,-0.21987027,-0.979261,0.8259721879172768,1.0,astrocyte_vs_microglial cell,astrocyte,microglial cell
Zfp608,-0.22022164,-1.4543235,0.8256985404706474,1.0,astrocyte_vs_microglial cell,astrocyte,microglial cell
Inadl,-0.22039732,-1.5265995,0.825561724685525,1.0,astrocyte_vs_microglial cell,astrocyte,microglial cell
Stag1,-0.22189066,-0.44200218,0.8243990048033984,1.0,astrocyte_vs_microglial cell,astrocyte,microglial cell
Cops2,-0.22268124,-0.16284116,0.8237836030119883,1.0,astrocyte_vs_microglial cell,astrocyte,microglial cell
N4bp2,-0.22654632,-1.590189,0.8207765382780337,1.0,astrocyte_vs_microglial cell,astrocyte,microglial cell
Rpap2,-0.22689769,-0.70305103,0.8205032986235784,1.0,astrocyte_vs_microglial cell,astrocyte,microglial cell
Sar1a,-0.22698553,-0.17003521,0.8204349921123434,1.0,astrocyte_vs_microglial cell,astrocyte,microglial cell
Smpd4,-0.23480353,-0.9352265,0.8143612258763961,1.0,astrocyte_vs_microglial cell,astrocyte,microglial cell
Xrcc4,-0.23656039,-1.0850791,0.8129978549945442,1.0,astrocyte_vs_microglial cell,astrocyte,microglial cell
St7,-0.23708744,-0.7158163,0.8125889540171538,1.0,astrocyte_vs_microglial cell,astrocyte,microglial cell
Zfp182,-0.24156742,-22.747341,0.809115369376936,1.0,astrocyte_vs_microglial cell,astrocyte,microglial cell
E330013P04Rik,-0.24156742,-22.863047,0.809115369376936,1.0,astrocyte_vs_microglial cell,astrocyte,microglial cell
Cdh13,-0.24156742,-22.649529,0.809115369376936,1.0,astrocyte_vs_microglial cell,astrocyte,microglial cell
Cox4i2,-0.24156742,-22.844734,0.809115369376936,1.0,astrocyte_vs_microglial cell,astrocyte,microglial cell
Mustn1,-0.24156742,-22.732817,0.809115369376936,1.0,astrocyte_vs_microglial cell,astrocyte,microglial cell
Pde3a,-0.24156742,-22.8108,0.809115369376936,1.0,astrocyte_vs_microglial cell,astrocyte,microglial cell
Cnpy1,-0.24156742,-22.677534,0.809115369376936,1.0,astrocyte_vs_microglial cell,astrocyte,microglial cell
Grm4,-0.24156742,-22.829235,0.809115369376936,1.0,astrocyte_vs_microglial cell,astrocyte,microglial cell
Car3,-0.24156742,-22.736778,0.809115369376936,1.0,astrocyte_vs_microglial cell,astrocyte,microglial cell
1500015O10Rik,-0.24156742,-22.738417,0.809115369376936,1.0,astrocyte_vs_microglial cell,astrocyte,microglial cell
Shank2,-0.24156742,-22.87948,0.809115369376936,1.0,astrocyte_vs_microglial cell,astrocyte,microglial cell
Pkdcc,-0.24393918,0.020981217,0.8072779296910948,1.0,astrocyte_vs_microglial cell,astrocyte,microglial cell
Ptrf,-0.24411486,-1.3852856,0.8071418652058274,1.0,astrocyte_vs_microglial cell,astrocyte,microglial cell
Grk4,-0.24552034,-2.0558927,0.8060535597271865,1.0,astrocyte_vs_microglial cell,astrocyte,microglial cell
Polk,-0.24587171,-2.0072641,0.8057815419476685,1.0,astrocyte_vs_microglial cell,astrocyte,microglial cell
Xkr6,-0.24587171,-2.3652642,0.8057815419476685,1.0,astrocyte_vs_microglial cell,astrocyte,microglial cell
Wfdc1,-0.24587171,-2.4032905,0.8057815419476685,1.0,astrocyte_vs_microglial cell,astrocyte,microglial cell
Ifit3,-0.24622308,-2.7743514,0.8055095476673328,1.0,astrocyte_vs_microglial cell,astrocyte,microglial cell
Zswim5,-0.24639876,-2.8455157,0.8053735593492174,1.0,astrocyte_vs_microglial cell,astrocyte,microglial cell
Heg1,-0.24912189,-1.6100355,0.8032664956060238,1.0,astrocyte_vs_microglial cell,astrocyte,microglial cell
Golim4,-0.2544803,-0.31990343,0.7991245239839918,1.0,astrocyte_vs_microglial cell,astrocyte,microglial cell
Ppara,-0.26572415,-23.220963,0.7904516533874558,1.0,astrocyte_vs_microglial cell,astrocyte,microglial cell
Bgn,-0.26572415,-22.917643,0.7904516533874558,1.0,astrocyte_vs_microglial cell,astrocyte,microglial cell
Erbb4,-0.26572415,-22.922747,0.7904516533874558,1.0,astrocyte_vs_microglial cell,astrocyte,microglial cell
Ldb2,-0.26572415,-23.007275,0.7904516533874558,1.0,astrocyte_vs_microglial cell,astrocyte,microglial cell
Vegfc,-0.26572415,-22.842577,0.7904516533874558,1.0,astrocyte_vs_microglial cell,astrocyte,microglial cell
Fbln2,-0.26572415,-22.94075,0.7904516533874558,1.0,astrocyte_vs_microglial cell,astrocyte,microglial cell
Bicc1,-0.26572415,-22.933287,0.7904516533874558,1.0,astrocyte_vs_microglial cell,astrocyte,microglial cell
Apba1,-0.2701163,-2.2110484,0.7870707846539553,1.0,astrocyte_vs_microglial cell,astrocyte,microglial cell
Pcbp3,-0.27029198,-2.6674545,0.7869356328820396,1.0,astrocyte_vs_microglial cell,astrocyte,microglial cell
Fam183b,-0.27046767,-2.4855742,0.7868004875278364,1.0,astrocyte_vs_microglial cell,astrocyte,microglial cell
Atad2b,-0.27679235,-1.2676659,0.7819395615467228,1.0,astrocyte_vs_microglial cell,astrocyte,microglial cell
Ugt8a,-0.2785492,-1.241177,0.780590805540921,1.0,astrocyte_vs_microglial cell,astrocyte,microglial cell
Bach2,-0.28030604,-1.2431319,0.7792427094145504,1.0,astrocyte_vs_microglial cell,astrocyte,microglial cell
Unc5c,-0.2898809,-22.913895,0.771907350875032,1.0,astrocyte_vs_microglial cell,astrocyte,microglial cell
Cspg4,-0.2898809,-22.992844,0.771907350875032,1.0,astrocyte_vs_microglial cell,astrocyte,microglial cell
Tox3,-0.2898809,-23.116219,0.771907350875032,1.0,astrocyte_vs_microglial cell,astrocyte,microglial cell
Dpyd,-0.2898809,-23.07149,0.771907350875032,1.0,astrocyte_vs_microglial cell,astrocyte,microglial cell
Adamts20,-0.2898809,-23.159506,0.771907350875032,1.0,astrocyte_vs_microglial cell,astrocyte,microglial cell
Cdr1,-0.2898809,-23.333447,0.771907350875032,1.0,astrocyte_vs_microglial cell,astrocyte,microglial cell
Anxa2,-0.2898809,-23.042282,0.771907350875032,1.0,astrocyte_vs_microglial cell,astrocyte,microglial cell
Frem1,-0.2898809,-23.15687,0.771907350875032,1.0,astrocyte_vs_microglial cell,astrocyte,microglial cell
C530008M17Rik,-0.2898809,-23.250315,0.771907350875032,1.0,astrocyte_vs_microglial cell,astrocyte,microglial cell
Gulp1,-0.2898809,-23.218254,0.771907350875032,1.0,astrocyte_vs_microglial cell,astrocyte,microglial cell
Tmem108,-0.2927797,-1.7974652,0.7696905355442643,1.0,astrocyte_vs_microglial cell,astrocyte,microglial cell
Zdhhc24,-0.2940095,-2.15831,0.7687506356112197,1.0,astrocyte_vs_microglial cell,astrocyte,microglial cell
Hey2,-0.29471225,-2.8188415,0.768213702406328,1.0,astrocyte_vs_microglial cell,astrocyte,microglial cell
Kctd12b,-0.29928008,-0.9819796,0.7647263576594132,1.0,astrocyte_vs_microglial cell,astrocyte,microglial cell
Itpr1,-0.29963145,-1.0360897,0.7644582968586167,1.0,astrocyte_vs_microglial cell,astrocyte,microglial cell
Pik3r3,-0.30182752,-0.7112814,0.7627835574162293,1.0,astrocyte_vs_microglial cell,astrocyte,microglial cell
Ranbp3l,-0.3034965,-1.316673,0.7615114972184156,1.0,astrocyte_vs_microglial cell,astrocyte,microglial cell
Zfp609,-0.30560476,-1.6922921,0.7599056055140515,1.0,astrocyte_vs_microglial cell,astrocyte,microglial cell
BC026585,-0.30824003,-0.8793822,0.7578996961479173,1.0,astrocyte_vs_microglial cell,astrocyte,microglial cell
Pcdh18,-0.31403765,-23.193703,0.7534924464101322,1.0,astrocyte_vs_microglial cell,astrocyte,microglial cell
Unc79,-0.31403765,-23.17017,0.7534924464101322,1.0,astrocyte_vs_microglial cell,astrocyte,microglial cell
Tead3,-0.31403765,-23.219141,0.7534924464101322,1.0,astrocyte_vs_microglial cell,astrocyte,microglial cell
Sctr,-0.31403765,-23.379993,0.7534924464101322,1.0,astrocyte_vs_microglial cell,astrocyte,microglial cell
Six3,-0.31772703,-2.248359,0.7506919985791005,1.0,astrocyte_vs_microglial cell,astrocyte,microglial cell
Tcea2,-0.31825408,-2.4041522,0.7502922016260526,1.0,astrocyte_vs_microglial cell,astrocyte,microglial cell
Trim56,-0.32247055,-2.2168822,0.7470962483714916,1.0,astrocyte_vs_microglial cell,astrocyte,microglial cell
Bcas1,-0.32651132,-1.3470424,0.7440375340526265,1.0,astrocyte_vs_microglial cell,astrocyte,microglial cell
Lrp5,-0.32651132,-0.7677508,0.7440375340526265,1.0,astrocyte_vs_microglial cell,astrocyte,microglial cell
Etv5,-0.32932228,-0.32410252,0.7419121086726645,1.0,astrocyte_vs_microglial cell,astrocyte,microglial cell
Exoc1,-0.33160618,-1.2781414,0.7401866479436764,1.0,astrocyte_vs_microglial cell,astrocyte,microglial cell
Glis3,-0.3381944,-23.359768,0.7352167044512123,1.0,astrocyte_vs_microglial cell,astrocyte,microglial cell
Dlk1,-0.3381944,-23.302439,0.7352167044512123,1.0,astrocyte_vs_microglial cell,astrocyte,microglial cell
Gpnmb,-0.3381944,-23.290848,0.7352167044512123,1.0,astrocyte_vs_microglial cell,astrocyte,microglial cell
Serpinb1a,-0.3381944,-23.194386,0.7352167044512123,1.0,astrocyte_vs_microglial cell,astrocyte,microglial cell
Cav1,-0.3381944,-23.242146,0.7352167044512123,1.0,astrocyte_vs_microglial cell,astrocyte,microglial cell
Aass,-0.3381944,-23.468079,0.7352167044512123,1.0,astrocyte_vs_microglial cell,astrocyte,microglial cell
Cadps2,-0.3381944,-23.130466,0.7352167044512123,1.0,astrocyte_vs_microglial cell,astrocyte,microglial cell
D630045J12Rik,-0.34223515,-0.9726259,0.7321739328422405,1.0,astrocyte_vs_microglial cell,astrocyte,microglial cell
Kcnd3,-0.3453975,-1.531323,0.7297955642115801,1.0,astrocyte_vs_microglial cell,astrocyte,microglial cell
Tns3,-0.34759355,-0.124287136,0.7281454456549548,1.0,astrocyte_vs_microglial cell,astrocyte,microglial cell
Dera,-0.361297,-0.6802526,0.7178774226999758,1.0,astrocyte_vs_microglial cell,astrocyte,microglial cell
Lrrtm3,-0.36235112,-23.315966,0.7170896539188489,1.0,astrocyte_vs_microglial cell,astrocyte,microglial cell
Spag1,-0.36235112,-23.25617,0.7170896539188489,1.0,astrocyte_vs_microglial cell,astrocyte,microglial cell
Csmd1,-0.3686758,-1.466555,0.7123693853831885,1.0,astrocyte_vs_microglial cell,astrocyte,microglial cell
Herc3,-0.3699056,-1.6305641,0.711452826964839,1.0,astrocyte_vs_microglial cell,astrocyte,microglial cell
Angpt1,-0.38650787,-23.39568,0.6991205734338692,1.0,astrocyte_vs_microglial cell,astrocyte,microglial cell
Clec3b,-0.38650787,-23.30667,0.6991205734338692,1.0,astrocyte_vs_microglial cell,astrocyte,microglial cell
Rsph1,-0.38650787,-23.465183,0.6991205734338692,1.0,astrocyte_vs_microglial cell,astrocyte,microglial cell
St6galnac3,-0.38650787,-23.353992,0.6991205734338692,1.0,astrocyte_vs_microglial cell,astrocyte,microglial cell
Atrnl1,-0.38650787,-23.326912,0.6991205734338692,1.0,astrocyte_vs_microglial cell,astrocyte,microglial cell
Ahnak,-0.38940668,-2.342058,0.6969753302823429,1.0,astrocyte_vs_microglial cell,astrocyte,microglial cell
Abcb8,-0.39494076,-0.55918396,0.692886599522019,1.0,astrocyte_vs_microglial cell,astrocyte,microglial cell
Ipmk,-0.398718,-1.4798393,0.690100997833204,1.0,astrocyte_vs_microglial cell,astrocyte,microglial cell
Jarid2,-0.39915723,-1.0460889,0.6897773620886092,1.0,astrocyte_vs_microglial cell,astrocyte,microglial cell
Eln,-0.41066462,-23.684345,0.6813184772571445,1.0,astrocyte_vs_microglial cell,astrocyte,microglial cell
Arhgap24,-0.41066462,-23.51334,0.6813184772571445,1.0,astrocyte_vs_microglial cell,astrocyte,microglial cell
Thbs4,-0.41066462,-23.826729,0.6813184772571445,1.0,astrocyte_vs_microglial cell,astrocyte,microglial cell
Frem2,-0.41294852,-2.0607662,0.6796443280573209,1.0,astrocyte_vs_microglial cell,astrocyte,microglial cell
Lgals1,-0.414354,-0.21432813,0.6786148663692817,1.0,astrocyte_vs_microglial cell,astrocyte,microglial cell
Gsn,-0.41918537,-1.2346905,0.6750806734520545,1.0,astrocyte_vs_microglial cell,astrocyte,microglial cell
Pard3b,-0.42120573,-2.365276,0.6736048545986878,1.0,astrocyte_vs_microglial cell,astrocyte,microglial cell
Prom1,-0.43482137,-23.526976,0.6636921019659656,1.0,astrocyte_vs_microglial cell,astrocyte,microglial cell
Vcan,-0.43482137,-23.740036,0.6636921019659656,1.0,astrocyte_vs_microglial cell,astrocyte,microglial cell
Ust,-0.43482137,-23.92434,0.6636921019659656,1.0,astrocyte_vs_microglial cell,astrocyte,microglial cell
Ror2,-0.43482137,-23.835688,0.6636921019659656,1.0,astrocyte_vs_microglial cell,astrocyte,microglial cell
Tiam2,-0.43807155,-2.3897066,0.6613344271881787,1.0,astrocyte_vs_microglial cell,astrocyte,microglial cell
Gabrg3,-0.43947703,-2.8780515,0.6603159299083149,1.0,astrocyte_vs_microglial cell,astrocyte,microglial cell
Ptk7,-0.44000408,-3.1877613,0.6599341554817062,1.0,astrocyte_vs_microglial cell,astrocyte,microglial cell
Cnr1,-0.44035545,-3.3113155,0.659679688373048,1.0,astrocyte_vs_microglial cell,astrocyte,microglial cell
Mrps9,-0.4419366,-0.6771387,0.6585350739550843,1.0,astrocyte_vs_microglial cell,astrocyte,microglial cell
Hyal1,-0.45247775,-0.6562725,0.6509248547752338,1.0,astrocyte_vs_microglial cell,astrocyte,microglial cell
Fndc3b,-0.45845103,-1.2476639,0.6466284280417771,1.0,astrocyte_vs_microglial cell,astrocyte,microglial cell
Atp13a5,-0.4589781,-23.878954,0.6462498938990482,1.0,astrocyte_vs_microglial cell,astrocyte,microglial cell
Hs3st3a1,-0.4589781,-23.765968,0.6462498938990482,1.0,astrocyte_vs_microglial cell,astrocyte,microglial cell
A730056A06Rik,-0.4589781,-23.706701,0.6462498938990482,1.0,astrocyte_vs_microglial cell,astrocyte,microglial cell
Cnksr3,-0.46442434,-3.2800167,0.6423437508019574,1.0,astrocyte_vs_microglial cell,astrocyte,microglial cell
Grik4,-0.46793807,-2.0955167,0.6398288894850863,1.0,astrocyte_vs_microglial cell,astrocyte,microglial cell
Rnf115,-0.4680259,-0.55669165,0.6397660707864661,1.0,astrocyte_vs_microglial cell,astrocyte,microglial cell
Col4a1,-0.48313484,-23.733456,0.6289999973992353,1.0,astrocyte_vs_microglial cell,astrocyte,microglial cell
Rfx2,-0.48313484,-23.686493,0.6289999973992353,1.0,astrocyte_vs_microglial cell,astrocyte,microglial cell
Alms1,-0.48313484,-24.116722,0.6289999973992353,1.0,astrocyte_vs_microglial cell,astrocyte,microglial cell
Ecm2,-0.48313484,-23.630682,0.6289999973992353,1.0,astrocyte_vs_microglial cell,astrocyte,microglial cell
Grip1,-0.48313484,-23.865242,0.6289999973992353,1.0,astrocyte_vs_microglial cell,astrocyte,microglial cell
Per2,-0.48313484,-23.858301,0.6289999973992353,1.0,astrocyte_vs_microglial cell,astrocyte,microglial cell
4932443I19Rik,-0.48313484,-24.022985,0.6289999973992353,1.0,astrocyte_vs_microglial cell,astrocyte,microglial cell
Igfbp7,-0.48568228,-2.422444,0.6271924500686652,1.0,astrocyte_vs_microglial cell,astrocyte,microglial cell
Opcml,-0.48691207,-2.8112938,0.6263206403813183,1.0,astrocyte_vs_microglial cell,astrocyte,microglial cell
Setbp1,-0.48691207,-2.8284693,0.6263206403813183,1.0,astrocyte_vs_microglial cell,astrocyte,microglial cell
Smad9,-0.48726344,-2.9579244,0.6260716477119084,1.0,astrocyte_vs_microglial cell,astrocyte,microglial cell
Nr2f2,-0.4876148,-2.818069,0.6258226976689194,1.0,astrocyte_vs_microglial cell,astrocyte,microglial cell
Olfr287,-0.48866892,-3.4493814,0.6250761035327372,1.0,astrocyte_vs_microglial cell,astrocyte,microglial cell
Sox11,-0.49227047,-2.1223538,0.6225281450239613,1.0,astrocyte_vs_microglial cell,astrocyte,microglial cell
Kif5a,-0.49534497,-1.162579,0.6203566284813282,1.0,astrocyte_vs_microglial cell,astrocyte,microglial cell
Stard13,-0.50729156,-24.153278,0.611950243879912,1.0,astrocyte_vs_microglial cell,astrocyte,microglial cell
Rbm20,-0.50729156,-23.788046,0.611950243879912,1.0,astrocyte_vs_microglial cell,astrocyte,microglial cell
Lypd1,-0.50887275,-2.030628,0.6108414209821902,1.0,astrocyte_vs_microglial cell,astrocyte,microglial cell
1700113A16Rik,-0.5120351,-2.8872979,0.6086264526820659,1.0,astrocyte_vs_microglial cell,astrocyte,microglial cell
Efna5,-0.51361626,-1.8411051,0.6075203113743864,1.0,astrocyte_vs_microglial cell,astrocyte,microglial cell
Rgs5,-0.514319,-1.9442242,0.6070289811246639,1.0,astrocyte_vs_microglial cell,astrocyte,microglial cell
4930523C07Rik,-0.51625156,-2.0823126,0.6056787389716576,1.0,astrocyte_vs_microglial cell,astrocyte,microglial cell
Gjc3,-0.51660293,-2.2841446,0.6054333849481217,1.0,astrocyte_vs_microglial cell,astrocyte,microglial cell
Ptgds,-0.52758324,-1.2541345,0.5977886241056454,1.0,astrocyte_vs_microglial cell,astrocyte,microglial cell
Gpr179,-0.5314483,-23.986036,0.5951081417379946,1.0,astrocyte_vs_microglial cell,astrocyte,microglial cell
D630003M21Rik,-0.5314483,-23.89387,0.5951081417379946,1.0,astrocyte_vs_microglial cell,astrocyte,microglial cell
Myl9,-0.5457667,-1.9466687,0.5852263269456263,1.0,astrocyte_vs_microglial cell,astrocyte,microglial cell
Celsr1,-0.55560505,-23.92314,0.5784808671331713,1.0,astrocyte_vs_microglial cell,astrocyte,microglial cell
Col23a1,-0.55560505,-23.971497,0.5784808671331713,1.0,astrocyte_vs_microglial cell,astrocyte,microglial cell
Zic4,-0.55560505,-24.357643,0.5784808671331713,1.0,astrocyte_vs_microglial cell,astrocyte,microglial cell
Pacs2,-0.5576255,-0.76602805,0.5771001750407634,1.0,astrocyte_vs_microglial cell,astrocyte,microglial cell
Camk2a,-0.55771327,-0.9410149,0.5770401801875181,1.0,astrocyte_vs_microglial cell,astrocyte,microglial cell
Tox,-0.56087565,-3.1364365,0.5748823254106624,1.0,astrocyte_vs_microglial cell,astrocyte,microglial cell
Ano1,-0.5797618,-24.022367,0.5620752556498199,1.0,astrocyte_vs_microglial cell,astrocyte,microglial cell
Il17rd,-0.5797618,-24.044903,0.5620752556498199,1.0,astrocyte_vs_microglial cell,astrocyte,microglial cell
Cwc22,-0.58046454,-0.99646163,0.5616013860299911,1.0,astrocyte_vs_microglial cell,astrocyte,microglial cell
Peli2,-0.5838026,-0.70649445,0.5593531471836638,1.0,astrocyte_vs_microglial cell,astrocyte,microglial cell
Fam155a,-0.58661354,-2.156034,0.5574632876308532,1.0,astrocyte_vs_microglial cell,astrocyte,microglial cell
Ttll3,-0.58784336,-2.3165853,0.5566374526175637,1.0,astrocyte_vs_microglial cell,astrocyte,microglial cell
Mbd5,-0.58933663,-1.7015786,0.5556354553726622,1.0,astrocyte_vs_microglial cell,astrocyte,microglial cell
Arl4a,-0.593641,-1.370286,0.5527522825727319,1.0,astrocyte_vs_microglial cell,astrocyte,microglial cell
Prss23,-0.60391855,-24.382853,0.5458977948547661,1.0,astrocyte_vs_microglial cell,astrocyte,microglial cell
Cald1,-0.60391855,-24.1499,0.5458977948547661,1.0,astrocyte_vs_microglial cell,astrocyte,microglial cell
Dmp1,-0.60391855,-24.188126,0.5458977948547661,1.0,astrocyte_vs_microglial cell,astrocyte,microglial cell
Vav3,-0.60391855,-24.188942,0.5458977948547661,1.0,astrocyte_vs_microglial cell,astrocyte,microglial cell
Tnr,-0.60637814,-2.8460293,0.5442636769478648,1.0,astrocyte_vs_microglial cell,astrocyte,microglial cell
Nr3c2,-0.60954046,-3.5916414,0.5421662475991069,1.0,astrocyte_vs_microglial cell,astrocyte,microglial cell
Tubb4a,-0.6124393,-1.1858194,0.5402471519016587,1.0,astrocyte_vs_microglial cell,astrocyte,microglial cell
Fam13a,-0.6221898,-1.5916636,0.5338170513316033,1.0,astrocyte_vs_microglial cell,astrocyte,microglial cell
Lrrc4c,-0.6280753,-24.242455,0.5299546177607604,1.0,astrocyte_vs_microglial cell,astrocyte,microglial cell
Sorbs1,-0.6280753,-24.159105,0.5299546177607604,1.0,astrocyte_vs_microglial cell,astrocyte,microglial cell
Hbegf,-0.63194036,-0.4744662,0.5274258417689224,1.0,astrocyte_vs_microglial cell,astrocyte,microglial cell
Matn4,-0.63308233,-3.316954,0.5266798829738073,1.0,astrocyte_vs_microglial cell,astrocyte,microglial cell
Aspa,-0.63914347,-2.6599588,0.5227296014570673,1.0,astrocyte_vs_microglial cell,astrocyte,microglial cell
Tmtc2,-0.64292073,-2.0514925,0.5202755513649042,1.0,astrocyte_vs_microglial cell,astrocyte,microglial cell
Hmgn5,-0.6481034,-1.7511406,0.5169180571056438,1.0,astrocyte_vs_microglial cell,astrocyte,microglial cell
P4ha3,-0.65223205,-24.241636,0.514251497202268,1.0,astrocyte_vs_microglial cell,astrocyte,microglial cell
Loxl1,-0.65223205,-24.322515,0.514251497202268,1.0,astrocyte_vs_microglial cell,astrocyte,microglial cell
Dao,-0.65223205,-24.445578,0.514251497202268,1.0,astrocyte_vs_microglial cell,astrocyte,microglial cell
Plekha5,-0.65223205,-24.32644,0.514251497202268,1.0,astrocyte_vs_microglial cell,astrocyte,microglial cell
Pla2g3,-0.65223205,-24.300476,0.514251497202268,1.0,astrocyte_vs_microglial cell,astrocyte,microglial cell
Gfra1,-0.65223205,-24.20336,0.514251497202268,1.0,astrocyte_vs_microglial cell,astrocyte,microglial cell
Pde10a,-0.6560971,-3.0892138,0.5117616416528131,1.0,astrocyte_vs_microglial cell,astrocyte,microglial cell
Unc13c,-0.6580297,-3.857926,0.5105190772835526,1.0,astrocyte_vs_microglial cell,astrocyte,microglial cell
Robo1,-0.6763888,-24.24177,0.4987938411269145,1.0,astrocyte_vs_microglial cell,astrocyte,microglial cell
C1ql1,-0.6791119,-2.999924,0.4970669628048956,1.0,astrocyte_vs_microglial cell,astrocyte,microglial cell
Fam19a1,-0.67999035,-3.261331,0.49651058556112215,1.0,astrocyte_vs_microglial cell,astrocyte,microglial cell
Ntng1,-0.6803417,-1.516811,0.4962881276770629,1.0,astrocyte_vs_microglial cell,astrocyte,microglial cell
Cntnap2,-0.68271345,-2.1940644,0.49478792849593567,1.0,astrocyte_vs_microglial cell,astrocyte,microglial cell
Nova1,-0.68455815,-1.6990689,0.49362278474261556,1.0,astrocyte_vs_microglial cell,astrocyte,microglial cell
Fbxl17,-0.6871056,-1.8274568,0.4920161944931315,1.0,astrocyte_vs_microglial cell,astrocyte,microglial cell
Afap1l2,-0.7005455,-24.305723,0.4835866888026925,1.0,astrocyte_vs_microglial cell,astrocyte,microglial cell
Shroom3,-0.7005455,-24.659649,0.4835866888026925,1.0,astrocyte_vs_microglial cell,astrocyte,microglial cell
Macrod2,-0.71020824,-2.4148624,0.4775750270249607,1.0,astrocyte_vs_microglial cell,astrocyte,microglial cell
Enpp2,-0.71846545,-1.4929515,0.47247035651564806,1.0,astrocyte_vs_microglial cell,astrocyte,microglial cell
Stoml1,-0.7244387,-0.9583909,0.4687964280967962,1.0,astrocyte_vs_microglial cell,astrocyte,microglial cell
Crym,-0.72470224,-25.183588,0.4686347079378542,1.0,astrocyte_vs_microglial cell,astrocyte,microglial cell
Col1a1,-0.72470224,-24.493727,0.4686347079378542,1.0,astrocyte_vs_microglial cell,astrocyte,microglial cell
Astn2,-0.72470224,-24.411606,0.4686347079378542,1.0,astrocyte_vs_microglial cell,astrocyte,microglial cell
Eya1,-0.72470224,-24.493853,0.4686347079378542,1.0,astrocyte_vs_microglial cell,astrocyte,microglial cell
Ptges,-0.72470224,-24.294905,0.4686347079378542,1.0,astrocyte_vs_microglial cell,astrocyte,microglial cell
Prss56,-0.72470224,-24.76571,0.4686347079378542,1.0,astrocyte_vs_microglial cell,astrocyte,microglial cell
Dock7,-0.7255807,-1.3577424,0.4680958638099295,1.0,astrocyte_vs_microglial cell,astrocyte,microglial cell
B3galt1,-0.7279524,-3.1975186,0.466642700170967,1.0,astrocyte_vs_microglial cell,astrocyte,microglial cell
Specc1l,-0.72962147,-2.1570966,0.46562160598678737,1.0,astrocyte_vs_microglial cell,astrocyte,microglial cell
Zfp423,-0.729885,-3.593819,0.46546049415166946,1.0,astrocyte_vs_microglial cell,astrocyte,microglial cell
Ptprm,-0.7306756,-2.3192782,0.46497734458385587,1.0,astrocyte_vs_microglial cell,astrocyte,microglial cell
Ncam2,-0.73085123,-2.2057931,0.46487001589932075,1.0,astrocyte_vs_microglial cell,astrocyte,microglial cell
Ext1,-0.73454064,-2.654088,0.4626192990967264,1.0,astrocyte_vs_microglial cell,astrocyte,microglial cell
Mast2,-0.748859,-24.360521,0.4539421927073014,1.0,astrocyte_vs_microglial cell,astrocyte,microglial cell
Ntn1,-0.748859,-24.43746,0.4539421927073014,1.0,astrocyte_vs_microglial cell,astrocyte,microglial cell
Amot,-0.748859,-24.42844,0.4539421927073014,1.0,astrocyte_vs_microglial cell,astrocyte,microglial cell
Rev3l,-0.748859,-24.386488,0.4539421927073014,1.0,astrocyte_vs_microglial cell,astrocyte,microglial cell
Robo2,-0.748859,-24.429787,0.4539421927073014,1.0,astrocyte_vs_microglial cell,astrocyte,microglial cell
Mamdc2,-0.748859,-24.491306,0.4539421927073014,1.0,astrocyte_vs_microglial cell,astrocyte,microglial cell
Dennd1a,-0.7517578,-1.0293818,0.4521967170192914,1.0,astrocyte_vs_microglial cell,astrocyte,microglial cell
Tppp3,-0.7620354,-2.121277,0.44603887201229353,1.0,astrocyte_vs_microglial cell,astrocyte,microglial cell
Cdk5rap2,-0.7643193,-2.3158917,0.4446769762560274,1.0,astrocyte_vs_microglial cell,astrocyte,microglial cell
Ankib1,-0.7648464,-1.7298456,0.444363029833313,1.0,astrocyte_vs_microglial cell,astrocyte,microglial cell
Ado,-0.765637,-1.686356,0.4438923474573586,1.0,astrocyte_vs_microglial cell,astrocyte,microglial cell
Hmgcs2,-0.77301574,-24.451437,0.43951306267622536,1.0,astrocyte_vs_microglial cell,astrocyte,microglial cell
Ltbp1,-0.77301574,-24.529825,0.43951306267622536,1.0,astrocyte_vs_microglial cell,astrocyte,microglial cell
Ucp3,-0.77301574,-24.734358,0.43951306267622536,1.0,astrocyte_vs_microglial cell,astrocyte,microglial cell
Pnpla8,-0.78048235,-0.7036707,0.4351069983496465,1.0,astrocyte_vs_microglial cell,astrocyte,microglial cell
Gria4,-0.78478664,-2.9346879,0.4325786590939945,1.0,astrocyte_vs_microglial cell,astrocyte,microglial cell
Nckap5,-0.7971725,-24.611176,0.42535086260880806,1.0,astrocyte_vs_microglial cell,astrocyte,microglial cell
Znrf3,-0.7971725,-24.520685,0.42535086260880806,1.0,astrocyte_vs_microglial cell,astrocyte,microglial cell
Prdm16,-0.7971725,-24.429596,0.42535086260880806,1.0,astrocyte_vs_microglial cell,astrocyte,microglial cell
Mgat4c,-0.8040242,-2.41651,0.42138298903536275,1.0,astrocyte_vs_microglial cell,astrocyte,microglial cell
Zfp516,-0.8043756,-2.4965894,0.42118009538331735,1.0,astrocyte_vs_microglial cell,astrocyte,microglial cell
Ifitm3,-0.80824065,-1.6236789,0.4189520513585826,1.0,astrocyte_vs_microglial cell,astrocyte,microglial cell
Cd59a,-0.8101732,-1.4129596,0.4178406346336383,1.0,astrocyte_vs_microglial cell,astrocyte,microglial cell
Col1a2,-0.82132924,-24.714571,0.411458763146922,1.0,astrocyte_vs_microglial cell,astrocyte,microglial cell
Kcnc1,-0.82132924,-24.464445,0.411458763146922,1.0,astrocyte_vs_microglial cell,astrocyte,microglial cell
B230323A14Rik,-0.82132924,-24.806442,0.411458763146922,1.0,astrocyte_vs_microglial cell,astrocyte,microglial cell
Chrdl1,-0.82132924,-24.596588,0.411458763146922,1.0,astrocyte_vs_microglial cell,astrocyte,microglial cell
A2m,-0.8273904,-4.0227985,0.40801583423760746,1.0,astrocyte_vs_microglial cell,astrocyte,microglial cell
Zfhx4,-0.8325731,-2.8898644,0.40508553859615226,1.0,astrocyte_vs_microglial cell,astrocyte,microglial cell
Oxnad1,-0.8432899,-2.1482375,0.3990663282161213,1.0,astrocyte_vs_microglial cell,astrocyte,microglial cell
Myoc,-0.845486,-25.528074,0.39783956234103035,1.0,astrocyte_vs_microglial cell,astrocyte,microglial cell
Car8,-0.845486,-24.648249,0.39783956234103035,1.0,astrocyte_vs_microglial cell,astrocyte,microglial cell
Ampd3,-0.8459252,-1.0888697,0.39759448219326177,1.0,astrocyte_vs_microglial cell,astrocyte,microglial cell
Rnd3,-0.85040516,-3.6124651,0.3950998672616981,1.0,astrocyte_vs_microglial cell,astrocyte,microglial cell
Sema5b,-0.86964273,-24.519447,0.3844956880128576,1.0,astrocyte_vs_microglial cell,astrocyte,microglial cell
2610035D17Rik,-0.86964273,-24.645346,0.3844956880128576,1.0,astrocyte_vs_microglial cell,astrocyte,microglial cell
Zfp521,-0.86964273,-24.63419,0.3844956880128576,1.0,astrocyte_vs_microglial cell,astrocyte,microglial cell
Gli1,-0.86964273,-24.763689,0.3844956880128576,1.0,astrocyte_vs_microglial cell,astrocyte,microglial cell
Dennd2a,-0.87148744,-1.7711653,0.3834880774948063,1.0,astrocyte_vs_microglial cell,astrocyte,microglial cell
Ablim1,-0.8801838,-1.6148163,0.37875972817537784,1.0,astrocyte_vs_microglial cell,astrocyte,microglial cell
Erc1,-0.9029351,-2.7090929,0.36656034293369555,1.0,astrocyte_vs_microglial cell,astrocyte,microglial cell
Dhrs3,-0.90680015,-0.96063626,0.3645124777710498,1.0,astrocyte_vs_microglial cell,astrocyte,microglial cell
Cecr2,-0.9179562,-24.967365,0.358641798745582,1.0,astrocyte_vs_microglial cell,astrocyte,microglial cell
Ttc23,-0.9179562,-24.85198,0.358641798745582,1.0,astrocyte_vs_microglial cell,astrocyte,microglial cell
Utp14b,-0.9179562,-24.870848,0.358641798745582,1.0,astrocyte_vs_microglial cell,astrocyte,microglial cell
Sgms1,-0.9383357,-2.066021,0.34807191728119147,1.0,astrocyte_vs_microglial cell,astrocyte,microglial cell
Ptpn4,-0.9384236,-1.7206151,0.34802679039644624,1.0,astrocyte_vs_microglial cell,astrocyte,microglial cell
Cdh4,-0.9421129,-24.905733,0.3461348207403493,1.0,astrocyte_vs_microglial cell,astrocyte,microglial cell
Otx2,-0.9421129,-24.77123,0.3461348207403493,1.0,astrocyte_vs_microglial cell,astrocyte,microglial cell
Pdgfrl,-0.9421129,-24.954735,0.3461348207403493,1.0,astrocyte_vs_microglial cell,astrocyte,microglial cell
Palld,-0.9421129,-24.811543,0.3461348207403493,1.0,astrocyte_vs_microglial cell,astrocyte,microglial cell
Plekhg1,-0.949316,-2.6492677,0.34245989790710185,1.0,astrocyte_vs_microglial cell,astrocyte,microglial cell
Orc6,-0.95722187,-3.4695187,0.33845527412248755,1.0,astrocyte_vs_microglial cell,astrocyte,microglial cell
Adamts9,-0.9662697,-24.901072,0.33390925322956255,1.0,astrocyte_vs_microglial cell,astrocyte,microglial cell
Pdgfd,-0.96741164,-3.2393987,0.33333829544920335,1.0,astrocyte_vs_microglial cell,astrocyte,microglial cell
Itpr2,-0.97830415,-0.5802785,0.32792392759458644,1.0,astrocyte_vs_microglial cell,astrocyte,microglial cell
Tbc1d24,-0.98041236,-1.9428211,0.3268826133601054,1.0,astrocyte_vs_microglial cell,astrocyte,microglial cell
Pard3,-0.99780524,-4.372435,0.31837382350842347,1.0,astrocyte_vs_microglial cell,astrocyte,microglial cell
Gm973,-1.0145831,-24.872715,0.3103045676588734,1.0,astrocyte_vs_microglial cell,astrocyte,microglial cell
Srgap1,-1.0145831,-24.986433,0.3103045676588734,1.0,astrocyte_vs_microglial cell,astrocyte,microglial cell
Dpp6,-1.0234553,-2.3338706,0.30609263494288563,1.0,astrocyte_vs_microglial cell,astrocyte,microglial cell
Rgs7,-1.0403211,-3.3914864,0.2981907557865584,0.9956285669000281,astrocyte_vs_microglial cell,astrocyte,microglial cell
Abca1,-1.0451524,-0.878345,0.29595252803783867,0.9898077860797281,astrocyte_vs_microglial cell,astrocyte,microglial cell
Npy,-1.04647,-2.9702046,0.2953440590347629,0.9894273334497921,astrocyte_vs_microglial cell,astrocyte,microglial cell
Gjb2,-1.0628966,-24.989569,0.2878288228426078,0.9658685330288853,astrocyte_vs_microglial cell,astrocyte,microglial cell
Phf21b,-1.0628966,-24.985493,0.2878288228426078,0.9658685330288853,astrocyte_vs_microglial cell,astrocyte,microglial cell
Ptprt,-1.0628966,-24.912766,0.2878288228426078,0.9658685330288853,astrocyte_vs_microglial cell,astrocyte,microglial cell
Lpp,-1.0737013,-2.1981542,0.28295657813660646,0.9543223545922647,astrocyte_vs_microglial cell,astrocyte,microglial cell
Qdpr,-1.078357,-0.8412167,0.28087448485542177,0.9489002866737223,astrocyte_vs_microglial cell,astrocyte,microglial cell
Tcf7l1,-1.0870534,-24.987864,0.27701321462000705,0.9374389665651678,astrocyte_vs_microglial cell,astrocyte,microglial cell
Rbp1,-1.0870534,-25.057974,0.27701321462000705,0.9374389665651678,astrocyte_vs_microglial cell,astrocyte,microglial cell
Ephb1,-1.0893373,-3.6454825,0.2760051693432882,0.937199216785359,astrocyte_vs_microglial cell,astrocyte,microglial cell
Cdk8,-1.1112101,-25.111586,0.2664779105968489,0.9063874510096901,astrocyte_vs_microglial cell,astrocyte,microglial cell
Bmp7,-1.1112101,-25.102032,0.2664779105968489,0.9063874510096901,astrocyte_vs_microglial cell,astrocyte,microglial cell
Grid1,-1.1121764,-3.4187908,0.26606231167557626,0.9063874510096901,astrocyte_vs_microglial cell,astrocyte,microglial cell
Porcn,-1.117974,-4.2907705,0.2635780890532846,0.902664688538646,astrocyte_vs_microglial cell,astrocyte,microglial cell
Rmst,-1.1189402,-3.0120306,0.263165612888966,0.902664688538646,astrocyte_vs_microglial cell,astrocyte,microglial cell
Reln,-1.1432728,-2.98065,0.25292537859125774,0.8721564779008888,astrocyte_vs_microglial cell,astrocyte,microglial cell
Tshz2,-1.1515299,-1.9892935,0.24951428873865766,0.8621296329917681,astrocyte_vs_microglial cell,astrocyte,microglial cell
Sned1,-1.1595236,-25.202227,0.24624281555087502,0.8535279568487869,astrocyte_vs_microglial cell,astrocyte,microglial cell
Sod3,-1.1613684,-3.58633,0.24549214910225003,0.8524032954939238,astrocyte_vs_microglial cell,astrocyte,microglial cell
Pltp,-1.1642672,-2.1834564,0.2443157758089297,0.8497940028136687,astrocyte_vs_microglial cell,astrocyte,microglial cell
Heyl,-1.1655848,-4.3192577,0.24378237115158352,0.849415927357434,astrocyte_vs_microglial cell,astrocyte,microglial cell
Ctif,-1.1959783,-2.4923053,0.23170501294383028,0.8115762274740116,astrocyte_vs_microglial cell,astrocyte,microglial cell
Phf21a,-1.2001948,-1.5210865,0.23006369967925366,0.8072410515061533,astrocyte_vs_microglial cell,astrocyte,microglial cell
Emid1,-1.2078371,-25.227118,0.2271099274357513,0.798277425081727,astrocyte_vs_microglial cell,astrocyte,microglial cell
Tmem164,-1.2082763,-1.7106434,0.22694099586029448,0.798277425081727,astrocyte_vs_microglial cell,astrocyte,microglial cell
Zhx2,-1.2154794,-4.4727817,0.22418329490920463,0.7907699996797343,astrocyte_vs_microglial cell,astrocyte,microglial cell
Gli2,-1.2319938,-25.219147,0.21795138401225322,0.7715093239371796,astrocyte_vs_microglial cell,astrocyte,microglial cell
Ehbp1,-1.2321695,-3.5548854,0.21788576333269116,0.7715093239371796,astrocyte_vs_microglial cell,astrocyte,microglial cell
Magi2,-1.2339264,-3.7209637,0.21723033756416743,0.7715093239371796,astrocyte_vs_microglial cell,astrocyte,microglial cell
Utrn,-1.2379671,-4.3156304,0.2157282428402152,0.7677161666911572,astrocyte_vs_microglial cell,astrocyte,microglial cell
Pcdh11x,-1.2414808,-3.2095149,0.21442816648817797,0.7644497914017039,astrocyte_vs_microglial cell,astrocyte,microglial cell
Fgd6,-1.2561506,-25.25911,0.2090613787549973,0.7466477812678475,astrocyte_vs_microglial cell,astrocyte,microglial cell
4932438H23Rik,-1.2561506,-25.411375,0.2090613787549973,0.7466477812678475,astrocyte_vs_microglial cell,astrocyte,microglial cell
Hes1,-1.2766179,-0.8668692,0.20173716722429258,0.7230722839580378,astrocyte_vs_microglial cell,astrocyte,microglial cell
Smoc1,-1.3044641,-25.206726,0.1920754026580691,0.692163613182231,astrocyte_vs_microglial cell,astrocyte,microglial cell
Abtb2,-1.3286208,-25.334618,0.18397310250165366,0.6677789564488336,astrocyte_vs_microglial cell,astrocyte,microglial cell
Ctnna2,-1.3286208,-25.322401,0.18397310250165366,0.6677789564488336,astrocyte_vs_microglial cell,astrocyte,microglial cell
Prdm5,-1.3286208,-25.369505,0.18397310250165366,0.6677789564488336,astrocyte_vs_microglial cell,astrocyte,microglial cell
Prkd1,-1.3286208,-25.3781,0.18397310250165366,0.6677789564488336,astrocyte_vs_microglial cell,astrocyte,microglial cell
Rfx3,-1.3286208,-25.40379,0.18397310250165366,0.6677789564488336,astrocyte_vs_microglial cell,astrocyte,microglial cell
Lgr6,-1.3286208,-25.526228,0.18397310250165366,0.6677789564488336,astrocyte_vs_microglial cell,astrocyte,microglial cell
Sdk2,-1.3286208,-25.293318,0.18397310250165366,0.6677789564488336,astrocyte_vs_microglial cell,astrocyte,microglial cell
Sema6a,-1.3352969,-4.1973624,0.1817792071262746,0.6677789564488336,astrocyte_vs_microglial cell,astrocyte,microglial cell
Plcb4,-1.3527776,-25.430119,0.17612670584477574,0.6487171485995423,astrocyte_vs_microglial cell,astrocyte,microglial cell
Lpar4,-1.3527776,-25.355198,0.17612670584477574,0.6487171485995423,astrocyte_vs_microglial cell,astrocyte,microglial cell
Fxyd6,-1.3531289,-2.7471535,0.17601444675795674,0.6487171485995423,astrocyte_vs_microglial cell,astrocyte,microglial cell
Anks1,-1.3574332,-2.4723089,0.17464360000318935,0.6468281481599605,astrocyte_vs_microglial cell,astrocyte,microglial cell
Cyp7b1,-1.3581359,-4.1897187,0.17442054722673506,0.6468281481599605,astrocyte_vs_microglial cell,astrocyte,microglial cell
Slc7a5,-1.3639336,-1.5526726,0.17258847226924323,0.6415928337146588,astrocyte_vs_microglial cell,astrocyte,microglial cell
Gle1,-1.3663932,-1.5661236,0.17181559091301768,0.6399090909237157,astrocyte_vs_microglial cell,astrocyte,microglial cell
Papss2,-1.3769343,-25.312305,0.16853256284306606,0.6288528464293509,astrocyte_vs_microglial cell,astrocyte,microglial cell
Igsf21,-1.3769343,-25.479511,0.16853256284306606,0.6288528464293509,astrocyte_vs_microglial cell,astrocyte,microglial cell
Cyr61,-1.401091,-25.60153,0.16118685141758615,0.6071067850003244,astrocyte_vs_microglial cell,astrocyte,microglial cell
Dpf3,-1.4057467,-4.1496897,0.15979935415721314,0.6053005839288376,astrocyte_vs_microglial cell,astrocyte,microglial cell
Adcy8,-1.4135647,-3.4866903,0.157489751845179,0.5976840677236395,astrocyte_vs_microglial cell,astrocyte,microglial cell
Nrxn3,-1.4172541,-3.7872453,0.15640865148962077,0.5947097014814478,astrocyte_vs_microglial cell,astrocyte,microglial cell
Zfp462,-1.4252478,-25.465597,0.15408558941928063,0.5869927215972596,astrocyte_vs_microglial cell,astrocyte,microglial cell
Rgs12,-1.4252478,-25.451563,0.15408558941928063,0.5869927215972596,astrocyte_vs_microglial cell,astrocyte,microglial cell
Ppp1r14c,-1.4252478,-25.47938,0.15408558941928063,0.5869927215972596,astrocyte_vs_microglial cell,astrocyte,microglial cell
Ralgapb,-1.4349104,-2.6819315,0.15131261001484034,0.5808545490013065,astrocyte_vs_microglial cell,astrocyte,microglial cell
Sox5,-1.439654,-2.8619742,0.14996531888451378,0.5767896880173606,astrocyte_vs_microglial cell,astrocyte,microglial cell
Igf1r,-1.446945,-1.5293016,0.14791234911342763,0.5699897846374861,astrocyte_vs_microglial cell,astrocyte,microglial cell
Ptpn13,-1.4494045,-25.497633,0.14722464676287858,0.5684349295864037,astrocyte_vs_microglial cell,astrocyte,microglial cell
Zfp532,-1.4505465,-3.0016613,0.14690618854376372,0.5683024701886411,astrocyte_vs_microglial cell,astrocyte,microglial cell
Ccnd2,-1.4550265,-3.1688354,0.14566193800935748,0.5645811550750289,astrocyte_vs_microglial cell,astrocyte,microglial cell
Tshz1,-1.456959,-3.2059188,0.14512769993890426,0.5636027182093369,astrocyte_vs_microglial cell,astrocyte,microglial cell
Meis1,-1.4582766,-4.9323096,0.14476430807034585,0.563285245409906,astrocyte_vs_microglial cell,astrocyte,microglial cell
Dab2,-1.4595942,-3.4931216,0.1444016137830519,0.5629692545148223,astrocyte_vs_microglial cell,astrocyte,microglial cell
Tpm1,-1.4713652,-1.6428326,0.14119238048129562,0.551532736255061,astrocyte_vs_microglial cell,astrocyte,microglial cell
Notch3,-1.4735613,-25.406532,0.14059975749644688,0.5502925929410837,astrocyte_vs_microglial cell,astrocyte,microglial cell
Kcnd2,-1.4807644,-4.5625825,0.13866937556238046,0.5438014727936489,astrocyte_vs_microglial cell,astrocyte,microglial cell
Wwtr1,-1.4821699,-4.823625,0.13829510731858263,0.5433992429020928,astrocyte_vs_microglial cell,astrocyte,microglial cell
Dclk2,-1.4844538,-2.7394536,0.13768858217210264,0.5420810321736325,astrocyte_vs_microglial cell,astrocyte,microglial cell
Zeb1,-1.4860349,-1.7240655,0.13726988293624054,0.5420810321736325,astrocyte_vs_microglial cell,astrocyte,microglial cell
Ptprg,-1.497718,-25.52075,0.1342065317741613,0.5325656022784179,astrocyte_vs_microglial cell,astrocyte,microglial cell
Morn2,-1.4980694,-1.6253824,0.13411522655457203,0.5325656022784179,astrocyte_vs_microglial cell,astrocyte,microglial cell
Nav2,-1.5011438,-0.87315273,0.13331835390131044,0.531148820323946,astrocyte_vs_microglial cell,astrocyte,microglial cell
Dock1,-1.5056238,-3.3573945,0.13216376282394085,0.5275998515925783,astrocyte_vs_microglial cell,astrocyte,microglial cell
Fads2,-1.5218748,-25.531994,0.12804046770127855,0.5138371047896105,astrocyte_vs_microglial cell,astrocyte,microglial cell
Srxn1,-1.536808,-3.7316031,0.12434033228620545,0.5003635102060582,astrocyte_vs_microglial cell,astrocyte,microglial cell
Arhgap31,-1.5389162,-1.7164607,0.12382474816290011,0.4992933393665327,astrocyte_vs_microglial cell,astrocyte,microglial cell
Sdsl,-1.5460315,-25.722672,0.12209696302180402,0.49332106271435966,astrocyte_vs_microglial cell,astrocyte,microglial cell
Cacng4,-1.5701883,-25.64157,0.11637132662092174,0.4740176237104755,astrocyte_vs_microglial cell,astrocyte,microglial cell
Tcf7l2,-1.575898,-1.497611,0.11504931040308408,0.4695890220534044,astrocyte_vs_microglial cell,astrocyte,microglial cell
Zic1,-1.5791482,-4.9818406,0.1143020712016528,0.4674931337490912,astrocyte_vs_microglial cell,astrocyte,microglial cell
Pde4b,-1.5803779,-2.7746072,0.11402033024280075,0.4672964354213146,astrocyte_vs_microglial cell,astrocyte,microglial cell
Grid2,-1.5975951,-4.327335,0.11013310577512588,0.45229201550359704,astrocyte_vs_microglial cell,astrocyte,microglial cell
Nwd1,-1.6185017,-25.673357,0.10555451741071521,0.4343807300852478,astrocyte_vs_microglial cell,astrocyte,microglial cell
Antxr1,-1.6185017,-25.707493,0.10555451741071521,0.4343807300852478,astrocyte_vs_microglial cell,astrocyte,microglial cell
Kcnn3,-1.6185017,-25.716043,0.10555451741071521,0.4343807300852478,astrocyte_vs_microglial cell,astrocyte,microglial cell
Wsb2,-1.6454694,-2.1794147,0.09987304308912062,0.4135529734539156,astrocyte_vs_microglial cell,astrocyte,microglial cell
Amotl1,-1.6495101,-1.9058309,0.09904315772566515,0.410967459442594,astrocyte_vs_microglial cell,astrocyte,microglial cell
Vim,-1.6526725,-3.62235,0.0983975289639158,0.4091373345692965,astrocyte_vs_microglial cell,astrocyte,microglial cell
Ccdc80,-1.6666396,-2.4743564,0.09558610676932978,0.39827544487220745,astrocyte_vs_microglial cell,astrocyte,microglial cell
Btbd3,-1.6748089,-2.1799767,0.09397173503444181,0.392366325822304,astrocyte_vs_microglial cell,astrocyte,microglial cell
Ece1,-1.6835053,-2.351473,0.09227731187088115,0.38609753920870776,astrocyte_vs_microglial cell,astrocyte,microglial cell
Nr2e1,-1.690972,-25.750736,0.0908421616634096,0.3808895667228914,astrocyte_vs_microglial cell,astrocyte,microglial cell
Cachd1,-1.690972,-25.748798,0.0908421616634096,0.3808895667228914,astrocyte_vs_microglial cell,astrocyte,microglial cell
Frmpd1,-1.690972,-25.679474,0.0908421616634096,0.3808895667228914,astrocyte_vs_microglial cell,astrocyte,microglial cell
Pvrl3,-1.7170613,-4.2561626,0.08596798630869136,0.363500999191084,astrocyte_vs_microglial cell,astrocyte,microglial cell
Tcf12,-1.7196965,-2.560459,0.08548762366317814,0.36223569348804296,astrocyte_vs_microglial cell,astrocyte,microglial cell
Plce1,-1.7383192,-3.971117,0.08215459283869839,0.34885177426198893,astrocyte_vs_microglial cell,astrocyte,microglial cell
Gdf10,-1.7392855,-26.24084,0.08198456962296777,0.34885177426198893,astrocyte_vs_microglial cell,astrocyte,microglial cell
Tspan12,-1.7439411,-4.4973307,0.08116936290426356,0.3461380081205269,astrocyte_vs_microglial cell,astrocyte,microglial cell
Aak1,-1.7625637,-2.4300048,0.07797409705996583,0.333222637008401,astrocyte_vs_microglial cell,astrocyte,microglial cell
Sfrp5,-1.7634422,-26.02986,0.07782594313080948,0.333222637008401,astrocyte_vs_microglial cell,astrocyte,microglial cell
Fat1,-1.7671316,-4.448479,0.07720619800606178,0.3313570729873896,astrocyte_vs_microglial cell,astrocyte,microglial cell
Mapk4,-1.787599,-25.859776,0.07384074151943151,0.3182790582734117,astrocyte_vs_microglial cell,astrocyte,microglial cell
Fars2,-1.8058702,-1.6250902,0.0709386182953487,0.307759732300862,astrocyte_vs_microglial cell,astrocyte,microglial cell
Mcc,-1.809296,-3.7335021,0.07040502137493945,0.30610878858669327,astrocyte_vs_microglial cell,astrocyte,microglial cell
Boc,-1.8117557,-25.8431,0.07002396036511517,0.30511529570856283,astrocyte_vs_microglial cell,astrocyte,microglial cell
Hipk2,-1.8315202,-1.830909,0.06702292671365835,0.2926765358675037,astrocyte_vs_microglial cell,astrocyte,microglial cell
Nlgn1,-1.8351218,-3.2673354,0.06648764312524692,0.2909743681630062,astrocyte_vs_microglial cell,astrocyte,microglial cell
Alpl,-1.8359123,-26.010046,0.06637061439451133,0.2909743681630062,astrocyte_vs_microglial cell,astrocyte,microglial cell
Lama2,-1.8426763,-4.6636286,0.06537628903471314,0.2880012732806746,astrocyte_vs_microglial cell,astrocyte,microglial cell
Rlbp1,-1.8600692,-25.84613,0.0628757452072497,0.2775971090827801,astrocyte_vs_microglial cell,astrocyte,microglial cell
Acaca,-1.8662181,-4.6838055,0.06201085429619984,0.274384311045132,astrocyte_vs_microglial cell,astrocyte,microglial cell
Ppp1r1b,-1.8767593,-2.1790135,0.060551098089140776,0.2685192819917551,astrocyte_vs_microglial cell,astrocyte,microglial cell
Acadvl,-1.8793945,-1.2479392,0.06019064275287474,0.26751396779055436,astrocyte_vs_microglial cell,astrocyte,microglial cell
Tgfb2,-1.8842258,-25.872484,0.05953442860658269,0.26518676439457767,astrocyte_vs_microglial cell,astrocyte,microglial cell
Pou2f1,-1.9029363,-1.7752936,0.057048848176451054,0.2546823579305851,astrocyte_vs_microglial cell,astrocyte,microglial cell
Pink1,-1.905396,-1.1595352,0.05672861893699808,0.25381932410289965,astrocyte_vs_microglial cell,astrocyte,microglial cell
Xylt1,-1.9075042,-4.2958617,0.05645532860801683,0.2531629085561293,astrocyte_vs_microglial cell,astrocyte,microglial cell
Meg3,-1.9320123,-0.73296314,0.053357987043835375,0.2398111777251028,astrocyte_vs_microglial cell,astrocyte,microglial cell
Nxn,-1.9325393,-25.911505,0.053292968605612646,0.2398111777251028,astrocyte_vs_microglial cell,astrocyte,microglial cell
Dnaic1,-1.9566962,-26.056091,0.05038320824840809,0.22746369412373857,astrocyte_vs_microglial cell,astrocyte,microglial cell
Ramp2,-1.9665345,-3.7962117,0.04923690277607993,0.22279141527637977,astrocyte_vs_microglial cell,astrocyte,microglial cell
Fut8,-1.9840152,-3.5038128,0.0472541473694433,0.21430452321742993,astrocyte_vs_microglial cell,astrocyte,microglial cell
Cdh10,-2.0050097,-25.980043,0.04496202203976804,0.20483836920167672,astrocyte_vs_microglial cell,astrocyte,microglial cell
Ghr,-2.053323,-26.047546,0.040041254666025004,0.1840977226024138,astrocyte_vs_microglial cell,astrocyte,microglial cell
Trpm3,-2.0852978,-4.955426,0.03704227572645762,0.17070173145833006,astrocyte_vs_microglial cell,astrocyte,microglial cell
Lamb2,-2.1015487,-3.0182235,0.03559282651965673,0.16440104628016966,astrocyte_vs_microglial cell,astrocyte,microglial cell
Kirrel3,-2.1016366,-26.195374,0.0355851250548709,0.16440104628016966,astrocyte_vs_microglial cell,astrocyte,microglial cell
Rgs6,-2.1016366,-26.02799,0.0355851250548709,0.16440104628016966,astrocyte_vs_microglial cell,astrocyte,microglial cell
Tnc,-2.1016366,-26.088955,0.0355851250548709,0.16440104628016966,astrocyte_vs_microglial cell,astrocyte,microglial cell
Nbl1,-2.1048868,-2.2571015,0.035301168574977566,0.16440104628016966,astrocyte_vs_microglial cell,astrocyte,microglial cell
Plp1,-2.1219282,-0.42113632,0.033843766303528894,0.15851881172613067,astrocyte_vs_microglial cell,astrocyte,microglial cell
Mboat2,-2.1269352,-4.483347,0.03342546324951274,0.1569270575094495,astrocyte_vs_microglial cell,astrocyte,microglial cell
Nfasc,-2.1437132,-4.1809416,0.032055873206226125,0.1508511680292994,astrocyte_vs_microglial cell,astrocyte,microglial cell
Snrk,-2.1446795,-2.8558824,0.03197848280358464,0.15084190001690867,astrocyte_vs_microglial cell,astrocyte,microglial cell
Chst11,-2.1760392,-2.7500036,0.029552320446602876,0.14039107100523932,astrocyte_vs_microglial cell,astrocyte,microglial cell
Bcar3,-2.196243,-4.385809,0.028074544963755405,0.13368830935121623,astrocyte_vs_microglial cell,astrocyte,microglial cell
Igdcc4,-2.1982634,-26.209692,0.027930332146702548,0.13331900786015535,astrocyte_vs_microglial cell,astrocyte,microglial cell
Gng11,-2.220927,-2.6757612,0.02635591020129159,0.12610483349900284,astrocyte_vs_microglial cell,astrocyte,microglial cell
Prrx1,-2.220927,-4.4575834,0.02635591020129159,0.12610483349900284,astrocyte_vs_microglial cell,astrocyte,microglial cell
Bmpr1b,-2.2224202,-26.185076,0.026254916994727814,0.12610483349900284,astrocyte_vs_microglial cell,astrocyte,microglial cell
Csgalnact1,-2.2224202,-26.171925,0.026254916994727814,0.12610483349900284,astrocyte_vs_microglial cell,astrocyte,microglial cell
Ifitm2,-2.246577,-26.113668,0.024667072926807043,0.11945313766008253,astrocyte_vs_microglial cell,astrocyte,microglial cell
Fmn2,-2.2585237,-5.666437,0.023913033994000625,0.11608268929126518,astrocyte_vs_microglial cell,astrocyte,microglial cell
Adhfe1,-2.2707338,-26.20618,0.023163100605918842,0.11271581803366834,astrocyte_vs_microglial cell,astrocyte,microglial cell
Mpzl1,-2.2798693,-3.9267104,0.02261543595495355,0.11058892887507848,astrocyte_vs_microglial cell,astrocyte,microglial cell
Dbndd2,-2.2826803,-2.9348836,0.022449203672143536,0.1100451160399193,astrocyte_vs_microglial cell,astrocyte,microglial cell
Ptprd,-2.291816,-2.7126722,0.021916263141008124,0.1076966247715387,astrocyte_vs_microglial cell,astrocyte,microglial cell
Itih5,-2.2948904,-26.272009,0.021739400829528032,0.10709064448043365,astrocyte_vs_microglial cell,astrocyte,microglial cell
Egfr,-2.3048167,-3.991503,0.021176840450259277,0.10457698987782359,astrocyte_vs_microglial cell,astrocyte,microglial cell
Ephx2,-2.3190472,-26.129332,0.02039247534321524,0.10095284823373882,astrocyte_vs_microglial cell,astrocyte,microglial cell
Ctso,-2.3519003,-1.2183198,0.0186777752589128,0.09292425501946668,astrocyte_vs_microglial cell,astrocyte,microglial cell
Gpx8,-2.3673608,-26.227837,0.017915461950423428,0.08935392493976771,astrocyte_vs_microglial cell,astrocyte,microglial cell
Islr,-2.3793952,-5.8035984,0.017341074714985413,0.08670537357492705,astrocyte_vs_microglial cell,astrocyte,microglial cell
Acaa2,-2.4270937,-2.4722395,0.015220322098078118,0.0770649220155854,astrocyte_vs_microglial cell,astrocyte,microglial cell
Lrrc16a,-2.4282358,-5.871104,0.015172478948466855,0.07701765963688759,astrocyte_vs_microglial cell,astrocyte,microglial cell
Slc16a1,-2.4394796,-2.8687186,0.014708434178490307,0.074852082333284,astrocyte_vs_microglial cell,astrocyte,microglial cell
Etv4,-2.4607375,-4.296173,0.013865176703361017,0.07074069746612763,astrocyte_vs_microglial cell,astrocyte,microglial cell
Dusp18,-2.462582,-4.620211,0.013794054833871411,0.07055782523719392,astrocyte_vs_microglial cell,astrocyte,microglial cell
Apoc1,-2.4628458,-2.4113653,0.013783920909909542,0.07055782523719392,astrocyte_vs_microglial cell,astrocyte,microglial cell
Dab1,-2.4846308,-4.4298987,0.012968588486326402,0.06667654748753934,astrocyte_vs_microglial cell,astrocyte,microglial cell
Scara3,-2.4881444,-26.318363,0.012841157252387806,0.06619153222880313,astrocyte_vs_microglial cell,astrocyte,microglial cell
Lrp1b,-2.4885836,-3.76821,0.01282530650724875,0.06619153222880313,astrocyte_vs_microglial cell,astrocyte,microglial cell
Tead1,-2.5123012,-26.280891,0.011994667506537762,0.06225691975723683,astrocyte_vs_microglial cell,astrocyte,microglial cell
Fzd1,-2.536458,-26.342087,0.011198020221413484,0.05832302198652856,astrocyte_vs_microglial cell,astrocyte,microglial cell
Vwa1,-2.5513911,-4.339075,0.010729382705817192,0.056174778564487916,astrocyte_vs_microglial cell,astrocyte,microglial cell
Hdac8,-2.5820482,-4.494988,0.009821584593452485,0.05169255049185518,astrocyte_vs_microglial cell,astrocyte,microglial cell
Gpc6,-2.5847714,-26.423141,0.009744358135850834,0.051557450454237215,astrocyte_vs_microglial cell,astrocyte,microglial cell
Pacrg,-2.6089282,-26.3406,0.009082631371517132,0.04818372080380441,astrocyte_vs_microglial cell,astrocyte,microglial cell
Olig2,-2.640815,-3.421804,0.008270685843141563,0.04399300980394449,astrocyte_vs_microglial cell,astrocyte,microglial cell
Pts,-2.6423962,-1.1767,0.008232169271092188,0.04390490277915834,astrocyte_vs_microglial cell,astrocyte,microglial cell
Baalc,-2.6452072,-5.59044,0.008164091514569751,0.04365824339342113,astrocyte_vs_microglial cell,astrocyte,microglial cell
Sybu,-2.6513562,-4.1391,0.008016925225802255,0.042986194240226566,astrocyte_vs_microglial cell,astrocyte,microglial cell
Gapdh,-2.655924,-0.6869853,0.007909144106429844,0.042522280142095935,astrocyte_vs_microglial cell,astrocyte,microglial cell
Shisa9,-2.6572416,-26.490896,0.007878295521214305,0.042470595801694364,astrocyte_vs_microglial cell,astrocyte,microglial cell
C4b,-2.6572416,-26.536592,0.007878295521214305,0.042470595801694364,astrocyte_vs_microglial cell,astrocyte,microglial cell
C130071C03Rik,-2.7083662,-4.9586687,0.006761539568747726,0.03684762707764428,astrocyte_vs_microglial cell,astrocyte,microglial cell
Megf10,-2.7297118,-26.469753,0.006338970580225053,0.03463918349849756,astrocyte_vs_microglial cell,astrocyte,microglial cell
Phka1,-2.7453477,-4.2795916,0.00604467895186055,0.03321252171351951,astrocyte_vs_microglial cell,astrocyte,microglial cell
Hapln1,-2.7780254,-26.56319,0.005469035422137623,0.030132426568251366,astrocyte_vs_microglial cell,astrocyte,microglial cell
Grm3,-2.8504956,-26.533276,0.004365115999256136,0.02425064444031187,astrocyte_vs_microglial cell,astrocyte,microglial cell
Plat,-2.8602462,-5.452468,0.004233123698158367,0.02358286182818032,astrocyte_vs_microglial cell,astrocyte,microglial cell
Gpd1,-2.8639355,-2.9058511,0.0041841321311953655,0.023375039839080253,astrocyte_vs_microglial cell,astrocyte,microglial cell
Pdgfrb,-2.8766727,-4.030319,0.004018922321548404,0.02251497098906669,astrocyte_vs_microglial cell,astrocyte,microglial cell
Gli3,-2.898809,-26.493465,0.0037458295333508713,0.02110326497662463,astrocyte_vs_microglial cell,astrocyte,microglial cell
Cdh20,-2.9229658,-26.594362,0.003467146133768957,0.019588396235982807,astrocyte_vs_microglial cell,astrocyte,microglial cell
Kank1,-2.9229658,-26.628283,0.003467146133768957,0.019588396235982807,astrocyte_vs_microglial cell,astrocyte,microglial cell
Dio2,-2.9712794,-26.57752,0.0029656197067919198,0.016898117987418346,astrocyte_vs_microglial cell,astrocyte,microglial cell
Nhsl1,-2.9712794,-26.712046,0.0029656197067919198,0.016898117987418346,astrocyte_vs_microglial cell,astrocyte,microglial cell
Mmp14,-2.9728603,-3.544514,0.0029503857138201426,0.016898117987418346,astrocyte_vs_microglial cell,astrocyte,microglial cell
Ccdc141,-3.0756364,-5.3883777,0.0021005383038675573,0.012106849013645865,astrocyte_vs_microglial cell,astrocyte,microglial cell
Sox6,-3.092063,-26.630508,0.0019877067321583896,0.011489634289932889,astrocyte_vs_microglial cell,astrocyte,microglial cell
Phgdh,-3.1053271,-2.1801996,0.001900686245681686,0.01101847098945905,astrocyte_vs_microglial cell,astrocyte,microglial cell
Eps8,-3.1914132,-2.7373242,0.001415787077077561,0.008279456591096848,astrocyte_vs_microglial cell,astrocyte,microglial cell
Aldh1a1,-3.1977377,-3.7618265,0.001385101836188812,0.008123764435124995,astrocyte_vs_microglial cell,astrocyte,microglial cell
Rgs20,-3.2406049,-5.251397,0.0011927634321380644,0.007016255483165084,astrocyte_vs_microglial cell,astrocyte,microglial cell
Gsta4,-3.3101764,-5.196311,0.0009323719226686036,0.005516993625258009,astrocyte_vs_microglial cell,astrocyte,microglial cell
Fzd2,-3.3336303,-26.849495,0.0008572048031271996,0.005087268861289018,astrocyte_vs_microglial cell,astrocyte,microglial cell
Pax6,-3.37518,-4.8800898,0.0007376742645720505,0.004404025460131644,astrocyte_vs_microglial cell,astrocyte,microglial cell
Il33,-3.3881807,-5.503597,0.0007035789116924476,0.004213047375403877,astrocyte_vs_microglial cell,astrocyte,microglial cell
Igsf11,-3.40083,-5.0165024,0.0006718157755626706,0.004034929582958982,astrocyte_vs_microglial cell,astrocyte,microglial cell
Meis2,-3.4227908,-4.612673,0.0006198177391296976,0.0037451222908138826,astrocyte_vs_microglial cell,astrocyte,microglial cell
Gm11627,-3.4465082,-6.277686,0.0005678811912781216,0.0034521652965235354,astrocyte_vs_microglial cell,astrocyte,microglial cell
Fam20a,-3.4544141,-26.803251,0.0005514898502471608,0.0033627429893119563,astrocyte_vs_microglial cell,astrocyte,microglial cell
Pcdh9,-3.4712799,-2.8731315,0.0005179837580123408,0.003177814466333379,astrocyte_vs_microglial cell,astrocyte,microglial cell
Anxa5,-3.5079103,-2.6007504,0.0004516412841564316,0.002779330979424194,astrocyte_vs_microglial cell,astrocyte,microglial cell
Grin3a,-3.5510411,-26.89279,0.00038371052461917823,0.002383295183970051,astrocyte_vs_microglial cell,astrocyte,microglial cell
Igsf1,-3.5510411,-27.093243,0.00038371052461917823,0.002383295183970051,astrocyte_vs_microglial cell,astrocyte,microglial cell
Agl,-3.5590348,-3.7249982,0.0003722202668198757,0.002326376667624223,astrocyte_vs_microglial cell,astrocyte,microglial cell
Auts2,-3.5730019,-5.2378674,0.0003529123990405537,0.002212616921884349,astrocyte_vs_microglial cell,astrocyte,microglial cell
Hsd11b1,-3.5993545,-27.074646,0.0003190079888769805,0.0020126686995393093,astrocyte_vs_microglial cell,astrocyte,microglial cell
Slc15a2,-3.638708,-6.1744633,0.0002740091738795446,0.001739740786536791,astrocyte_vs_microglial cell,astrocyte,microglial cell
Spon1,-3.6718247,-27.077564,0.00024082477283437305,0.001533915750537408,astrocyte_vs_microglial cell,astrocyte,microglial cell
Lhfp,-3.6824539,-4.3254128,0.0002309997820421479,0.0014760369459562166,astrocyte_vs_microglial cell,astrocyte,microglial cell
Sept4,-3.6893933,-3.412761,0.00022478945675235,0.0014409580561048076,astrocyte_vs_microglial cell,astrocyte,microglial cell
Farp1,-3.7609851,-3.9643753,0.00016924549464708333,0.001091906417077957,astrocyte_vs_microglial cell,astrocyte,microglial cell
Atp13a4,-3.7684517,-27.072872,0.0001642632240541462,0.0010631923886999753,astrocyte_vs_microglial cell,astrocyte,microglial cell
Adcy2,-3.7785537,-5.8101172,0.00015774186100965144,0.0010242977987639703,astrocyte_vs_microglial cell,astrocyte,microglial cell
Sorcs2,-3.7991087,-5.6583805,0.00014521730254366992,0.000955376990418881,astrocyte_vs_microglial cell,astrocyte,microglial cell
Smpdl3a,-3.820718,-2.7739413,0.00013306364263796825,0.0008783078721978103,astrocyte_vs_microglial cell,astrocyte,microglial cell
Sh3pxd2b,-3.8235292,-5.6656475,0.0001315550425150805,0.0008712254471197385,astrocyte_vs_microglial cell,astrocyte,microglial cell
Itga6,-3.8478615,-2.1615846,0.00011915335290706104,0.0007917166306117012,astrocyte_vs_microglial cell,astrocyte,microglial cell
Id1,-3.864288,-5.448331,0.00011141364249641651,0.000745241755828873,astrocyte_vs_microglial cell,astrocyte,microglial cell
Ntrk3,-3.8908167,-5.547973,9.990741258069444e-05,0.0006705195475214392,astrocyte_vs_microglial cell,astrocyte,microglial cell
Neat1,-3.9792743,-2.1316555,6.912596914547798e-05,0.00046549474172039046,astrocyte_vs_microglial cell,astrocyte,microglial cell
Rarres2,-4.0100193,-27.16295,6.0713816934276845e-05,0.0004102284927991679,astrocyte_vs_microglial cell,astrocyte,microglial cell
Clmn,-4.0100193,-27.075361,6.0713816934276845e-05,0.0004102284927991679,astrocyte_vs_microglial cell,astrocyte,microglial cell
Deb1,-4.0158167,-2.0007997,5.924026339013141e-05,0.000402994989048513,astrocyte_vs_microglial cell,astrocyte,microglial cell
Gpc5,-4.0824895,-27.086449,4.4555844532620116e-05,0.0003041354575605469,astrocyte_vs_microglial cell,astrocyte,microglial cell
4933431E20Rik,-4.1445065,-6.1077843,3.4054652487231735e-05,0.00023405259441396383,astrocyte_vs_microglial cell,astrocyte,microglial cell
Cyp2j9,-4.1549597,-27.09035,3.253449832664353e-05,0.00022437585052857608,astrocyte_vs_microglial cell,astrocyte,microglial cell
Vcam1,-4.170508,-3.9700859,3.0392167126633997e-05,0.00021032641610127336,astrocyte_vs_microglial cell,astrocyte,microglial cell
Slc14a1,-4.2032733,-27.163733,2.6308284262012027e-05,0.00018269641848619466,astrocyte_vs_microglial cell,astrocyte,microglial cell
Phlpp1,-4.2032733,-27.099155,2.6308284262012027e-05,0.00018269641848619466,astrocyte_vs_microglial cell,astrocyte,microglial cell
Slc7a11,-4.232964,-5.139152,2.3063149160230407e-05,0.00016128076335825462,astrocyte_vs_microglial cell,astrocyte,microglial cell
AI854517,-4.2335787,-5.817921,2.300014954040359e-05,0.00016128076335825462,astrocyte_vs_microglial cell,astrocyte,microglial cell
Igfbp5,-4.2389374,-5.8367143,2.2458041864266398e-05,0.00015815522439624225,astrocyte_vs_microglial cell,astrocyte,microglial cell
Rfx4,-4.2699456,-5.388328,1.955205454861521e-05,0.0001386670535362781,astrocyte_vs_microglial cell,astrocyte,microglial cell
Csdc2,-4.3361793,-3.9221485,1.4498081882991626e-05,0.00010318919489673755,astrocyte_vs_microglial cell,astrocyte,microglial cell
Gna13,-4.428326,-1.9925842,9.49672409574375e-06,6.783374354102678e-05,astrocyte_vs_microglial cell,astrocyte,microglial cell
Sema6d,-4.4417663,-4.373243,8.922354419749549e-06,6.395952989067777e-05,astrocyte_vs_microglial cell,astrocyte,microglial cell
Notch1,-4.4676795,-4.1867185,7.907260520626213e-06,5.6886766335440374e-05,astrocyte_vs_microglial cell,astrocyte,microglial cell
Slc2a1,-4.4767275,-2.7583485,7.579591767341813e-06,5.472629434903836e-05,astrocyte_vs_microglial cell,astrocyte,microglial cell
Thrsp,-4.488235,-1.4750496,7.1815743557025565e-06,5.204039388190258e-05,astrocyte_vs_microglial cell,astrocyte,microglial cell
Mgst1,-4.561935,-6.968058,5.0684375911213766e-06,3.699589482570348e-05,astrocyte_vs_microglial cell,astrocyte,microglial cell
Ppp2r2b,-4.637216,-3.8167582,3.531332560873442e-06,2.5870568211527046e-05,astrocyte_vs_microglial cell,astrocyte,microglial cell
Mfsd2a,-4.67736,-5.384721,2.905916196560297e-06,2.1367030857061007e-05,astrocyte_vs_microglial cell,astrocyte,microglial cell
Plekhb1,-4.702483,-4.279367,2.5701641565297653e-06,1.8968001155201218e-05,astrocyte_vs_microglial cell,astrocyte,microglial cell
Entpd2,-4.758878,-27.383108,1.9467187722444387e-06,1.4527752031674914e-05,astrocyte_vs_microglial cell,astrocyte,microglial cell
Cnp,-4.7603717,-1.4070033,1.932369307206266e-06,1.4474676458473903e-05,astrocyte_vs_microglial cell,astrocyte,microglial cell
Emp2,-4.867364,-6.185903,1.130966594975931e-06,8.503508232901737e-06,astrocyte_vs_microglial cell,astrocyte,microglial cell
Ezr,-4.874655,-6.65522,1.0899885529682797e-06,8.226328701647393e-06,astrocyte_vs_microglial cell,astrocyte,microglial cell
Slco1c1,-4.895122,-6.3671575,9.82446591056559e-07,7.442777204973931e-06,astrocyte_vs_microglial cell,astrocyte,microglial cell
Pgm2,-4.9700522,-5.6715627,6.693493922659032e-07,5.1291141169801015e-06,astrocyte_vs_microglial cell,astrocyte,microglial cell
Nebl,-4.9737415,-6.970877,6.567289716448929e-07,5.05176132034533e-06,astrocyte_vs_microglial cell,astrocyte,microglial cell
Gpld1,-5.0877614,-6.4213943,3.623151051720719e-07,2.8086442261400923e-06,astrocyte_vs_microglial cell,astrocyte,microglial cell
Rora,-5.135284,-3.7210376,2.817180636726746e-07,2.20092237244277e-06,astrocyte_vs_microglial cell,astrocyte,microglial cell
S100a6,-5.204943,-6.336741,1.940557432883016e-07,1.5220058297121695e-06,astrocyte_vs_microglial cell,astrocyte,microglial cell
Nfia,-5.3110576,-2.5185485,1.0899100458882563e-07,8.615889690816255e-07,astrocyte_vs_microglial cell,astrocyte,microglial cell
Wnt7a,-5.313341,-7.1217046,1.0763318090068546e-07,8.542315944498846e-07,astrocyte_vs_microglial cell,astrocyte,microglial cell
Bcl2,-5.3635874,-4.336884,8.158518640003688e-08,6.52681491200295e-07,astrocyte_vs_microglial cell,astrocyte,microglial cell
Aldh1l1,-5.3836155,-5.2747097,7.300438598172862e-08,5.88745048239747e-07,astrocyte_vs_microglial cell,astrocyte,microglial cell
Pbxip1,-5.4866548,-1.5827649,4.0961616724318754e-08,3.357509567567111e-07,astrocyte_vs_microglial cell,astrocyte,microglial cell
Tnfrsf19,-5.507737,-27.639746,3.634755128176438e-08,3.0039298579970565e-07,astrocyte_vs_microglial cell,astrocyte,microglial cell
Trps1,-5.5514827,-5.9371433,2.8325651680596796e-08,2.3604709733830663e-07,astrocyte_vs_microglial cell,astrocyte,microglial cell
Msi2,-5.553064,-5.379029,2.807052208119729e-08,2.3489976636985182e-07,astrocyte_vs_microglial cell,astrocyte,microglial cell
Myo10,-5.61104,-6.232011,2.011140410637933e-08,1.6971649034919268e-07,astrocyte_vs_microglial cell,astrocyte,microglial cell
Slc7a2,-5.628521,-27.636587,1.8176149083273415e-08,1.5403516172265608e-07,astrocyte_vs_microglial cell,astrocyte,microglial cell
Ctnnd2,-5.758089,-4.2850776,8.507156666102952e-09,7.271074073592266e-08,astrocyte_vs_microglial cell,astrocyte,microglial cell
Serpinh1,-5.761427,-5.2574396,8.340578849863168e-09,7.15929515009714e-08,astrocyte_vs_microglial cell,astrocyte,microglial cell
Itpkb,-5.778205,-3.6874828,7.550184939017533e-09,6.565378207841332e-08,astrocyte_vs_microglial cell,astrocyte,microglial cell
Slc39a12,-5.8838797,-4.7319846,4.0075938595417755e-09,3.5309197000368064e-08,astrocyte_vs_microglial cell,astrocyte,microglial cell
Prex2,-5.941241,-6.142719,2.8287256526622885e-09,2.5032970377542374e-08,astrocyte_vs_microglial cell,astrocyte,microglial cell
Arhgef26,-5.9667153,-27.77824,2.4207728116272967e-09,2.1614042960958006e-08,astrocyte_vs_microglial cell,astrocyte,microglial cell
H2afv,-6.0876746,-1.5492073,1.1456235820205657e-09,1.0320933171356448e-08,astrocyte_vs_microglial cell,astrocyte,microglial cell
Npas3,-6.1358123,-27.779007,8.472505321047614e-10,7.667425629907344e-09,astrocyte_vs_microglial cell,astrocyte,microglial cell
Chst2,-6.2746916,-6.6927648,3.5032758003430095e-10,3.214014495727532e-09,astrocyte_vs_microglial cell,astrocyte,microglial cell
Olig1,-6.3643794,-4.1497827,1.9608120278032113e-10,1.8072000256250796e-09,astrocyte_vs_microglial cell,astrocyte,microglial cell
Lfng,-6.392928,-2.3505673,1.6273884876973127e-10,1.5138497559975001e-09,astrocyte_vs_microglial cell,astrocyte,microglial cell
E130114P18Rik,-6.4989543,-5.3394337,8.088028434013406e-11,7.594392895787236e-10,astrocyte_vs_microglial cell,astrocyte,microglial cell
Epas1,-6.5061574,-5.6795278,7.709750193605987e-11,7.273349239250932e-10,astrocyte_vs_microglial cell,astrocyte,microglial cell
Slc27a1,-6.585128,-5.327505,4.544940485454902e-11,4.3080004601468265e-10,astrocyte_vs_microglial cell,astrocyte,microglial cell
Ddah1,-6.756421,-4.836177,1.4144191030305337e-11,1.3600183682985902e-10,astrocyte_vs_microglial cell,astrocyte,microglial cell
Chpt1,-6.756948,-3.197373,1.4092855231909984e-11,1.3600183682985902e-10,astrocyte_vs_microglial cell,astrocyte,microglial cell
Grin2c,-6.7773275,-6.141059,1.2241900985990848e-11,1.1885340763097913e-10,astrocyte_vs_microglial cell,astrocyte,microglial cell
Kcnn2,-6.7880445,-28.046717,1.13663589284882e-11,1.1089130661939709e-10,astrocyte_vs_microglial cell,astrocyte,microglial cell
Slc9a3r1,-6.902152,-2.6230974,5.122052226419256e-12,5.071338838038867e-11,astrocyte_vs_microglial cell,astrocyte,microglial cell
Id4,-6.9088283,-28.210157,4.886732578710196e-12,4.862420476328553e-11,astrocyte_vs_microglial cell,astrocyte,microglial cell
Lcat,-7.319493,-7.166835,2.489098725686809e-13,2.5142411370573827e-12,astrocyte_vs_microglial cell,astrocyte,microglial cell
Sox2,-7.512747,-28.15626,5.789946053243032e-14,5.938406208454391e-13,astrocyte_vs_microglial cell,astrocyte,microglial cell
Sfxn5,-7.532775,-7.020245,4.967320071298095e-14,5.120948527111438e-13,astrocyte_vs_microglial cell,astrocyte,microglial cell
Sash1,-7.575115,-4.9855423,3.588094152840829e-14,3.71823228273661e-13,astrocyte_vs_microglial cell,astrocyte,microglial cell
Nrarp,-7.615259,-3.7765167,2.631628286914376e-14,2.7412794655358085e-13,astrocyte_vs_microglial cell,astrocyte,microglial cell
Nnat,-7.728752,-5.2252393,1.0860604768671993e-14,1.137236101431622e-13,astrocyte_vs_microglial cell,astrocyte,microglial cell
Lrig1,-7.926486,-7.3203707,2.2543426582719905e-15,2.3982368705021174e-14,astrocyte_vs_microglial cell,astrocyte,microglial cell
Slc38a3,-8.005983,-5.113623,1.1851559897306153e-15,1.2743612792802315e-14,astrocyte_vs_microglial cell,astrocyte,microglial cell
Gfap,-8.080298,-4.555356,6.460846053082569e-16,7.022658753350618e-15,astrocyte_vs_microglial cell,astrocyte,microglial cell
Ptch1,-8.116665,-28.490067,4.791678303242041e-16,5.2368068887891164e-15,astrocyte_vs_microglial cell,astrocyte,microglial cell
Plxnb1,-8.182635,-7.0092845,2.777029252076719e-16,3.0516804967876032e-15,astrocyte_vs_microglial cell,astrocyte,microglial cell
Nfib,-8.3881,-4.7537804,4.940650017363587e-17,5.61437501973135e-16,astrocyte_vs_microglial cell,astrocyte,microglial cell
Hopx,-8.456001,-6.4955115,2.7670166277479192e-17,3.1623047174261936e-16,astrocyte_vs_microglial cell,astrocyte,microglial cell
Sdc4,-8.50739,-4.6055145,1.778929194800737e-17,2.0447462009203875e-16,astrocyte_vs_microglial cell,astrocyte,microglial cell
Id2,-8.574326,-1.9253907,9.966893551015325e-18,1.1657185439784004e-16,astrocyte_vs_microglial cell,astrocyte,microglial cell
Dbx2,-8.773641,-5.1480794,1.7298032434746418e-18,2.0592895755650495e-17,astrocyte_vs_microglial cell,astrocyte,microglial cell
AI464131,-8.793054,-28.568716,1.4554834887698172e-18,1.743093998526727e-17,astrocyte_vs_microglial cell,astrocyte,microglial cell
Tlcd1,-8.97278,-5.978516,2.8912250601798504e-19,3.5258842197315244e-18,astrocyte_vs_microglial cell,astrocyte,microglial cell
2310022B05Rik,-9.392756,-4.1982174,5.845032100105648e-21,7.260909441125028e-20,astrocyte_vs_microglial cell,astrocyte,microglial cell
Phkg1,-9.421129,-28.64988,4.46261763542477e-21,5.578272044280962e-20,astrocyte_vs_microglial cell,astrocyte,microglial cell
Adcyap1r1,-9.609991,-5.741338,7.25551938010711e-22,9.184201746971025e-21,astrocyte_vs_microglial cell,astrocyte,microglial cell
Cnn3,-9.7212,-5.5330167,2.4487825127024962e-22,3.119468169047766e-21,astrocyte_vs_microglial cell,astrocyte,microglial cell
Igfbp2,-9.821428,-7.4446435,9.104407189779655e-23,1.1672316909973917e-21,astrocyte_vs_microglial cell,astrocyte,microglial cell
Ednrb,-9.857444,-6.3309846,6.364896548395867e-23,8.266099413501126e-22,astrocyte_vs_microglial cell,astrocyte,microglial cell
Fbxo2,-9.945111,-6.1773257,2.648783400320566e-23,3.462461961203354e-22,astrocyte_vs_microglial cell,astrocyte,microglial cell
Cmtm5,-10.016088,-8.095925,1.2952879333850921e-23,1.7156131568014465e-22,astrocyte_vs_microglial cell,astrocyte,microglial cell
Gjb6,-10.064753,-8.374099,7.908572607237784e-24,1.0544763476317046e-22,astrocyte_vs_microglial cell,astrocyte,microglial cell
Scrg1,-10.103755,-5.692344,5.316656281138227e-24,7.136451384078157e-23,astrocyte_vs_microglial cell,astrocyte,microglial cell
Agt,-10.2095175,-6.345662,1.7975627968578113e-24,2.4456636691943013e-23,astrocyte_vs_microglial cell,astrocyte,microglial cell
Mdk,-10.337065,-5.9398932,4.789818138005329e-25,6.606645707593557e-24,astrocyte_vs_microglial cell,astrocyte,microglial cell
Itih3,-10.508183,-29.11812,7.920500354109271e-26,1.10776228728801e-24,astrocyte_vs_microglial cell,astrocyte,microglial cell
Rcn2,-10.551665,-3.055062,4.99048321765548e-26,7.028849602331663e-25,astrocyte_vs_microglial cell,astrocyte,microglial cell
Fam107a,-10.809132,-7.972747,3.1160492845965468e-27,4.516013455937024e-26,astrocyte_vs_microglial cell,astrocyte,microglial cell
Tubb2b,-10.8187065,-4.705833,2.807104033743574e-27,4.097962093056312e-26,astrocyte_vs_microglial cell,astrocyte,microglial cell
Cox7c,-10.867635,-1.3454733,1.644071601193583e-27,2.4177523546964455e-26,astrocyte_vs_microglial cell,astrocyte,microglial cell
Fjx1,-10.939754,-7.063337,7.4401546925964685e-28,1.1022451396439212e-26,astrocyte_vs_microglial cell,astrocyte,microglial cell
Hes5,-11.033306,-8.568513,2.639778204579881e-28,3.9695912850825276e-27,astrocyte_vs_microglial cell,astrocyte,microglial cell
F3,-11.039631,-29.139893,2.4604119736714382e-28,3.7278969298052094e-27,astrocyte_vs_microglial cell,astrocyte,microglial cell
Lxn,-11.046043,-5.5462303,2.290900298154288e-28,3.497557707105783e-27,astrocyte_vs_microglial cell,astrocyte,microglial cell
S100b,-11.283307,-4.157892,1.5866744849514888e-29,2.4410376691561363e-28,astrocyte_vs_microglial cell,astrocyte,microglial cell
Slc25a18,-11.410679,-6.2887135,3.6983246447639715e-30,5.778632257443705e-29,astrocyte_vs_microglial cell,astrocyte,microglial cell
Tmem47,-11.474452,-29.12713,1.7729639621883113e-30,2.814228511410018e-29,astrocyte_vs_microglial cell,astrocyte,microglial cell
Ncan,-11.508799,-6.80799,1.1912586615359835e-30,1.9213849379612638e-29,astrocyte_vs_microglial cell,astrocyte,microglial cell
Metrn,-11.520307,-5.412601,1.0423972586361678e-30,1.6949548920913298e-29,astrocyte_vs_microglial cell,astrocyte,microglial cell
Luzp2,-11.573978,-7.4789143,5.5832466307204725e-31,9.152863329049956e-30,astrocyte_vs_microglial cell,astrocyte,microglial cell
S1pr1,-11.748259,-7.8828897,7.208950412256721e-32,1.2014917353761202e-30,astrocyte_vs_microglial cell,astrocyte,microglial cell
Btbd17,-11.78849,-29.380404,4.474916449778301e-32,7.520867982820675e-31,astrocyte_vs_microglial cell,astrocyte,microglial cell
Timp3,-11.954952,-8.475604,6.1168894635572286e-33,1.036760926026649e-31,astrocyte_vs_microglial cell,astrocyte,microglial cell
Nkain4,-12.000981,-7.373007,3.511073869516168e-33,6.001835674386612e-32,astrocyte_vs_microglial cell,astrocyte,microglial cell
Sox9,-12.0059,-29.1233,3.3084188980376555e-33,5.704170513858026e-32,astrocyte_vs_microglial cell,astrocyte,microglial cell
Csrp1,-12.224542,-6.1686625,2.298756938641074e-34,3.9978381541583896e-33,astrocyte_vs_microglial cell,astrocyte,microglial cell
Serpine2,-12.246765,-1.7680088,1.7483072236467298e-34,3.0672056555205786e-33,astrocyte_vs_microglial cell,astrocyte,microglial cell
Fxyd1,-12.4071665,-6.286515,2.3896140482708067e-35,4.229405395169569e-34,astrocyte_vs_microglial cell,astrocyte,microglial cell
Timp4,-12.411207,-6.7003107,2.2720164521786607e-35,4.0571722360333224e-34,astrocyte_vs_microglial cell,astrocyte,microglial cell
Gstm5,-13.281289,-4.3074627,2.9723339293980407e-40,5.661588436948649e-39,astrocyte_vs_microglial cell,astrocyte,microglial cell
Acsl6,-13.28735,-7.956984,2.7411513796316852e-40,5.2714449608301643e-39,astrocyte_vs_microglial cell,astrocyte,microglial cell
Id3,-13.74176,-6.0014696,5.707107283001595e-43,1.1301202540597216e-41,astrocyte_vs_microglial cell,astrocyte,microglial cell
Slc7a10,-13.8176565,-29.725008,1.9945829835954687e-43,3.9891659671909374e-42,astrocyte_vs_microglial cell,astrocyte,microglial cell
Car2,-14.055096,-5.4586906,7.168539931108132e-45,1.4481898850723498e-43,astrocyte_vs_microglial cell,astrocyte,microglial cell
Gstm1,-14.107362,-5.799025,3.421405900071693e-45,6.982461020554476e-44,astrocyte_vs_microglial cell,astrocyte,microglial cell
Mfge8,-14.381958,-5.8090243,6.71671372196734e-47,1.4140449940983873e-45,astrocyte_vs_microglial cell,astrocyte,microglial cell
Cldn10,-15.254763,-6.4277577,1.5304975575465617e-52,3.5592966454571203e-51,astrocyte_vs_microglial cell,astrocyte,microglial cell
Tril,-15.403042,-6.834041,1.5614879316938205e-53,3.7178284087948106e-52,astrocyte_vs_microglial cell,astrocyte,microglial cell
Scg3,-15.558962,-8.3573885,1.383234710292321e-54,3.373743195834929e-53,astrocyte_vs_microglial cell,astrocyte,microglial cell
Cspg5,-16.110086,-7.643903,2.1671758184940717e-58,5.486521059478662e-57,astrocyte_vs_microglial cell,astrocyte,microglial cell
Cxcl14,-16.211546,-8.418038,4.179241744777555e-59,1.0855173363058586e-57,astrocyte_vs_microglial cell,astrocyte,microglial cell
Acsbg1,-16.692308,-30.06866,1.4909202564977716e-62,4.0847130315007444e-61,astrocyte_vs_microglial cell,astrocyte,microglial cell
Fabp7,-16.724283,-6.1529493,8.721881209500419e-63,2.4227447804167833e-61,astrocyte_vs_microglial cell,astrocyte,microglial cell
Mlc1,-16.731838,-8.318159,7.68303652054584e-63,2.1642356395903778e-61,astrocyte_vs_microglial cell,astrocyte,microglial cell
Enho,-16.961634,-7.489377,1.578906946945108e-64,4.643843961603258e-63,astrocyte_vs_microglial cell,astrocyte,microglial cell
Fgfr3,-17.219542,-7.8540707,1.89486186130621e-66,5.7420056403218486e-65,astrocyte_vs_microglial cell,astrocyte,microglial cell
Tsc22d4,-17.858948,-2.8606062,2.462382819572309e-71,7.694946311163466e-70,astrocyte_vs_microglial cell,astrocyte,microglial cell
Pla2g7,-18.116064,-8.14474,2.3802952033224256e-73,7.804246568270248e-72,astrocyte_vs_microglial cell,astrocyte,microglial cell
Slc6a1,-18.147335,-7.5034785,1.3478296455850058e-73,4.492765485283353e-72,astrocyte_vs_microglial cell,astrocyte,microglial cell
Htra1,-18.62186,-9.027803,2.136565112304844e-77,7.496719692297697e-76,astrocyte_vs_microglial cell,astrocyte,microglial cell
Aqp4,-18.624847,-30.843222,2.0206485358897066e-77,7.216601913891809e-76,astrocyte_vs_microglial cell,astrocyte,microglial cell
Ptprz1,-18.652782,-7.840414,1.198741279536928e-77,4.366227846872558e-76,astrocyte_vs_microglial cell,astrocyte,microglial cell
Slc4a4,-18.818102,-30.671614,5.367302024802729e-79,2.025396990491596e-77,astrocyte_vs_microglial cell,astrocyte,microglial cell
Malat1,-19.084618,-1.8452635,3.389534947488716e-81,1.3558139789954864e-79,astrocyte_vs_microglial cell,astrocyte,microglial cell
Slc1a3,-19.191874,-4.65519,4.3276012302430406e-82,1.8031671792679335e-80,astrocyte_vs_microglial cell,astrocyte,microglial cell
Mmd2,-19.296143,-7.9211574,5.787209567836313e-83,2.462642369292048e-81,astrocyte_vs_microglial cell,astrocyte,microglial cell
Prdx6,-19.771194,-5.0235558,5.27121859061958e-87,2.5101040907712284e-85,astrocyte_vs_microglial cell,astrocyte,microglial cell
Dbi,-20.105787,-4.1763654,6.566901235574127e-90,3.283450617787063e-88,astrocyte_vs_microglial cell,astrocyte,microglial cell
Bcan,-20.114573,-7.3311024,5.501133404360512e-90,2.821094053518211e-88,astrocyte_vs_microglial cell,astrocyte,microglial cell
Gja1,-20.20461,-8.015603,8.916913634631062e-91,4.693112439279507e-89,astrocyte_vs_microglial cell,astrocyte,microglial cell
Slc6a11,-20.298164,-9.18447,1.3348049613050108e-91,7.415583118361172e-90,astrocyte_vs_microglial cell,astrocyte,microglial cell
Ndrg2,-21.043596,-6.601004,2.6175081883269566e-98,1.6887149602109397e-96,astrocyte_vs_microglial cell,astrocyte,microglial cell
Ntsr2,-21.070564,-10.166641,1.481546684167202e-98,9.876977894448014e-97,astrocyte_vs_microglial cell,astrocyte,microglial cell
Gpr37l1,-21.241682,-8.494473,3.935427920305988e-100,2.8110199430757056e-98,astrocyte_vs_microglial cell,astrocyte,microglial cell
Mt2,-22.148394,-5.938984,1.0810339243301343e-108,9.008616036084452e-107,astrocyte_vs_microglial cell,astrocyte,microglial cell
Clu,-22.474466,-7.9621143,7.378472979424584e-112,6.707702708567804e-110,astrocyte_vs_microglial cell,astrocyte,microglial cell
Atp1b2,-22.802647,-7.8747873,4.316101017156484e-115,4.1105723972918895e-113,astrocyte_vs_microglial cell,astrocyte,microglial cell
Mt3,-22.936344,-6.499305,2.0168566155448695e-116,2.0168566155448694e-114,astrocyte_vs_microglial cell,astrocyte,microglial cell
Slc1a2,-24.019093,-7.2601542,1.7568771743991923e-127,2.3425028991989231e-125,astrocyte_vs_microglial cell,astrocyte,microglial cell
Aldoc,-24.631355,-6.9063787,5.830467157234124e-134,9.73852809252531e-132,astrocyte_vs_microglial cell,astrocyte,microglial cell
Mt1,-24.79369,-5.3727417,1.0486138356405832e-135,2.330252968090185e-133,astrocyte_vs_microglial cell,astrocyte,microglial cell
Atp1a2,-24.861504,-8.636973,1.9418846617782028e-136,4.854711654445507e-134,astrocyte_vs_microglial cell,astrocyte,microglial cell
