names,scores,logfoldchanges,pvals,pvals_adj,comparison,ref_group,target_group
Tmsb10,24.415625,5.25796,1.1672092919066828e-131,2.5937984264592953e-129,astrocyte_vs_endothelial cell,astrocyte,endothelial cell
Igfbp7,23.835506,7.5498953,1.431542772546668e-125,2.202373496225643e-123,astrocyte_vs_endothelial cell,astrocyte,endothelial cell
Rps27,20.568064,1.9236231,5.304263947310227e-94,4.080203036392482e-92,astrocyte_vs_endothelial cell,astrocyte,endothelial cell
Gng11,20.40157,4.1195683,1.619353555577394e-92,1.1995211522795512e-90,astrocyte_vs_endothelial cell,astrocyte,endothelial cell
Rps27a,19.285778,1.97098,7.07183733206208e-83,4.4198983325388e-81,astrocyte_vs_endothelial cell,astrocyte,endothelial cell
Bsg,19.272938,3.878714,9.064136202851302e-83,5.49341588051594e-81,astrocyte_vs_endothelial cell,astrocyte,endothelial cell
Rpl9,18.898115,1.8087455,1.1820036644866581e-79,6.5666870249258785e-78,astrocyte_vs_endothelial cell,astrocyte,endothelial cell
Rps7,18.718288,2.1066222,3.5126330246846346e-78,1.8487542235182288e-76,astrocyte_vs_endothelial cell,astrocyte,endothelial cell
Fau,18.33126,1.8132548,4.659859627044962e-75,2.2731022570951033e-73,astrocyte_vs_endothelial cell,astrocyte,endothelial cell
Itm2a,18.090761,8.243934,3.768485483427568e-73,1.7945168968702704e-71,astrocyte_vs_endothelial cell,astrocyte,endothelial cell
Rps4x,18.00328,1.9425888,1.836123685553479e-72,8.54011016536502e-71,astrocyte_vs_endothelial cell,astrocyte,endothelial cell
Ifitm3,17.479883,4.7829986,2.039154889605785e-68,8.67725484938632e-67,astrocyte_vs_endothelial cell,astrocyte,endothelial cell
Rps23,17.080015,1.570255,2.090618921644623e-65,8.710912173519262e-64,astrocyte_vs_endothelial cell,astrocyte,endothelial cell
Cldn5,17.009962,9.000651,6.928332378595105e-65,2.8278907667735123e-63,astrocyte_vs_endothelial cell,astrocyte,endothelial cell
Rps6,16.87486,2.352604,6.888628043982406e-64,2.7554512175929622e-62,astrocyte_vs_endothelial cell,astrocyte,endothelial cell
Car4,16.656092,8.477016,2.7331243597471277e-62,1.0718134744106384e-60,astrocyte_vs_endothelial cell,astrocyte,endothelial cell
Klf2,16.416016,7.3473544,1.469018633994741e-60,5.650071669210542e-59,astrocyte_vs_endothelial cell,astrocyte,endothelial cell
Ftl1,16.34723,1.2797769,4.5519940736713997e-60,1.7177336127061886e-58,astrocyte_vs_endothelial cell,astrocyte,endothelial cell
Junb,16.241056,3.9327302,2.584368325881324e-59,9.571734540301201e-58,astrocyte_vs_endothelial cell,astrocyte,endothelial cell
Rpl3,15.976077,1.5665987,1.875869933526983e-57,6.699535476882082e-56,astrocyte_vs_endothelial cell,astrocyte,endothelial cell
Egfl7,15.580584,7.7996335,9.86506174278341e-55,3.4614251729064593e-53,astrocyte_vs_endothelial cell,astrocyte,endothelial cell
Esam,15.557585,8.611467,1.4133301997028183e-54,4.873552412768338e-53,astrocyte_vs_endothelial cell,astrocyte,endothelial cell
Flt1,15.489153,8.916116,4.106674047810545e-54,1.3920928975628967e-52,astrocyte_vs_endothelial cell,astrocyte,endothelial cell
Col4a1,15.3755,5.5448737,2.38993553583077e-53,7.966451786102567e-52,astrocyte_vs_endothelial cell,astrocyte,endothelial cell
Pglyrp1,15.359908,7.84545,3.040046863640294e-53,9.967366766033751e-52,astrocyte_vs_endothelial cell,astrocyte,endothelial cell
Serpinh1,15.254368,2.3072233,1.53978597956502e-52,4.967051546983936e-51,astrocyte_vs_endothelial cell,astrocyte,endothelial cell
Cxcl12,15.163008,7.408585,6.215619346906216e-52,1.9423810459081926e-50,astrocyte_vs_endothelial cell,astrocyte,endothelial cell
Ier2,15.155601,4.623037,6.957661488499185e-52,2.1408189195382107e-50,astrocyte_vs_endothelial cell,astrocyte,endothelial cell
Ly6c1,15.030025,7.61516,4.6683265961311e-51,1.4146444230700303e-49,astrocyte_vs_endothelial cell,astrocyte,endothelial cell
Rps29,15.017325,1.539921,5.654318212496218e-51,1.687856182834692e-49,astrocyte_vs_endothelial cell,astrocyte,endothelial cell
Ramp2,14.890339,3.6384118,3.808336411972431e-50,1.1200989446977738e-48,astrocyte_vs_endothelial cell,astrocyte,endothelial cell
Rpl36a,14.873407,1.6877528,4.905189864433288e-50,1.4217941636038515e-48,astrocyte_vs_endothelial cell,astrocyte,endothelial cell
Pltp,14.719824,4.306059,4.809112929532107e-49,1.3546796984597484e-47,astrocyte_vs_endothelial cell,astrocyte,endothelial cell
Anxa3,14.70127,10.388567,6.326232312436227e-49,1.7572867534545078e-47,astrocyte_vs_endothelial cell,astrocyte,endothelial cell
Rpl11,14.56878,1.4743237,4.437446763704241e-48,1.2157388393710248e-46,astrocyte_vs_endothelial cell,astrocyte,endothelial cell
Rpl35,14.495339,1.9812756,1.296600976370409e-47,3.504326963163267e-46,astrocyte_vs_endothelial cell,astrocyte,endothelial cell
Ly6e,14.48257,6.167297,1.561477017892386e-47,4.1639387143796965e-46,astrocyte_vs_endothelial cell,astrocyte,endothelial cell
Vim,14.4813,3.4423883,1.5905966619352806e-47,4.1857806893033704e-46,astrocyte_vs_endothelial cell,astrocyte,endothelial cell
H2-D1,14.3756895,2.8268318,7.353410577371965e-47,1.9099767733433677e-45,astrocyte_vs_endothelial cell,astrocyte,endothelial cell
Rgs5,14.173075,5.621306,1.3448073734842863e-45,3.4045756290741425e-44,astrocyte_vs_endothelial cell,astrocyte,endothelial cell
Eng,14.114167,7.900028,3.106649078098623e-45,7.670738464441044e-44,astrocyte_vs_endothelial cell,astrocyte,endothelial cell
Ebf1,13.775183,8.778007,3.594727192740241e-43,8.661993235518654e-42,astrocyte_vs_endothelial cell,astrocyte,endothelial cell
Vwa1,13.77222,3.1589286,3.745266822302897e-43,8.917301957864041e-42,astrocyte_vs_endothelial cell,astrocyte,endothelial cell
Ctsh,13.642693,6.5886846,2.231646079943729e-42,5.250931952808774e-41,astrocyte_vs_endothelial cell,astrocyte,endothelial cell
Tpm4,13.604315,4.465972,3.774897552080413e-42,8.778831516466077e-41,astrocyte_vs_endothelial cell,astrocyte,endothelial cell
Gpx1,13.568618,2.5961058,6.14706494179418e-42,1.4131183774239495e-40,astrocyte_vs_endothelial cell,astrocyte,endothelial cell
Slc9a3r2,13.558105,5.2166505,7.094468421763648e-42,1.6123791867644655e-40,astrocyte_vs_endothelial cell,astrocyte,endothelial cell
Ctla2a,13.519375,8.304571,1.2019311130937897e-41,2.7009687934691905e-40,astrocyte_vs_endothelial cell,astrocyte,endothelial cell
Cd34,13.380817,7.038377,7.828119801326729e-41,1.720465890401479e-39,astrocyte_vs_endothelial cell,astrocyte,endothelial cell
Rpl27,13.363463,1.6264906,9.88558712534174e-41,2.1490406794221174e-39,astrocyte_vs_endothelial cell,astrocyte,endothelial cell
Ifitm2,13.3437805,3.08153,1.2876122175339496e-40,2.7690585323310742e-39,astrocyte_vs_endothelial cell,astrocyte,endothelial cell
Tm4sf1,13.075979,7.960187,4.51711445003014e-39,9.218600918428856e-38,astrocyte_vs_endothelial cell,astrocyte,endothelial cell
Hspb1,13.032239,7.3384457,8.021869781744867e-39,1.6205797538878519e-37,astrocyte_vs_endothelial cell,astrocyte,endothelial cell
Slc22a8,13.018553,7.1513605,9.597287720421683e-39,1.919457544084336e-37,astrocyte_vs_endothelial cell,astrocyte,endothelial cell
Arl4a,12.967123,4.082044,1.879537418026541e-38,3.7218562733198827e-37,astrocyte_vs_endothelial cell,astrocyte,endothelial cell
B2m,12.868144,2.167373,6.801723099012144e-38,1.3336711958847343e-36,astrocyte_vs_endothelial cell,astrocyte,endothelial cell
Kdr,12.8125515,7.3321247,1.3947153629065765e-37,2.7081851706923816e-36,astrocyte_vs_endothelial cell,astrocyte,endothelial cell
Fcgrt,12.775161,3.1507127,2.25680007069917e-37,4.340000135959942e-36,astrocyte_vs_endothelial cell,astrocyte,endothelial cell
Ablim1,12.717171,3.814785,4.7474228018833e-37,9.042710098825334e-36,astrocyte_vs_endothelial cell,astrocyte,endothelial cell
Jun,12.570077,2.5555193,3.0842225531825946e-36,5.764901968565597e-35,astrocyte_vs_endothelial cell,astrocyte,endothelial cell
Tpm1,12.532617,3.142604,4.950235184898455e-36,9.167102194256398e-35,astrocyte_vs_endothelial cell,astrocyte,endothelial cell
Slco1a4,12.427569,8.489518,1.8517862454916604e-35,3.3365517936786672e-34,astrocyte_vs_endothelial cell,astrocyte,endothelial cell
Slc7a5,12.414518,3.2459667,2.179947134949453e-35,3.892762740981166e-34,astrocyte_vs_endothelial cell,astrocyte,endothelial cell
Pcp4l1,12.396246,5.2703605,2.7385432693449466e-35,4.846979237778666e-34,astrocyte_vs_endothelial cell,astrocyte,endothelial cell
Slc7a1,12.371131,6.1410313,3.7450956764793607e-35,6.570343292069053e-34,astrocyte_vs_endothelial cell,astrocyte,endothelial cell
Fn1,12.243933,6.602364,1.8104306840350218e-34,3.148575102669603e-33,astrocyte_vs_endothelial cell,astrocyte,endothelial cell
Ly6a,12.102695,7.8792367,1.0219987868609658e-33,1.732201333662654e-32,astrocyte_vs_endothelial cell,astrocyte,endothelial cell
Tagln2,12.065093,7.046131,1.614801612693574e-33,2.713952290241301e-32,astrocyte_vs_endothelial cell,astrocyte,endothelial cell
Isyna1,11.952921,6.0683327,6.268259150017355e-33,1.0447098583362258e-31,astrocyte_vs_endothelial cell,astrocyte,endothelial cell
Cnn2,11.577887,7.6087823,5.33450013347641e-31,8.467460529327634e-30,astrocyte_vs_endothelial cell,astrocyte,endothelial cell
S100a11,11.330756,5.849984,9.240369947350239e-30,1.4215953765154213e-28,astrocyte_vs_endothelial cell,astrocyte,endothelial cell
Crip1,11.254494,5.170353,2.2008725134202712e-29,3.360110707511864e-28,astrocyte_vs_endothelial cell,astrocyte,endothelial cell
Nfkbia,11.243417,2.585272,2.495322107528235e-29,3.780791072012477e-28,astrocyte_vs_endothelial cell,astrocyte,endothelial cell
Ptprb,11.07008,7.75494,1.7524372903903817e-28,2.5771136623387964e-27,astrocyte_vs_endothelial cell,astrocyte,endothelial cell
Id1,11.040591,2.448014,2.434267059402109e-28,3.52792327449581e-27,astrocyte_vs_endothelial cell,astrocyte,endothelial cell
Dusp1,10.86154,3.0336363,1.757607692830776e-27,2.528931932130613e-26,astrocyte_vs_endothelial cell,astrocyte,endothelial cell
Anxa2,10.779562,5.218222,4.299258855135941e-27,6.141798364479915e-26,astrocyte_vs_endothelial cell,astrocyte,endothelial cell
Fam101b,10.768486,6.17258,4.849073282988895e-27,6.878118131899143e-26,astrocyte_vs_endothelial cell,astrocyte,endothelial cell
Rpl23a,10.686862,0.9406339,1.1727175853087723e-26,1.640164454977304e-25,astrocyte_vs_endothelial cell,astrocyte,endothelial cell
Emcn,10.683617,28.361467,1.2144585499817332e-26,1.6867479860857407e-25,astrocyte_vs_endothelial cell,astrocyte,endothelial cell
Wfdc1,10.639524,4.8166385,1.9512326040988794e-26,2.6913553159984545e-25,astrocyte_vs_endothelial cell,astrocyte,endothelial cell
Foxq1,10.534196,28.233204,6.00948387528628e-26,8.176168537804464e-25,astrocyte_vs_endothelial cell,astrocyte,endothelial cell
Ahnak,10.430066,4.532318,1.807619818460429e-25,2.442729484405985e-24,astrocyte_vs_endothelial cell,astrocyte,endothelial cell
Pecam1,10.369113,5.626345,3.4269199091841636e-25,4.5998924955492135e-24,astrocyte_vs_endothelial cell,astrocyte,endothelial cell
Cald1,10.347454,4.7226205,4.297607579821847e-25,5.7301434397624626e-24,astrocyte_vs_endothelial cell,astrocyte,endothelial cell
Mpzl1,10.274296,2.5246625,9.201392393659938e-25,1.2027963913280964e-23,astrocyte_vs_endothelial cell,astrocyte,endothelial cell
Slc6a6,10.239586,4.2653832,1.3179902982715297e-24,1.7116757120409478e-23,astrocyte_vs_endothelial cell,astrocyte,endothelial cell
Ptrf,10.170942,5.2901692,2.6730913928873e-24,3.44915018437071e-23,astrocyte_vs_endothelial cell,astrocyte,endothelial cell
Cdkn1c,10.150484,7.3148046,3.297253694136758e-24,4.200323177244278e-23,astrocyte_vs_endothelial cell,astrocyte,endothelial cell
Hmcn1,10.131012,8.71072,4.024610409555569e-24,5.0944435563994544e-23,astrocyte_vs_endothelial cell,astrocyte,endothelial cell
Srgn,10.083322,7.334523,6.547449314182631e-24,8.235785300858655e-23,astrocyte_vs_endothelial cell,astrocyte,endothelial cell
Abcb1a,10.055949,8.562742,8.648415344370975e-24,1.0743373098597484e-22,astrocyte_vs_endothelial cell,astrocyte,endothelial cell
Tns1,9.918874,3.2181666,3.4462296290952955e-23,4.2027190598723112e-22,astrocyte_vs_endothelial cell,astrocyte,endothelial cell
Klf4,9.698833,5.2294264,3.04964721492386e-22,3.674273752920313e-21,astrocyte_vs_endothelial cell,astrocyte,endothelial cell
Gimap6,9.602324,7.9727182,7.816210956277268e-22,9.360731684164393e-21,astrocyte_vs_endothelial cell,astrocyte,endothelial cell
Abcg2,9.54137,6.6790795,1.4095779235039762e-21,1.6780689565523527e-20,astrocyte_vs_endothelial cell,astrocyte,endothelial cell
Fxyd5,9.45389,8.041268,3.2646694293724645e-21,3.840787563967605e-20,astrocyte_vs_endothelial cell,astrocyte,endothelial cell
Epas1,9.387646,1.4977739,6.135656838618754e-21,7.134484696068319e-20,astrocyte_vs_endothelial cell,astrocyte,endothelial cell
Tmem204,9.345245,4.4609904,9.167629715513076e-21,1.0598415856084481e-19,astrocyte_vs_endothelial cell,astrocyte,endothelial cell
Nostrin,9.264115,27.822548,1.967012180440002e-20,2.2609335407356345e-19,astrocyte_vs_endothelial cell,astrocyte,endothelial cell
9430020K01Rik,9.175507,6.0867195,4.494557787074021e-20,5.136637470941738e-19,astrocyte_vs_endothelial cell,astrocyte,endothelial cell
Lsr,9.158293,8.300787,5.2724745841040856e-20,5.991448391027371e-19,astrocyte_vs_endothelial cell,astrocyte,endothelial cell
Igf1r,9.149545,2.284061,5.717389093129262e-20,6.460326658903122e-19,astrocyte_vs_endothelial cell,astrocyte,endothelial cell
Cd93,9.08323,8.261478,1.0540002209622818e-19,1.184269911193575e-18,astrocyte_vs_endothelial cell,astrocyte,endothelial cell
Arhgap31,9.03568,2.2792163,1.6298587103302105e-19,1.821071184726492e-18,astrocyte_vs_endothelial cell,astrocyte,endothelial cell
Cdh5,9.012963,8.593802,2.005620757964352e-19,2.22846750884928e-18,astrocyte_vs_endothelial cell,astrocyte,endothelial cell
Podxl,8.994904,6.333533,2.3644063932894094e-19,2.598248783834516e-18,astrocyte_vs_endothelial cell,astrocyte,endothelial cell
Hes1,8.983051,1.9388542,2.633603476620448e-19,2.8782551657054077e-18,astrocyte_vs_endothelial cell,astrocyte,endothelial cell
Heg1,8.978959,4.223068,2.73340059018324e-19,2.9710875980252607e-18,astrocyte_vs_endothelial cell,astrocyte,endothelial cell
Arhgap29,8.968518,5.0988803,3.005304296600316e-19,3.2489776179462875e-18,astrocyte_vs_endothelial cell,astrocyte,endothelial cell
Rbpms,8.689006,5.9781394,3.6562476642138595e-18,3.931449101305225e-17,astrocyte_vs_endothelial cell,astrocyte,endothelial cell
Apod,8.661916,6.25599,4.639028408067313e-18,4.935136604326929e-17,astrocyte_vs_endothelial cell,astrocyte,endothelial cell
Lims2,8.639975,6.829835,5.622540667617587e-18,5.949778484251415e-17,astrocyte_vs_endothelial cell,astrocyte,endothelial cell
Slco1c1,8.616342,1.6450273,6.912758089329476e-18,7.27658746245208e-17,astrocyte_vs_endothelial cell,astrocyte,endothelial cell
Utrn,8.548051,2.7533147,1.2518500300385539e-17,1.3108377277890615e-16,astrocyte_vs_endothelial cell,astrocyte,endothelial cell
Myl9,8.421769,4.824258,3.708415050917945e-17,3.8035026163260973e-16,astrocyte_vs_endothelial cell,astrocyte,endothelial cell
Sept4,8.388753,1.2407534,4.9132793837475047e-17,5.013550391579087e-16,astrocyte_vs_endothelial cell,astrocyte,endothelial cell
Cd59a,8.355877,2.7073014,6.494836412186772e-17,6.560440820390678e-16,astrocyte_vs_endothelial cell,astrocyte,endothelial cell
Slc38a5,8.218166,28.01288,2.066374616475008e-16,2.0560941457462765e-15,astrocyte_vs_endothelial cell,astrocyte,endothelial cell
Nid1,8.201588,4.579035,2.372322432210258e-16,2.3372634800101063e-15,astrocyte_vs_endothelial cell,astrocyte,endothelial cell
Flna,8.162645,4.245112,3.2776592160566257e-16,3.1977163083479277e-15,astrocyte_vs_endothelial cell,astrocyte,endothelial cell
Acvrl1,8.068746,27.682482,7.102409679592977e-16,6.862231574485969e-15,astrocyte_vs_endothelial cell,astrocyte,endothelial cell
Slc2a1,8.011884,1.6405302,1.1296469267368923e-15,1.0861989680162427e-14,astrocyte_vs_endothelial cell,astrocyte,endothelial cell
Vtn,7.9911423,7.393901,1.336939291303203e-15,1.2793677428738785e-14,astrocyte_vs_endothelial cell,astrocyte,endothelial cell
Palmd,7.8538556,6.8132057,4.03438846151369e-15,3.8060268504846133e-14,astrocyte_vs_endothelial cell,astrocyte,endothelial cell
Cav1,7.743448,4.444873,9.675671653058464e-15,9.085137702402313e-14,astrocyte_vs_endothelial cell,astrocyte,endothelial cell
C130074G19Rik,7.6678905,8.418783,1.7484824434333493e-14,1.626495296217069e-13,astrocyte_vs_endothelial cell,astrocyte,endothelial cell
Prom1,7.6396003,4.2026978,2.1789675846161458e-14,2.0175625783482832e-13,astrocyte_vs_endothelial cell,astrocyte,endothelial cell
Higd1b,7.570675,8.03118,3.712902949947489e-14,3.406332981603201e-13,astrocyte_vs_endothelial cell,astrocyte,endothelial cell
Tshz2,7.565172,2.283803,3.873514489270052e-14,3.5374561545845223e-13,astrocyte_vs_endothelial cell,astrocyte,endothelial cell
4930523C07Rik,7.5452776,3.53696,4.5132549945981665e-14,4.0932474833212876e-13,astrocyte_vs_endothelial cell,astrocyte,endothelial cell
Btg2,7.524536,2.8432162,5.290775543621222e-14,4.766464453712812e-13,astrocyte_vs_endothelial cell,astrocyte,endothelial cell
Cyr61,7.476281,2.4705968,7.645521980995339e-14,6.856970386542905e-13,astrocyte_vs_endothelial cell,astrocyte,endothelial cell
Sox17,7.4710608,27.637278,7.955093754321004e-14,7.102762280643753e-13,astrocyte_vs_endothelial cell,astrocyte,endothelial cell
Ndufa4l2,7.4686623,7.170157,8.101429078126408e-14,7.201270291667919e-13,astrocyte_vs_endothelial cell,astrocyte,endothelial cell
Ndrg1,7.3441443,4.4611816,2.0707947355536419e-13,1.824488753791755e-12,astrocyte_vs_endothelial cell,astrocyte,endothelial cell
Anxa5,7.294196,1.3303026,3.0044728446649877e-13,2.6125850823173805e-12,astrocyte_vs_endothelial cell,astrocyte,endothelial cell
Sox4,7.29208,1.9792659,3.052063325105465e-13,2.6424790693553806e-12,astrocyte_vs_endothelial cell,astrocyte,endothelial cell
Bcam,7.2105966,4.547039,5.570728573522751e-13,4.8023522185540954e-12,astrocyte_vs_endothelial cell,astrocyte,endothelial cell
Icam2,7.1920424,7.268494,6.38292252927503e-13,5.478903458605176e-12,astrocyte_vs_endothelial cell,astrocyte,endothelial cell
Bgn,7.189432,5.1385407,6.506138433315701e-13,5.560802079757009e-12,astrocyte_vs_endothelial cell,astrocyte,endothelial cell
Itih5,6.8433223,2.1438277,7.73772941887613e-12,6.502293629307673e-11,astrocyte_vs_endothelial cell,astrocyte,endothelial cell
Igf2,6.8201823,7.3718705,9.092494761827885e-12,7.577078968189904e-11,astrocyte_vs_endothelial cell,astrocyte,endothelial cell
Cdkn1a,6.8175015,2.1730037,9.263735059029423e-12,7.687746936953878e-11,astrocyte_vs_endothelial cell,astrocyte,endothelial cell
AU021092,6.7239547,27.282625,1.7685750693495564e-11,1.4616322887186418e-10,astrocyte_vs_endothelial cell,astrocyte,endothelial cell
Sema3c,6.6991215,8.6176,2.096759865448295e-11,1.7257282843195843e-10,astrocyte_vs_endothelial cell,astrocyte,endothelial cell
Akap12,6.690374,7.2307777,2.2260145239754102e-11,1.8246020688323036e-10,astrocyte_vs_endothelial cell,astrocyte,endothelial cell
Nes,6.6804967,4.477474,2.3813339635725632e-11,1.9439460927122966e-10,astrocyte_vs_endothelial cell,astrocyte,endothelial cell
Mgp,6.6755586,7.757497,2.4629233182473106e-11,2.0023766815018785e-10,astrocyte_vs_endothelial cell,astrocyte,endothelial cell
Tinagl1,6.623212,8.550179,3.51477012809979e-11,2.8231085366263374e-10,astrocyte_vs_endothelial cell,astrocyte,endothelial cell
Kitl,6.617991,4.8045135,3.641128035049943e-11,2.912902428039954e-10,astrocyte_vs_endothelial cell,astrocyte,endothelial cell
Ccnd1,6.587091,3.28739,4.485273473666516e-11,3.573923086586865e-10,astrocyte_vs_endothelial cell,astrocyte,endothelial cell
Sgms1,6.553933,2.3817449,5.6040992244690396e-11,4.44769779719765e-10,astrocyte_vs_endothelial cell,astrocyte,endothelial cell
Egr1,6.523386,3.5112672,6.873768886236779e-11,5.433809396234608e-10,astrocyte_vs_endothelial cell,astrocyte,endothelial cell
Cgnl1,6.463208,6.070457,1.0250605094124511e-10,8.039690269901576e-10,astrocyte_vs_endothelial cell,astrocyte,endothelial cell
Degs2,6.4251122,27.410109,1.3177227482884147e-10,1.0214905025491586e-09,astrocyte_vs_endothelial cell,astrocyte,endothelial cell
Wwtr1,6.381302,2.0877948,1.755889365560004e-10,1.355899123984559e-09,astrocyte_vs_endothelial cell,astrocyte,endothelial cell
Rbp1,6.373259,3.1298587,1.8505268294599193e-10,1.4234821765076301e-09,astrocyte_vs_endothelial cell,astrocyte,endothelial cell
Tek,6.3504014,27.014828,2.1475353390658581e-10,1.6456209494757532e-09,astrocyte_vs_endothelial cell,astrocyte,endothelial cell
Hmgcs2,6.343911,3.136697,2.240040250996635e-10,1.7099543900737671e-09,astrocyte_vs_endothelial cell,astrocyte,endothelial cell
Col1a2,6.325498,3.700714,2.524170598168137e-10,1.919521367428241e-09,astrocyte_vs_endothelial cell,astrocyte,endothelial cell
Ier3,6.2910705,4.5196447,3.1528405382851377e-10,2.379502293045387e-09,astrocyte_vs_endothelial cell,astrocyte,endothelial cell
Slc16a1,6.262569,1.6867803,3.786861653755626e-10,2.847264401320019e-09,astrocyte_vs_endothelial cell,astrocyte,endothelial cell
Rnaset2a,6.2517753,1.0513257,4.0581339789091295e-10,3.039800733265265e-09,astrocyte_vs_endothelial cell,astrocyte,endothelial cell
Fos,6.2196755,2.5977685,4.981835396574431e-10,3.7177876093839032e-09,astrocyte_vs_endothelial cell,astrocyte,endothelial cell
F11r,6.1829906,5.5999355,6.289846667939061e-10,4.676465924118261e-09,astrocyte_vs_endothelial cell,astrocyte,endothelial cell
Ccdc141,6.178687,1.274807,6.463683888877733e-10,4.7702464124558915e-09,astrocyte_vs_endothelial cell,astrocyte,endothelial cell
Atp6v1f,6.1547713,0.71032435,7.518592178736635e-10,5.528376602012232e-09,astrocyte_vs_endothelial cell,astrocyte,endothelial cell
Apold1,6.1110315,6.041836,9.898930930072022e-10,7.2254970292496505e-09,astrocyte_vs_endothelial cell,astrocyte,endothelial cell
Nupr1,6.0619297,3.190455,1.34497943167132e-09,9.781668593973236e-09,astrocyte_vs_endothelial cell,astrocyte,endothelial cell
Sdpr,5.988348,6.281552,2.11983199559883e-09,1.5250589896394457e-08,astrocyte_vs_endothelial cell,astrocyte,endothelial cell
Lef1,5.9352956,5.64796,2.9331646049143756e-09,2.0951175749388395e-08,astrocyte_vs_endothelial cell,astrocyte,endothelial cell
Sarnp,5.931839,1.11884,2.995606947280793e-09,2.1321045888119522e-08,astrocyte_vs_endothelial cell,astrocyte,endothelial cell
Net1,5.9063005,5.489531,3.4987592998851363e-09,2.4813895743866216e-08,astrocyte_vs_endothelial cell,astrocyte,endothelial cell
Paqr5,5.9021378,26.881924,3.588208985229732e-09,2.535836738678256e-08,astrocyte_vs_endothelial cell,astrocyte,endothelial cell
Lamb2,5.8754,1.6474053,4.218231022286346e-09,2.9705852269622158e-08,astrocyte_vs_endothelial cell,astrocyte,endothelial cell
Frmd4b,5.8475337,3.25534,4.989150506686387e-09,3.501158250306237e-08,astrocyte_vs_endothelial cell,astrocyte,endothelial cell
Sgk1,5.838856,4.668025,5.25604175773778e-09,3.6755536767397066e-08,astrocyte_vs_endothelial cell,astrocyte,endothelial cell
Rapgef4,5.7866507,4.3679194,7.180377197469966e-09,5.003747175937259e-08,astrocyte_vs_endothelial cell,astrocyte,endothelial cell
Isg15,5.7819943,4.286638,7.382021978657428e-09,5.1264041518454366e-08,astrocyte_vs_endothelial cell,astrocyte,endothelial cell
Ppp1r14a,5.7089767,4.2045307,1.1365736208438835e-08,7.865561389923069e-08,astrocyte_vs_endothelial cell,astrocyte,endothelial cell
Mal,5.683791,2.2077649,1.3174118375026564e-08,9.085598879328665e-08,astrocyte_vs_endothelial cell,astrocyte,endothelial cell
Lgals1,5.620721,2.1188688,1.9016220914523037e-08,1.3024808845563725e-07,astrocyte_vs_endothelial cell,astrocyte,endothelial cell
Col3a1,5.348969,7.3572125,8.84566615584103e-08,6.017459969959885e-07,astrocyte_vs_endothelial cell,astrocyte,endothelial cell
Id3,5.3216667,0.58635974,1.0282072621287107e-07,6.970896692398039e-07,astrocyte_vs_endothelial cell,astrocyte,endothelial cell
Uaca,5.2939415,6.0032263,1.1970779630413348e-07,8.088364615144155e-07,astrocyte_vs_endothelial cell,astrocyte,endothelial cell
Zfp36l1,5.283994,0.9331707,1.2639731568409911e-07,8.511603749770985e-07,astrocyte_vs_endothelial cell,astrocyte,endothelial cell
Ptprg,5.272495,1.7001683,1.345816919606105e-07,9.032328319504061e-07,astrocyte_vs_endothelial cell,astrocyte,endothelial cell
Acta2,5.2297425,29.14459,1.6974630708946102e-07,1.1354268032739869e-06,astrocyte_vs_endothelial cell,astrocyte,endothelial cell
Dcn,5.1725984,6.534606,2.3086084087918816e-07,1.5390722725279211e-06,astrocyte_vs_endothelial cell,astrocyte,endothelial cell
Nid2,5.139864,5.58137,2.749373686531308e-07,1.8268263697882445e-06,astrocyte_vs_endothelial cell,astrocyte,endothelial cell
Nbl1,5.126178,1.6559494,2.956836180052449e-07,1.95170704953957e-06,astrocyte_vs_endothelial cell,astrocyte,endothelial cell
Foxc1,5.0803213,26.737549,3.767970632686835e-07,2.470800414876613e-06,astrocyte_vs_endothelial cell,astrocyte,endothelial cell
Cmtm6,4.952911,1.6511229,7.311137110005987e-07,4.747491629874018e-06,astrocyte_vs_endothelial cell,astrocyte,endothelial cell
Smtn,4.944939,6.122054,7.616764285526088e-07,4.929944521376109e-06,astrocyte_vs_endothelial cell,astrocyte,endothelial cell
Slco2b1,4.912981,5.391141,8.970205827870207e-07,5.787229566367876e-06,astrocyte_vs_endothelial cell,astrocyte,endothelial cell
Tagln,4.911217,6.906025,9.051280187898712e-07,5.802102684550456e-06,astrocyte_vs_endothelial cell,astrocyte,endothelial cell
Pdlim2,4.9069138,3.3763041,9.252073532841024e-07,5.911868072102891e-06,astrocyte_vs_endothelial cell,astrocyte,endothelial cell
Ece1,4.825642,1.1841074,1.3955294404287641e-06,8.810838145500409e-06,astrocyte_vs_endothelial cell,astrocyte,endothelial cell
Edn3,4.825501,6.8488097,1.3965178460618148e-06,8.810838145500409e-06,astrocyte_vs_endothelial cell,astrocyte,endothelial cell
Gja4,4.781479,27.314236,1.740103077207645e-06,1.0909737161176458e-05,astrocyte_vs_endothelial cell,astrocyte,endothelial cell
Slc6a13,4.781479,27.869902,1.740103077207645e-06,1.0909737161176458e-05,astrocyte_vs_endothelial cell,astrocyte,endothelial cell
Zic1,4.7754116,1.9765621,1.793399652051828e-06,1.1208747825323923e-05,astrocyte_vs_endothelial cell,astrocyte,endothelial cell
H2-K1,4.7743535,0.9523224,1.8028548086191638e-06,1.1232740240617843e-05,astrocyte_vs_endothelial cell,astrocyte,endothelial cell
Tbx3,4.7543883,7.8593645,1.990481282105105e-06,1.2324961499102815e-05,astrocyte_vs_endothelial cell,astrocyte,endothelial cell
Lama4,4.7226415,6.2634873,2.3280088487544848e-06,1.4326208300027598e-05,astrocyte_vs_endothelial cell,astrocyte,endothelial cell
Erg,4.706768,26.44287,2.5167474340587518e-06,1.5392950667026004e-05,astrocyte_vs_endothelial cell,astrocyte,endothelial cell
Mylk,4.6982317,4.973754,2.624233593216892e-06,1.6001424348883487e-05,astrocyte_vs_endothelial cell,astrocyte,endothelial cell
Pcolce,4.6939282,5.2077594,2.6800778384719166e-06,1.6265329263274832e-05,astrocyte_vs_endothelial cell,astrocyte,endothelial cell
Hspa1a,4.6840515,4.674592,2.8125900280357027e-06,1.6994501679974032e-05,astrocyte_vs_endothelial cell,astrocyte,endothelial cell
Mecom,4.6456733,6.038854,3.3896882104500825e-06,2.0419808496687244e-05,astrocyte_vs_endothelial cell,astrocyte,endothelial cell
Tpm2,4.60532,6.299938,4.118323711986669e-06,2.4734676948868883e-05,astrocyte_vs_endothelial cell,astrocyte,endothelial cell
Myh11,4.557347,28.085255,5.180379200738374e-06,3.102023473496032e-05,astrocyte_vs_endothelial cell,astrocyte,endothelial cell
Golim4,4.526941,1.8854531,5.984371411560218e-06,3.5621258402144154e-05,astrocyte_vs_endothelial cell,astrocyte,endothelial cell
Fli1,4.4826365,26.352995,7.372647841705117e-06,4.362513515801844e-05,astrocyte_vs_endothelial cell,astrocyte,endothelial cell
Perp,4.440801,5.1504107,8.96245176679101e-06,5.272030451053534e-05,astrocyte_vs_endothelial cell,astrocyte,endothelial cell
Prss23,4.413781,2.5246928,1.0158056599674295e-05,5.957804457286976e-05,astrocyte_vs_endothelial cell,astrocyte,endothelial cell
Gimap5,4.4079256,26.284252,1.043652742212922e-05,6.1032324106018825e-05,astrocyte_vs_endothelial cell,astrocyte,endothelial cell
Ppp1r15a,4.360447,2.5859745,1.2979711237536684e-05,7.568344744919349e-05,astrocyte_vs_endothelial cell,astrocyte,endothelial cell
Pmaip1,4.3490887,6.1652527,1.3670449501065489e-05,7.92489826148724e-05,astrocyte_vs_endothelial cell,astrocyte,endothelial cell
Trf,4.345914,4.045884,1.3869696936094309e-05,8.017165859014051e-05,astrocyte_vs_endothelial cell,astrocyte,endothelial cell
Sar1a,4.3318043,0.7904675,1.4789240232406476e-05,8.524057770839468e-05,astrocyte_vs_endothelial cell,astrocyte,endothelial cell
Ptgis,4.3061247,7.8196006,1.6613943708110858e-05,9.54824351040854e-05,astrocyte_vs_endothelial cell,astrocyte,endothelial cell
Ccnd2,4.2549067,1.6582032,2.091362531391124e-05,0.00011984885566711314,astrocyte_vs_endothelial cell,astrocyte,endothelial cell
H2afv,4.2503915,0.44784933,2.1339713504438455e-05,0.00012194122002536261,astrocyte_vs_endothelial cell,astrocyte,endothelial cell
Igfbp4,4.246582,2.8381524,2.1705641084800077e-05,0.00012367886658005742,astrocyte_vs_endothelial cell,astrocyte,endothelial cell
Tgm2,4.154305,6.954011,3.2627797475745716e-05,0.000184337838846021,astrocyte_vs_endothelial cell,astrocyte,endothelial cell
Gjc1,4.140336,4.728781,3.467970636282347e-05,0.00019537862739618856,astrocyte_vs_endothelial cell,astrocyte,endothelial cell
Ptgds,4.0987835,4.111205,4.153275740564869e-05,0.00023138026409832142,astrocyte_vs_endothelial cell,astrocyte,endothelial cell
Mustn1,4.0846033,4.959677,4.415221072952817e-05,0.0002443056745498446,astrocyte_vs_endothelial cell,astrocyte,endothelial cell
Rab18,4.0842505,0.69161236,4.421932709352187e-05,0.0002443056745498446,astrocyte_vs_endothelial cell,astrocyte,endothelial cell
Sox18,4.078677,6.7202983,4.529269428042131e-05,0.00024954652496099895,astrocyte_vs_endothelial cell,astrocyte,endothelial cell
Tcn2,4.053985,1.126132,5.035240301641293e-05,0.00027590357817212566,astrocyte_vs_endothelial cell,astrocyte,endothelial cell
Plp1,3.9844952,0.42938808,6.762373371667571e-05,0.00036553369576581467,astrocyte_vs_endothelial cell,astrocyte,endothelial cell
Col1a1,3.9566991,3.3357177,7.599253743044605e-05,0.0004063772055104067,astrocyte_vs_endothelial cell,astrocyte,endothelial cell
Tbx18,3.9343355,7.9811063,8.34272340851867e-05,0.0004449452484543291,astrocyte_vs_endothelial cell,astrocyte,endothelial cell
Dab2,3.917686,1.3063622,8.940307059542421e-05,0.0004742868466600754,astrocyte_vs_endothelial cell,astrocyte,endothelial cell
Serping1,3.8762035,4.595117,0.00010609892018127429,0.0005569497122376603,astrocyte_vs_endothelial cell,astrocyte,endothelial cell
Cobll1,3.8748631,3.8562818,0.00010668462824659792,0.0005585582630711933,astrocyte_vs_endothelial cell,astrocyte,endothelial cell
Phldb2,3.857861,4.316633,0.00011438364503508423,0.0005964361683117,astrocyte_vs_endothelial cell,astrocyte,endothelial cell
Ifitm1,3.8575788,7.4126,0.0001145157443158464,0.0005964361683117,astrocyte_vs_endothelial cell,astrocyte,endothelial cell
Anxa1,3.810241,26.329344,0.0001388314095072915,0.0007193337280170545,astrocyte_vs_endothelial cell,astrocyte,endothelial cell
Clic5,3.810241,26.155521,0.0001388314095072915,0.0007193337280170545,astrocyte_vs_endothelial cell,astrocyte,endothelial cell
Cfh,3.7798347,6.316551,0.00015693253211514324,0.0008068510648593483,astrocyte_vs_endothelial cell,astrocyte,endothelial cell
Bccip,3.7378585,0.9381159,0.00018559438171119957,0.0009493318757606116,astrocyte_vs_endothelial cell,astrocyte,endothelial cell
Des,3.7355304,27.056858,0.00018731997964219508,0.000955714181847934,astrocyte_vs_endothelial cell,astrocyte,endothelial cell
Cd2ap,3.7236078,2.6323426,0.0001963960222798974,0.0009994708512971878,astrocyte_vs_endothelial cell,astrocyte,endothelial cell
Lgals9,3.7053356,6.6314974,0.00021111093905771923,0.0010716291322726865,astrocyte_vs_endothelial cell,astrocyte,endothelial cell
Nr2f2,3.6483326,2.5922668,0.00026394768665067854,0.0013297112677616047,astrocyte_vs_endothelial cell,astrocyte,endothelial cell
Lpar6,3.6310484,2.7066767,0.00028227225479099237,0.001418453541663278,astrocyte_vs_endothelial cell,astrocyte,endothelial cell
Itpr1,3.62096,2.3397882,0.0002935119152372036,0.001471237670361923,astrocyte_vs_endothelial cell,astrocyte,endothelial cell
Slc6a20a,3.560994,8.018354,0.0003694535801743307,0.0018472679008716536,astrocyte_vs_endothelial cell,astrocyte,endothelial cell
Pear1,3.5569022,6.766805,0.0003752538309419532,0.0018715901792616119,astrocyte_vs_endothelial cell,astrocyte,endothelial cell
Gsn,3.5302348,2.1577609,0.0004151908326002735,0.0020554001613874925,astrocyte_vs_endothelial cell,astrocyte,endothelial cell
Rasd1,3.5180302,3.3473458,0.00043476309152628347,0.002141690106040805,astrocyte_vs_endothelial cell,astrocyte,endothelial cell
Rgs12,3.5053313,1.1455528,0.0004560392660230618,0.00224097919421652,astrocyte_vs_endothelial cell,astrocyte,endothelial cell
Rnf152,3.4822621,6.7253838,0.000497196778245083,0.0024325615634215665,astrocyte_vs_endothelial cell,astrocyte,endothelial cell
Zic4,3.4450831,2.4151893,0.0005708837037647988,0.0027847985549502383,astrocyte_vs_endothelial cell,astrocyte,endothelial cell
Slc38a11,3.3619773,26.887024,0.0007738647914669662,0.0037384772534636047,astrocyte_vs_endothelial cell,astrocyte,endothelial cell
Pln,3.2872667,27.15786,0.0010116496950957575,0.004840429163137596,astrocyte_vs_endothelial cell,astrocyte,endothelial cell
Adamts1,3.2845154,1.7206422,0.0010215793973018786,0.0048762739728013295,astrocyte_vs_endothelial cell,astrocyte,endothelial cell
Edn1,3.2753441,2.913966,0.001055333599048173,0.005013461278138589,astrocyte_vs_endothelial cell,astrocyte,endothelial cell
Fmod,3.2541795,5.196156,0.0011372036728170794,0.0053655006217130236,astrocyte_vs_endothelial cell,astrocyte,endothelial cell
Ctsc,3.2541091,2.0578904,0.0011374861318031609,0.0053655006217130236,astrocyte_vs_endothelial cell,astrocyte,endothelial cell
AW112010,3.2125561,25.894539,0.001315594490642761,0.006147637806741874,astrocyte_vs_endothelial cell,astrocyte,endothelial cell
Snrk,3.1556942,0.6843872,0.0016011663046565207,0.007378646565237423,astrocyte_vs_endothelial cell,astrocyte,endothelial cell
Amotl1,3.145747,0.8845326,0.0016566329768632183,0.007616703341899854,astrocyte_vs_endothelial cell,astrocyte,endothelial cell
Ptprr,3.1436305,4.445563,0.0016686601828594307,0.007654404508529499,astrocyte_vs_endothelial cell,astrocyte,endothelial cell
Syngr2,3.1413023,1.6373358,0.0016819828602964227,0.0076802870333169985,astrocyte_vs_endothelial cell,astrocyte,endothelial cell
Nrd1,3.1334715,1.3617959,0.0017275168950278937,0.007852349522854062,astrocyte_vs_endothelial cell,astrocyte,endothelial cell
Sema6a,3.1257112,1.0453341,0.00177375651810175,0.008044247247626984,astrocyte_vs_endothelial cell,astrocyte,endothelial cell
Tcf12,3.096081,0.7072056,0.0019609683215860057,0.0088331906377748,astrocyte_vs_endothelial cell,astrocyte,endothelial cell
Hspb2,3.0840876,6.191631,0.0020417737989568297,0.009176511455985751,astrocyte_vs_endothelial cell,astrocyte,endothelial cell
Crispld2,3.0731528,4.495646,0.002118100416935203,0.009498208147691492,astrocyte_vs_endothelial cell,astrocyte,endothelial cell
Pde5a,3.063135,26.100555,0.0021903130245126455,0.009778183145145738,astrocyte_vs_endothelial cell,astrocyte,endothelial cell
Sp100,3.063135,25.783327,0.0021903130245126455,0.009778183145145738,astrocyte_vs_endothelial cell,astrocyte,endothelial cell
Colec12,3.0584083,3.61785,0.002225162737517022,0.00991163802902905,astrocyte_vs_endothelial cell,astrocyte,endothelial cell
Svil,3.0370321,3.6071222,0.002389200615776215,0.01057168414060272,astrocyte_vs_endothelial cell,astrocyte,endothelial cell
Sncg,3.0351272,6.7546344,0.002404342337969096,0.01061519796012846,astrocyte_vs_endothelial cell,astrocyte,endothelial cell
Ifngr1,3.0263793,1.2714682,0.002475016547583764,0.010879193615752809,astrocyte_vs_endothelial cell,astrocyte,endothelial cell
Pdgfrb,3.0177019,1.2871587,0.00254699386574585,0.011171025726955481,astrocyte_vs_endothelial cell,astrocyte,endothelial cell
Nr4a1,2.9966078,3.221565,0.002730016201419351,0.011895495431021136,astrocyte_vs_endothelial cell,astrocyte,endothelial cell
Filip1l,2.9884243,26.453108,0.002804199704183586,0.012192172626885156,astrocyte_vs_endothelial cell,astrocyte,endothelial cell
Ptprm,2.9816515,1.4891684,0.002866980117244165,0.012422612989019848,astrocyte_vs_endothelial cell,astrocyte,endothelial cell
Eln,2.9813695,3.3445947,0.002869623600463585,0.012422612989019848,astrocyte_vs_endothelial cell,astrocyte,endothelial cell
P2ry14,2.907435,5.6214204,0.003644062034423521,0.01570716394148069,astrocyte_vs_endothelial cell,astrocyte,endothelial cell
Pdgfra,2.874277,4.470087,0.004049533704602745,0.017379972981127662,astrocyte_vs_endothelial cell,astrocyte,endothelial cell
Atf3,2.8554409,5.480936,0.004297713210102688,0.018366295769669604,astrocyte_vs_endothelial cell,astrocyte,endothelial cell
Mtss1,2.8493736,1.7515607,0.004380539901374028,0.018644729595080574,astrocyte_vs_endothelial cell,astrocyte,endothelial cell
Syne2,2.849303,3.1668043,0.0043815114548439345,0.018644729595080574,astrocyte_vs_endothelial cell,astrocyte,endothelial cell
Rarres2,2.824188,0.83988684,0.0047400581842991524,0.020042529320503818,astrocyte_vs_endothelial cell,astrocyte,endothelial cell
Aspn,2.8136058,7.819151,0.0048989277828669535,0.02062706434891349,astrocyte_vs_endothelial cell,astrocyte,endothelial cell
Clec14a,2.812618,7.3323135,0.004913998658297904,0.020647053186125648,astrocyte_vs_endothelial cell,astrocyte,endothelial cell
Ptprk,2.7992845,4.5759277,0.005121600596764921,0.021429291199853227,astrocyte_vs_endothelial cell,astrocyte,endothelial cell
Itga1,2.7815769,5.378413,0.0054095531756855365,0.02258686085881226,astrocyte_vs_endothelial cell,astrocyte,endothelial cell
Gmds,2.768596,2.9022787,0.005629841299979299,0.023360337344312445,astrocyte_vs_endothelial cell,astrocyte,endothelial cell
Mfsd2a,2.7304294,0.2491418,0.0063251898616817365,0.026137148188767508,astrocyte_vs_endothelial cell,astrocyte,endothelial cell
Hmgb2,2.7281013,0.9532945,0.006370006087905991,0.026268066341880374,astrocyte_vs_endothelial cell,astrocyte,endothelial cell
Enpp2,2.704115,3.099423,0.006848662389708715,0.028010889119463048,astrocyte_vs_endothelial cell,astrocyte,endothelial cell
Col15a1,2.6895819,26.729095,0.007154159884913953,0.029141180793946855,astrocyte_vs_endothelial cell,astrocyte,endothelial cell
Cp,2.6777298,4.6400223,0.007412299789525254,0.03007018170192801,astrocyte_vs_endothelial cell,astrocyte,endothelial cell
St6galnac3,2.676319,2.406104,0.007443580730019553,0.030135954372548797,astrocyte_vs_endothelial cell,astrocyte,endothelial cell
Bicc1,2.6743433,3.1205924,0.007487572954443748,0.030252820017954537,astrocyte_vs_endothelial cell,astrocyte,endothelial cell
Gpx8,2.662209,1.0296998,0.0077629630220835254,0.03130227025033679,astrocyte_vs_endothelial cell,astrocyte,endothelial cell
Stab1,2.6148713,25.605938,0.008926109575644214,0.0358478296210611,astrocyte_vs_endothelial cell,astrocyte,endothelial cell
Rai14,2.6026664,4.400468,0.00925019135675208,0.03707491525752337,astrocyte_vs_endothelial cell,astrocyte,endothelial cell
C1qtnf2,2.58898,7.5967517,0.00962606743512907,0.03850426974051628,astrocyte_vs_endothelial cell,astrocyte,endothelial cell
Cldn11,2.5235112,1.3132337,0.011618934171999018,0.046198545415503056,astrocyte_vs_endothelial cell,astrocyte,endothelial cell
Cox4i2,2.490283,3.7372756,0.01276414062735375,0.050551051989519806,astrocyte_vs_endothelial cell,astrocyte,endothelial cell
Gbp3,2.4873905,3.3086474,0.012868404536093093,0.05086325903594108,astrocyte_vs_endothelial cell,astrocyte,endothelial cell
Ttc28,2.448095,0.94098186,0.01436137187508319,0.05628598146605759,astrocyte_vs_endothelial cell,astrocyte,endothelial cell
Gjb2,2.4307404,2.1309392,0.015068010854909936,0.05874468169555531,astrocyte_vs_endothelial cell,astrocyte,endothelial cell
Tgfb2,2.4125388,0.65094703,0.0158418494315624,0.06164143747689649,astrocyte_vs_endothelial cell,astrocyte,endothelial cell
Vwf,2.381427,4.8482385,0.017245705801950412,0.06677844879655724,astrocyte_vs_endothelial cell,astrocyte,endothelial cell
Trim56,2.3714092,1.2998762,0.01772039989490908,0.06841853241277636,astrocyte_vs_endothelial cell,astrocyte,endothelial cell
Col4a5,2.3523612,4.212751,0.01865465170628471,0.07188690445581776,astrocyte_vs_endothelial cell,astrocyte,endothelial cell
Galk1,2.3265405,2.0901134,0.019989733875247728,0.07673602255373407,astrocyte_vs_endothelial cell,astrocyte,endothelial cell
Afap1l2,2.3167343,1.7372937,0.020518209696752037,0.07861383025575493,astrocyte_vs_endothelial cell,astrocyte,endothelial cell
Wtip,2.3120077,3.3535979,0.020777266127347666,0.07945417257111918,astrocyte_vs_endothelial cell,astrocyte,endothelial cell
Lum,2.2899966,7.359669,0.02202151876784212,0.08405159835054243,astrocyte_vs_endothelial cell,astrocyte,endothelial cell
Maf,2.2766628,1.6442444,0.022806364062206753,0.08688138690364478,astrocyte_vs_endothelial cell,astrocyte,endothelial cell
Cd248,2.2619889,5.9725842,0.023698091935303284,0.08993583277154946,astrocyte_vs_endothelial cell,astrocyte,endothelial cell
Rassf9,2.2413182,25.289413,0.025005469962224865,0.09453863879858171,astrocyte_vs_endothelial cell,astrocyte,endothelial cell
Sh3d19,2.2281961,4.2097254,0.02586743185242514,0.09742912185470862,astrocyte_vs_endothelial cell,astrocyte,endothelial cell
Ptpn14,2.211829,5.422288,0.026978479658830785,0.10104299497689431,astrocyte_vs_endothelial cell,astrocyte,endothelial cell
Hbegf,2.2087955,0.4517285,0.027188870539043012,0.10164063752913274,astrocyte_vs_endothelial cell,astrocyte,endothelial cell
Col18a1,2.1851618,5.319048,0.02887698535040635,0.10754929367004226,astrocyte_vs_endothelial cell,astrocyte,endothelial cell
Plat,2.1716871,0.43152055,0.029879273587093757,0.1110472382486833,astrocyte_vs_endothelial cell,astrocyte,endothelial cell
Gbp7,2.1561666,1.4834344,0.03107066913400335,0.11486384153051145,astrocyte_vs_endothelial cell,astrocyte,endothelial cell
Cspg4,2.1366951,3.1110146,0.03262279517054998,0.12037931797250914,astrocyte_vs_endothelial cell,astrocyte,endothelial cell
Pde3a,2.1187053,3.3066583,0.03411537690308431,0.12542417979075113,astrocyte_vs_endothelial cell,astrocyte,endothelial cell
Slc13a4,2.1114388,5.361423,0.034734607223813455,0.12723299349382217,astrocyte_vs_endothelial cell,astrocyte,endothelial cell
Aebp1,2.0964828,3.6988435,0.036039398607165325,0.13177111008104322,astrocyte_vs_endothelial cell,astrocyte,endothelial cell
Slc22a6,2.091897,25.866375,0.0364477305373753,0.13302091436998284,astrocyte_vs_endothelial cell,astrocyte,endothelial cell
S1pr3,2.0906978,3.2650633,0.03655517315593037,0.13317002971195033,astrocyte_vs_endothelial cell,astrocyte,endothelial cell
Cd83,2.0851948,2.8932717,0.03705161128147262,0.1344886071922781,astrocyte_vs_endothelial cell,astrocyte,endothelial cell
Gm13889,2.072849,1.71152,0.03818633742131924,0.13810610278958133,astrocyte_vs_endothelial cell,astrocyte,endothelial cell
Npepl1,2.045688,0.65682906,0.04078708799735285,0.14698049728775803,astrocyte_vs_endothelial cell,astrocyte,endothelial cell
Bmp4,2.0171864,25.40557,0.04367606555540632,0.1562649930425986,astrocyte_vs_endothelial cell,astrocyte,endothelial cell
Aldh1a2,2.0171864,25.484486,0.04367606555540632,0.1562649930425986,astrocyte_vs_endothelial cell,astrocyte,endothelial cell
Il2rg,2.0171864,25.094528,0.04367606555540632,0.1562649930425986,astrocyte_vs_endothelial cell,astrocyte,endothelial cell
Qdpr,2.0070274,0.3007476,0.044746740955595506,0.1598097891271268,astrocyte_vs_endothelial cell,astrocyte,endothelial cell
Olfml3,1.9904486,6.6649337,0.04654154051801842,0.1656282580712399,astrocyte_vs_endothelial cell,astrocyte,endothelial cell
Zeb1,1.9787376,0.37094942,0.047845558275965414,0.169966459239664,astrocyte_vs_endothelial cell,astrocyte,endothelial cell
Gdap10,1.9757745,3.5791705,0.04818031549293919,0.17085218259907517,astrocyte_vs_endothelial cell,astrocyte,endothelial cell
Tshz1,1.9644868,0.66254187,0.04947366063859621,0.17512800226051758,astrocyte_vs_endothelial cell,astrocyte,endothelial cell
Mfap4,1.9628643,5.6560555,0.049661951778220866,0.17548392854495007,astrocyte_vs_endothelial cell,astrocyte,endothelial cell
Lyn,1.9324579,1.5914927,0.053303009507010495,0.18768665319369895,astrocyte_vs_endothelial cell,astrocyte,endothelial cell
Ogn,1.9148209,6.4011283,0.0555153522666069,0.19513304838877646,astrocyte_vs_endothelial cell,astrocyte,endothelial cell
Atp11c,1.907766,2.5911024,0.05642146163283208,0.1976233332148234,astrocyte_vs_endothelial cell,astrocyte,endothelial cell
Cops2,1.8954906,0.7673111,0.05802743001421402,0.20289311193781126,astrocyte_vs_endothelial cell,astrocyte,endothelial cell
Exosc3,1.8735502,1.0183252,0.06099245635336463,0.21251726952391858,astrocyte_vs_endothelial cell,astrocyte,endothelial cell
Ctgf,1.8677652,25.730871,0.06179480910946894,0.21456530940787827,astrocyte_vs_endothelial cell,astrocyte,endothelial cell
Kcnj8,1.8677652,26.277658,0.06179480910946894,0.21456530940787827,astrocyte_vs_endothelial cell,astrocyte,endothelial cell
Akap2,1.8569713,4.0383945,0.06331523815260807,0.21870548584666002,astrocyte_vs_endothelial cell,astrocyte,endothelial cell
Lama1,1.8407452,6.457366,0.0656589075346021,0.22602033574733943,astrocyte_vs_endothelial cell,astrocyte,endothelial cell
Slc16a12,1.8387698,5.4630103,0.0659490455405338,0.22662902247606118,astrocyte_vs_endothelial cell,astrocyte,endothelial cell
Tspan2,1.8276938,1.3328462,0.06759552414288492,0.23188859054162922,astrocyte_vs_endothelial cell,astrocyte,endothelial cell
Lpp,1.8262829,0.71808964,0.06780767445256561,0.23221806319371785,astrocyte_vs_endothelial cell,astrocyte,endothelial cell
Notch3,1.8187342,1.4070418,0.06895200085092906,0.2349301562212234,astrocyte_vs_endothelial cell,astrocyte,endothelial cell
Lgals3bp,1.8115382,1.0726922,0.0700575790716068,0.23829108527757417,astrocyte_vs_endothelial cell,astrocyte,endothelial cell
Ddi2,1.7950299,0.49938515,0.07264893262929996,0.24668567955619683,astrocyte_vs_endothelial cell,astrocyte,endothelial cell
Gprc5c,1.7930546,25.379652,0.07296419863288432,0.24733626655215027,astrocyte_vs_endothelial cell,astrocyte,endothelial cell
Lars,1.7838833,0.90489966,0.07444263049216882,0.25192091537112965,astrocyte_vs_endothelial cell,astrocyte,endothelial cell
Dach1,1.7819079,3.9829588,0.07476424451009665,0.25258190712870493,astrocyte_vs_endothelial cell,astrocyte,endothelial cell
Ttr,1.7796504,5.3427277,0.07513319216956794,0.25340031085857656,astrocyte_vs_endothelial cell,astrocyte,endothelial cell
Lamc3,1.7645531,5.7581396,0.0776389079559781,0.2609711191797583,astrocyte_vs_endothelial cell,astrocyte,endothelial cell
Polk,1.7577099,1.8435284,0.07879688367158588,0.26405663821076003,astrocyte_vs_endothelial cell,astrocyte,endothelial cell
Tspan12,1.7575688,0.64883524,0.07882090650591186,0.26405663821076003,astrocyte_vs_endothelial cell,astrocyte,endothelial cell
Adcy5,1.7480447,3.2902398,0.08045627338665563,0.2681875779555188,astrocyte_vs_endothelial cell,astrocyte,endothelial cell
Plekhg1,1.7412016,0.6426828,0.08164824685148601,0.27170797621126797,astrocyte_vs_endothelial cell,astrocyte,endothelial cell
Specc1l,1.7373215,0.9557067,0.08233044816257835,0.2735230835966058,astrocyte_vs_endothelial cell,astrocyte,endothelial cell
Adcy4,1.718344,24.97106,0.08573389476148374,0.28295014772766913,astrocyte_vs_endothelial cell,astrocyte,endothelial cell
Egflam,1.718344,25.194921,0.08573389476148374,0.28295014772766913,astrocyte_vs_endothelial cell,astrocyte,endothelial cell
Lmod1,1.718344,25.453117,0.08573389476148374,0.28295014772766913,astrocyte_vs_endothelial cell,astrocyte,endothelial cell
Stard13,1.7064213,1.2419087,0.08792966610311516,0.2881660292282366,astrocyte_vs_endothelial cell,astrocyte,endothelial cell
Plcb4,1.6953453,0.40247262,0.09000994904268166,0.2941501602702015,astrocyte_vs_endothelial cell,astrocyte,endothelial cell
Gsta4,1.6885726,0.2379335,0.09130136550242555,0.2978837373651731,astrocyte_vs_endothelial cell,astrocyte,endothelial cell
1500015O10Rik,1.6822938,4.09882,0.09251188213332821,0.30134163561344696,astrocyte_vs_endothelial cell,astrocyte,endothelial cell
Clec3b,1.668043,3.0430388,0.0953071801563298,0.3099420492888774,astrocyte_vs_endothelial cell,astrocyte,endothelial cell
Zic2,1.6602122,3.9712682,0.09687177158780899,0.31451873892145776,astrocyte_vs_endothelial cell,astrocyte,endothelial cell
Vat1l,1.6444094,2.918848,0.10009166725059691,0.32443999793078454,astrocyte_vs_endothelial cell,astrocyte,endothelial cell
8430408G22Rik,1.6436334,25.389145,0.10025195936061242,0.32443999793078454,astrocyte_vs_endothelial cell,astrocyte,endothelial cell
Nagk,1.6162606,1.0835673,0.10603797457640723,0.3411377375292003,astrocyte_vs_endothelial cell,astrocyte,endothelial cell
Col13a1,1.6158373,5.8230586,0.10612948546586445,0.3411377375292003,astrocyte_vs_endothelial cell,astrocyte,endothelial cell
Slc52a3,1.6144264,4.622046,0.10643497410911049,0.3411377375292003,astrocyte_vs_endothelial cell,astrocyte,endothelial cell
Slfn5,1.6144264,5.0248466,0.10643497410911049,0.3411377375292003,astrocyte_vs_endothelial cell,astrocyte,endothelial cell
Cdk6,1.6034914,3.2681236,0.10882620694087208,0.3482438622107907,astrocyte_vs_endothelial cell,astrocyte,endothelial cell
Shroom4,1.6022215,2.8457484,0.10910663104150603,0.3483758821723033,astrocyte_vs_endothelial cell,astrocyte,endothelial cell
Pgm5,1.5924153,2.6299627,0.1112914161058822,0.35443126148370124,astrocyte_vs_endothelial cell,astrocyte,endothelial cell
Calml4,1.5902989,5.5559373,0.1117674526490634,0.3553814074692,astrocyte_vs_endothelial cell,astrocyte,endothelial cell
Smc4,1.586066,1.0475042,0.11272434380543014,0.3578550596997782,astrocyte_vs_endothelial cell,astrocyte,endothelial cell
Fgfbp1,1.5689228,25.632053,0.11666594019807956,0.3691960132850619,astrocyte_vs_endothelial cell,astrocyte,endothelial cell
Fam13a,1.556859,0.64218557,0.11950396620693451,0.3775796720598247,astrocyte_vs_endothelial cell,astrocyte,endothelial cell
Hmgn5,1.5480405,0.7339612,0.12161255436202094,0.3836358181767222,astrocyte_vs_endothelial cell,astrocyte,endothelial cell
Hexa,1.5460651,0.27117527,0.12208884308417824,0.38453178924150627,astrocyte_vs_endothelial cell,astrocyte,endothelial cell
Sostdc1,1.5426083,7.8600173,0.1229258553746479,0.38655929363096825,astrocyte_vs_endothelial cell,astrocyte,endothelial cell
Meg3,1.5406328,0.1979989,0.12340615656989613,0.3874604601880569,astrocyte_vs_endothelial cell,astrocyte,endothelial cell
Nr4a2,1.5318849,3.8601236,0.12555083702696598,0.393576291620583,astrocyte_vs_endothelial cell,astrocyte,endothelial cell
Map3k1,1.5282164,1.6189399,0.12645881727103458,0.39580224497976396,astrocyte_vs_endothelial cell,astrocyte,endothelial cell
Ano1,1.5082512,1.9000461,0.1314902359008261,0.40898984728095206,astrocyte_vs_endothelial cell,astrocyte,endothelial cell
Ctsw,1.4942122,24.667484,0.1351201798248778,0.41639500716449246,astrocyte_vs_endothelial cell,astrocyte,endothelial cell
Tmem45a,1.4942122,25.26524,0.1351201798248778,0.41639500716449246,astrocyte_vs_endothelial cell,astrocyte,endothelial cell
Kcnmb1,1.4942122,25.32069,0.1351201798248778,0.41639500716449246,astrocyte_vs_endothelial cell,astrocyte,endothelial cell
Mrc2,1.4847587,4.244154,0.13760776225054952,0.42275810215222587,astrocyte_vs_endothelial cell,astrocyte,endothelial cell
Rrad,1.4812312,3.7490766,0.13854495807079203,0.42498453395948477,astrocyte_vs_endothelial cell,astrocyte,endothelial cell
Unc93b1,1.4707901,2.6815178,0.1413478850662477,0.43291848412327016,astrocyte_vs_endothelial cell,astrocyte,endothelial cell
Igf1,1.4671216,6.572273,0.1423429762345408,0.43529962151235724,astrocyte_vs_endothelial cell,astrocyte,endothelial cell
Col5a2,1.4657106,2.595788,0.14272713268684298,0.4358080387384518,astrocyte_vs_endothelial cell,astrocyte,endothelial cell
Folr1,1.4638058,4.951377,0.1432470055778821,0.4367286755423235,astrocyte_vs_endothelial cell,astrocyte,endothelial cell
Prorsd1,1.4512483,0.7639117,0.14671074502670753,0.44660805183168195,astrocyte_vs_endothelial cell,astrocyte,endothelial cell
Rbms3,1.4195721,2.6613567,0.15573229739030983,0.4670250359626219,astrocyte_vs_endothelial cell,astrocyte,endothelial cell
Kcnj13,1.4195015,24.957195,0.1557528494935344,0.4670250359626219,astrocyte_vs_endothelial cell,astrocyte,endothelial cell
Tmem72,1.4195015,25.417141,0.1557528494935344,0.4670250359626219,astrocyte_vs_endothelial cell,astrocyte,endothelial cell
Fam180a,1.4195015,25.465631,0.1557528494935344,0.4670250359626219,astrocyte_vs_endothelial cell,astrocyte,endothelial cell
Mog,1.4071556,0.9862792,0.15938125709907425,0.4756172142395067,astrocyte_vs_endothelial cell,astrocyte,endothelial cell
Atp13a5,1.4065206,1.8400607,0.1595695753773545,0.4756172142395067,astrocyte_vs_endothelial cell,astrocyte,endothelial cell
Htr2c,1.3907884,5.0478735,0.16428960357176126,0.48895715348738467,astrocyte_vs_endothelial cell,astrocyte,endothelial cell
Chn2,1.3720225,2.6587224,0.1700564159041117,0.5023823217255884,astrocyte_vs_endothelial cell,astrocyte,endothelial cell
Spp1,1.3641917,4.8990855,0.17250723979892502,0.5088709138611357,astrocyte_vs_endothelial cell,astrocyte,endothelial cell
Usp3,1.3576307,0.66300046,0.17458089271680555,0.5142294336282932,astrocyte_vs_endothelial cell,astrocyte,endothelial cell
Slc26a2,1.3484595,1.8427958,0.17751065783351594,0.5220901700985763,astrocyte_vs_endothelial cell,astrocyte,endothelial cell
Samd9l,1.3336443,3.3139281,0.18232045614786951,0.5335066820626562,astrocyte_vs_endothelial cell,astrocyte,endothelial cell
Slit2,1.333221,2.7258914,0.18245928526542843,0.5335066820626562,astrocyte_vs_endothelial cell,astrocyte,endothelial cell
Tgfbr1,1.3229915,0.6395099,0.18583819916927036,0.5418023299395637,astrocyte_vs_endothelial cell,astrocyte,endothelial cell
Ifi203,1.3174182,5.933675,0.18769848241396514,0.546322493950988,astrocyte_vs_endothelial cell,astrocyte,endothelial cell
Pink1,1.3167127,-0.11140791,0.18793493791913984,0.546322493950988,astrocyte_vs_endothelial cell,astrocyte,endothelial cell
Maml3,1.3071887,3.484486,0.19114863028925277,0.5548581430747541,astrocyte_vs_endothelial cell,astrocyte,endothelial cell
Erc1,1.3027442,0.5077226,0.19266211838788405,0.5579728703386608,astrocyte_vs_endothelial cell,astrocyte,endothelial cell
Chmp1a,1.3012626,0.11022001,0.19316856642289526,0.5579728703386608,astrocyte_vs_endothelial cell,astrocyte,endothelial cell
Cnn3,1.3007689,0.01961212,0.19333759957234598,0.5579728703386608,astrocyte_vs_endothelial cell,astrocyte,endothelial cell
Fndc3b,1.2910331,0.60883236,0.19669218122083376,0.5652074173012465,astrocyte_vs_endothelial cell,astrocyte,endothelial cell
Abcc9,1.2892694,4.607058,0.1973044285786063,0.5661533101251257,astrocyte_vs_endothelial cell,astrocyte,endothelial cell
Art3,1.2738193,3.0755188,0.2027274355691454,0.5808809042095857,astrocyte_vs_endothelial cell,astrocyte,endothelial cell
Olfr558,1.2700803,25.231281,0.20405602053849303,0.5830172015385515,astrocyte_vs_endothelial cell,astrocyte,endothelial cell
Kcne4,1.2700803,24.711355,0.20405602053849303,0.5830172015385515,astrocyte_vs_endothelial cell,astrocyte,endothelial cell
Prlr,1.2638016,4.6534753,0.20630127327393,0.5874935110653037,astrocyte_vs_endothelial cell,astrocyte,endothelial cell
Fbln5,1.2612618,3.752323,0.20721454336434253,0.5886776800123368,astrocyte_vs_endothelial cell,astrocyte,endothelial cell
Grn,1.2479281,-0.06844354,0.2120573641968515,0.599032102250993,astrocyte_vs_endothelial cell,astrocyte,endothelial cell
Gxylt2,1.2424959,5.791454,0.21405363320455284,0.6038184293499376,astrocyte_vs_endothelial cell,astrocyte,endothelial cell
Casq2,1.235935,4.039718,0.2164827393758494,0.6098105334530969,astrocyte_vs_endothelial cell,astrocyte,endothelial cell
Col4a6,1.2344534,3.666807,0.21703398240478322,0.6105034666801216,astrocyte_vs_endothelial cell,astrocyte,endothelial cell
Sbf2,1.2310672,0.36169913,0.21829775664314677,0.6124839506909574,astrocyte_vs_endothelial cell,astrocyte,endothelial cell
Fas,1.230926,3.1528678,0.2183505284213263,0.6124839506909574,astrocyte_vs_endothelial cell,astrocyte,endothelial cell
Mrps30,1.2281041,0.7122766,0.219407889597815,0.6143211250029443,astrocyte_vs_endothelial cell,astrocyte,endothelial cell
0610030E20Rik,1.2275398,0.44011265,0.2196198021885526,0.6143211250029443,astrocyte_vs_endothelial cell,astrocyte,endothelial cell
Acaa2,1.2237301,0.082076885,0.22105405533007005,0.617469428296285,astrocyte_vs_endothelial cell,astrocyte,endothelial cell
Ptges,1.2186507,0.6621091,0.22297681995407725,0.6219716037770635,astrocyte_vs_endothelial cell,astrocyte,endothelial cell
Nexn,1.2094793,3.7393003,0.2264787336032562,0.6303593929721333,astrocyte_vs_endothelial cell,astrocyte,endothelial cell
Rreb1,1.2078568,1.071094,0.22710236574913134,0.6304921210558841,astrocyte_vs_endothelial cell,astrocyte,endothelial cell
Ntn4,1.2073629,3.473903,0.22729240964064623,0.6304921210558841,astrocyte_vs_endothelial cell,astrocyte,endothelial cell
Sod3,1.2029184,0.6001428,0.22900790776176172,0.6343709356281488,astrocyte_vs_endothelial cell,astrocyte,endothelial cell
Lrp5,1.200802,0.5187413,0.22982804296518855,0.6351109702819537,astrocyte_vs_endothelial cell,astrocyte,endothelial cell
R3hdm1,1.1967101,0.08878551,0.23141955683906368,0.6372049808867566,astrocyte_vs_endothelial cell,astrocyte,endothelial cell
Nrp2,1.1955813,0.7716188,0.23185996946896403,0.6372049808867566,astrocyte_vs_endothelial cell,astrocyte,endothelial cell
Dusp2,1.1953697,24.476492,0.2319426130427794,0.6372049808867566,astrocyte_vs_endothelial cell,astrocyte,endothelial cell
Tuba1c,1.1953697,24.747013,0.2319426130427794,0.6372049808867566,astrocyte_vs_endothelial cell,astrocyte,endothelial cell
Pde4d,1.1756161,2.7263272,0.23974827839842316,0.6571537361375401,astrocyte_vs_endothelial cell,astrocyte,endothelial cell
Ddr2,1.175334,2.7198372,0.23986111369020213,0.6571537361375401,astrocyte_vs_endothelial cell,astrocyte,endothelial cell
Bmp5,1.1400598,4.5658317,0.25426135566395003,0.6937554042672579,astrocyte_vs_endothelial cell,astrocyte,endothelial cell
Exoc3l,1.1382257,3.7467663,0.25502628169315644,0.6948945005263119,astrocyte_vs_endothelial cell,astrocyte,endothelial cell
Ppm1l,1.1268673,1.0233506,0.25979856795378065,0.7069348787857976,astrocyte_vs_endothelial cell,astrocyte,endothelial cell
Pdgfd,1.1238338,0.5478075,0.2610835485905463,0.7094661646482235,astrocyte_vs_endothelial cell,astrocyte,endothelial cell
Ret,1.1206591,24.389463,0.2624329949978831,0.7112005284495476,astrocyte_vs_endothelial cell,astrocyte,endothelial cell
Cnn1,1.1206591,25.30284,0.2624329949978831,0.7112005284495476,astrocyte_vs_endothelial cell,astrocyte,endothelial cell
Atrnl1,1.1158618,1.6116906,0.26448128457145026,0.715781554997159,astrocyte_vs_endothelial cell,astrocyte,endothelial cell
Kit,1.1107118,3.3565648,0.2666924203733183,0.7183707173464142,astrocyte_vs_endothelial cell,astrocyte,endothelial cell
Grk5,1.1102885,3.4377587,0.2668747214941929,0.7183707173464142,astrocyte_vs_endothelial cell,astrocyte,endothelial cell
Fbln2,1.1102885,2.026295,0.2668747214941929,0.7183707173464142,astrocyte_vs_endothelial cell,astrocyte,endothelial cell
Tubb4a,1.1011173,-0.15328266,0.27084563506109893,0.7280796641427391,astrocyte_vs_endothelial cell,astrocyte,endothelial cell
Pnpla8,1.0999885,0.058366936,0.27133714693686883,0.7284218709714599,astrocyte_vs_endothelial cell,astrocyte,endothelial cell
Itih2,1.0927925,5.4859858,0.2744848958262849,0.73391683376012,astrocyte_vs_endothelial cell,astrocyte,endothelial cell
Stag1,1.0927925,0.27863613,0.2744848958262849,0.73391683376012,astrocyte_vs_endothelial cell,astrocyte,endothelial cell
Pbx3,1.0884186,1.8892322,0.2764103746670581,0.7374264388335702,astrocyte_vs_endothelial cell,astrocyte,endothelial cell
Hba-a1,1.0846089,0.3748347,0.27809489098730233,0.7405989107518038,astrocyte_vs_endothelial cell,astrocyte,endothelial cell
Antxr2,1.0823514,2.7689655,0.27909641382179307,0.742277696334556,astrocyte_vs_endothelial cell,astrocyte,endothelial cell
Plce1,1.0809405,0.55570376,0.2797236097640945,0.7424720297416779,astrocyte_vs_endothelial cell,astrocyte,endothelial cell
Sh3rf1,1.0805172,2.4838912,0.2799119552126126,0.7424720297416779,astrocyte_vs_endothelial cell,astrocyte,endothelial cell
Tbc1d9,1.076778,1.5437409,0.2815794161068509,0.745905738031393,astrocyte_vs_endothelial cell,astrocyte,endothelial cell
Ankrd44,1.0594938,1.5373607,0.2893749669392579,0.7645309562463881,astrocyte_vs_endothelial cell,astrocyte,endothelial cell
Pik3r3,1.0580828,0.5038273,0.2900176949462706,0.765218192470371,astrocyte_vs_endothelial cell,astrocyte,endothelial cell
Slc6a12,1.0459485,24.624062,0.2955848103987855,0.7737822261748311,astrocyte_vs_endothelial cell,astrocyte,endothelial cell
Gpc3,1.0459485,24.638489,0.2955848103987855,0.7737822261748311,astrocyte_vs_endothelial cell,astrocyte,endothelial cell
Sema3g,1.0459485,24.126394,0.2955848103987855,0.7737822261748311,astrocyte_vs_endothelial cell,astrocyte,endothelial cell
Nxn,1.0432676,-0.1464149,0.2968243419708909,0.7760113515578847,astrocyte_vs_endothelial cell,astrocyte,endothelial cell
Tbc1d4,1.0409396,1.813584,0.2979035937285217,0.7770582460675564,astrocyte_vs_endothelial cell,astrocyte,endothelial cell
Kif13a,1.040728,1.3324108,0.2980018373669079,0.7770582460675564,astrocyte_vs_endothelial cell,astrocyte,endothelial cell
Suclg2,1.0302868,0.56135297,0.30287540010810243,0.78873802111485,astrocyte_vs_endothelial cell,astrocyte,endothelial cell
Enpep,1.017447,4.410199,0.30894083163497466,0.8014029354992858,astrocyte_vs_endothelial cell,astrocyte,endothelial cell
Jarid2,1.0143429,0.24264713,0.31041917004515396,0.8031543856278239,astrocyte_vs_endothelial cell,astrocyte,endothelial cell
Plcl1,0.98033863,1.61329,0.32691899797483137,0.8400403271186407,astrocyte_vs_endothelial cell,astrocyte,endothelial cell
Mpp7,0.97906876,2.5167823,0.32754601127969685,0.8400403271186407,astrocyte_vs_endothelial cell,astrocyte,endothelial cell
Rnase4,0.9789277,2.4952924,0.3276157275762699,0.8400403271186407,astrocyte_vs_endothelial cell,astrocyte,endothelial cell
Atp2a3,0.9712379,24.216658,0.33142982837033563,0.8462908984395292,astrocyte_vs_endothelial cell,astrocyte,endothelial cell
Adap2,0.9712379,24.505663,0.33142982837033563,0.8462908984395292,astrocyte_vs_endothelial cell,astrocyte,endothelial cell
Ppm1h,0.9690509,2.1744804,0.33251979545662214,0.847184192246171,astrocyte_vs_endothelial cell,astrocyte,endothelial cell
Tmem2,0.9603029,1.6767285,0.3369027846657553,0.8561697196080185,astrocyte_vs_endothelial cell,astrocyte,endothelial cell
Frmpd4,0.9426659,3.6132698,0.3458518474344602,0.8764659499626705,astrocyte_vs_endothelial cell,astrocyte,endothelial cell
Trim41,0.93652815,0.49866414,0.34900132647587434,0.8801028455100193,astrocyte_vs_endothelial cell,astrocyte,endothelial cell
Zfp536,0.93462336,3.2546387,0.349982443277993,0.8804589767999823,astrocyte_vs_endothelial cell,astrocyte,endothelial cell
Actg1,0.9322247,2.2680078,0.35122041046409125,0.8819050513536055,astrocyte_vs_endothelial cell,astrocyte,endothelial cell
Ezh2,0.93180144,1.144167,0.3514391629644118,0.8819050513536055,astrocyte_vs_endothelial cell,astrocyte,endothelial cell
Fxyd6,0.9298261,0.05926455,0.35246114893016045,0.8833612755141865,astrocyte_vs_endothelial cell,astrocyte,endothelial cell
Mrps9,0.9221363,0.24227743,0.35645748250546794,0.8893802568882959,astrocyte_vs_endothelial cell,astrocyte,endothelial cell
Rps6ka1,0.92079586,1.4784635,0.35715700275661555,0.8895566693813587,astrocyte_vs_endothelial cell,astrocyte,endothelial cell
Ctsa,0.9094376,-0.2532211,0.36311917292155693,0.8993627795474431,astrocyte_vs_endothelial cell,astrocyte,endothelial cell
Cd164,0.90901434,-0.009839989,0.36334256293716705,0.8993627795474431,astrocyte_vs_endothelial cell,astrocyte,endothelial cell
Lox,0.8965273,24.584732,0.3699712141480329,0.9079002883323631,astrocyte_vs_endothelial cell,astrocyte,endothelial cell
Snai1,0.8965273,24.324987,0.3699712141480329,0.9079002883323631,astrocyte_vs_endothelial cell,astrocyte,endothelial cell
Mafb,0.8918711,1.0356883,0.37246202635004444,0.9117797462669387,astrocyte_vs_endothelial cell,astrocyte,endothelial cell
Cacna1c,0.888767,3.7353337,0.37412832690991704,0.9141667640960692,astrocyte_vs_endothelial cell,astrocyte,endothelial cell
Fam107b,0.88636833,0.7495823,0.3754190759246724,0.9141667640960692,astrocyte_vs_endothelial cell,astrocyte,endothelial cell
Foxd1,0.8860156,2.4414108,0.3756091236963923,0.9141667640960692,astrocyte_vs_endothelial cell,astrocyte,endothelial cell
Arhgap6,0.8803012,2.680428,0.37869617036845005,0.9191654620593448,astrocyte_vs_endothelial cell,astrocyte,endothelial cell
Msra,0.8759977,1.3122566,0.3810312612862856,0.9225938529934277,astrocyte_vs_endothelial cell,astrocyte,endothelial cell
1110008F13Rik,0.84354556,-0.08322367,0.3989234062357977,0.9612612198452957,astrocyte_vs_endothelial cell,astrocyte,endothelial cell
Pdlim3,0.8426284,4.9735246,0.3994362940726506,0.9613388545671494,astrocyte_vs_endothelial cell,astrocyte,endothelial cell
Cnksr3,0.8385366,0.6360309,0.40172939198465807,0.9640447923492276,astrocyte_vs_endothelial cell,astrocyte,endothelial cell
Ltbp1,0.8380428,1.0786773,0.4020066784096279,0.9640447923492276,astrocyte_vs_endothelial cell,astrocyte,endothelial cell
Ugt8a,0.83670235,0.4827809,0.4027598915221725,0.9646943509513114,astrocyte_vs_endothelial cell,astrocyte,endothelial cell
Sema5a,0.83493865,3.1352656,0.40375224908050744,0.9659144714844676,astrocyte_vs_endothelial cell,astrocyte,endothelial cell
Cyp1b1,0.83317494,2.9866493,0.4047460690475315,0.9671351709618435,astrocyte_vs_endothelial cell,astrocyte,endothelial cell
Myo10,0.831764,-0.15583086,0.4055421773234892,0.9672725147054797,astrocyte_vs_endothelial cell,astrocyte,endothelial cell
Cdkal1,0.8313407,0.9532596,0.4057811921248704,0.9672725147054797,astrocyte_vs_endothelial cell,astrocyte,endothelial cell
Ctsz,0.8251324,-0.15780187,0.4092964004198757,0.9720596687767968,astrocyte_vs_endothelial cell,astrocyte,endothelial cell
Etl4,0.8218167,23.51416,0.41118123989258504,0.9720596687767968,astrocyte_vs_endothelial cell,astrocyte,endothelial cell
Fbn1,0.8218167,23.821186,0.41118123989258504,0.9720596687767968,astrocyte_vs_endothelial cell,astrocyte,endothelial cell
Foxc2,0.8218167,24.050734,0.41118123989258504,0.9720596687767968,astrocyte_vs_endothelial cell,astrocyte,endothelial cell
Zfp423,0.81215155,0.05660653,0.41670466679551565,0.981614006748806,astrocyte_vs_endothelial cell,astrocyte,endothelial cell
Gab2,0.8104584,1.4646885,0.4176767598716169,0.981614006748806,astrocyte_vs_endothelial cell,astrocyte,endothelial cell
Srgap1,0.80234534,0.04940122,0.4223532111595282,0.9902771656729852,astrocyte_vs_endothelial cell,astrocyte,endothelial cell
Aak1,0.79571384,-0.1438342,0.42619839093201206,0.9950844679666087,astrocyte_vs_endothelial cell,astrocyte,endothelial cell
Mndal,0.7942323,5.039444,0.4270602027823617,0.9950844679666087,astrocyte_vs_endothelial cell,astrocyte,endothelial cell
Prkg1,0.79395014,4.976085,0.42722447248286566,0.9950844679666087,astrocyte_vs_endothelial cell,astrocyte,endothelial cell
Frk,0.7936679,4.278575,0.4273887789916584,0.9950844679666087,astrocyte_vs_endothelial cell,astrocyte,endothelial cell
Etv6,0.7926097,0.53159565,0.42800525614076135,0.9953610607924682,astrocyte_vs_endothelial cell,astrocyte,endothelial cell
1110017D15Rik,0.7904227,1.4213327,0.42928094786738547,0.9971682877291184,astrocyte_vs_endothelial cell,astrocyte,endothelial cell
Hexb,0.779135,0.124590375,0.435900205613745,1.0,astrocyte_vs_endothelial cell,astrocyte,endothelial cell
Ifit1,0.7741966,1.7626426,0.4388145367648226,1.0,astrocyte_vs_endothelial cell,astrocyte,endothelial cell
Bmp7,0.77299726,0.4376961,0.4395239887812623,1.0,astrocyte_vs_endothelial cell,astrocyte,endothelial cell
Pcbp3,0.76841164,0.8223771,0.44224266372566845,1.0,astrocyte_vs_endothelial cell,astrocyte,endothelial cell
Rab3il1,0.765237,1.5207481,0.4441304463692203,1.0,astrocyte_vs_endothelial cell,astrocyte,endothelial cell
Ado,0.75966364,0.4614386,0.44745565509656426,1.0,astrocyte_vs_endothelial cell,astrocyte,endothelial cell
Hey2,0.74851704,1.1918554,0.45414835290655986,1.0,astrocyte_vs_endothelial cell,astrocyte,endothelial cell
Tmem119,0.7471061,23.800697,0.454999535642313,1.0,astrocyte_vs_endothelial cell,astrocyte,endothelial cell
Odf3b,0.7471061,23.625986,0.454999535642313,1.0,astrocyte_vs_endothelial cell,astrocyte,endothelial cell
Ace2,0.7471061,24.282528,0.454999535642313,1.0,astrocyte_vs_endothelial cell,astrocyte,endothelial cell
Adrb2,0.7471061,23.639349,0.454999535642313,1.0,astrocyte_vs_endothelial cell,astrocyte,endothelial cell
Tnfaip3,0.7471061,24.081858,0.454999535642313,1.0,astrocyte_vs_endothelial cell,astrocyte,endothelial cell
Pde4b,0.74484855,0.034497358,0.4563632950048553,1.0,astrocyte_vs_endothelial cell,astrocyte,endothelial cell
Ermn,0.7329964,0.7023767,0.4635606132575105,1.0,astrocyte_vs_endothelial cell,astrocyte,endothelial cell
Il17rd,0.7301745,0.1706264,0.4652835341464576,1.0,astrocyte_vs_endothelial cell,astrocyte,endothelial cell
Entpd1,0.7166292,1.5562538,0.4736029079287285,1.0,astrocyte_vs_endothelial cell,astrocyte,endothelial cell
Deptor,0.7118319,0.42679685,0.47656885071411614,1.0,astrocyte_vs_endothelial cell,astrocyte,endothelial cell
Exoc6b,0.69997984,0.28334504,0.4839398984778832,1.0,astrocyte_vs_endothelial cell,astrocyte,endothelial cell
Col23a1,0.69828665,0.709105,0.4849979303899943,1.0,astrocyte_vs_endothelial cell,astrocyte,endothelial cell
Nhs,0.6977223,1.4777532,0.48535088591775566,1.0,astrocyte_vs_endothelial cell,astrocyte,endothelial cell
Tec,0.6919373,4.109831,0.4889766849014838,1.0,astrocyte_vs_endothelial cell,astrocyte,endothelial cell
Rabgap1,0.68086123,-0.17753592,0.49595928592645955,1.0,astrocyte_vs_endothelial cell,astrocyte,endothelial cell
Tbx15,0.67239547,23.93552,0.5013319695929075,1.0,astrocyte_vs_endothelial cell,astrocyte,endothelial cell
C1qtnf7,0.67239547,24.187075,0.5013319695929075,1.0,astrocyte_vs_endothelial cell,astrocyte,endothelial cell
Gpr20,0.67239547,24.070942,0.5013319695929075,1.0,astrocyte_vs_endothelial cell,astrocyte,endothelial cell
Kctd12b,0.65835637,0.27460104,0.5103091700094595,1.0,astrocyte_vs_endothelial cell,astrocyte,endothelial cell
Ralgapa2,0.65835637,0.5607944,0.5103091700094595,1.0,astrocyte_vs_endothelial cell,astrocyte,endothelial cell
Cxcl1,0.6448111,5.062386,0.5190496112728582,1.0,astrocyte_vs_endothelial cell,astrocyte,endothelial cell
Aox3,0.6445289,4.3775125,0.5192325223861649,1.0,astrocyte_vs_endothelial cell,astrocyte,endothelial cell
Heyl,0.63803846,0.3576101,0.5234486435241612,1.0,astrocyte_vs_endothelial cell,astrocyte,endothelial cell
Sh3bgr,0.6353576,2.462637,0.5251951965776671,1.0,astrocyte_vs_endothelial cell,astrocyte,endothelial cell
Mag,0.6237877,0.7859378,0.5327670098102337,1.0,astrocyte_vs_endothelial cell,astrocyte,endothelial cell
Ipmk,0.6180733,0.17355028,0.5365270188087592,1.0,astrocyte_vs_endothelial cell,astrocyte,endothelial cell
Fam105a,0.61638016,3.0746694,0.5376436538345173,1.0,astrocyte_vs_endothelial cell,astrocyte,endothelial cell
Cyth4,0.6160979,2.8519957,0.5378298730830935,1.0,astrocyte_vs_endothelial cell,astrocyte,endothelial cell
Acp1,0.60600954,0.8782498,0.5445084104677073,1.0,astrocyte_vs_endothelial cell,astrocyte,endothelial cell
Rem1,0.59768486,23.890095,0.5500502313973346,1.0,astrocyte_vs_endothelial cell,astrocyte,endothelial cell
Slc22a2,0.59768486,24.039494,0.5500502313973346,1.0,astrocyte_vs_endothelial cell,astrocyte,endothelial cell
Naalad2,0.59768486,23.874327,0.5500502313973346,1.0,astrocyte_vs_endothelial cell,astrocyte,endothelial cell
Itpripl1,0.59768486,22.36747,0.5500502313973346,1.0,astrocyte_vs_endothelial cell,astrocyte,endothelial cell
Mns1,0.58837247,2.424085,0.5562823008772722,1.0,astrocyte_vs_endothelial cell,astrocyte,endothelial cell
Cenpa,0.5880903,2.569444,0.5564716877623843,1.0,astrocyte_vs_endothelial cell,astrocyte,endothelial cell
Pard3,0.58145875,0.07692497,0.5609313067513879,1.0,astrocyte_vs_endothelial cell,astrocyte,endothelial cell
Fbn2,0.5700299,4.709594,0.5686573920131177,1.0,astrocyte_vs_endothelial cell,astrocyte,endothelial cell
Wbscr17,0.5605059,2.117834,0.5751343999759511,1.0,astrocyte_vs_endothelial cell,astrocyte,endothelial cell
Thsd4,0.5600826,1.9027238,0.5754230746283212,1.0,astrocyte_vs_endothelial cell,astrocyte,endothelial cell
Gulp1,0.5595888,0.92896444,0.5757599482287403,1.0,astrocyte_vs_endothelial cell,astrocyte,endothelial cell
Tmtc2,0.5519696,-0.114800766,0.5809691919245419,1.0,astrocyte_vs_endothelial cell,astrocyte,endothelial cell
Immp2l,0.5514052,1.5216175,0.581355937752762,1.0,astrocyte_vs_endothelial cell,astrocyte,endothelial cell
Lin7a,0.54166955,2.9687061,0.588046177753892,1.0,astrocyte_vs_endothelial cell,astrocyte,endothelial cell
Tmeff2,0.53976476,0.75784975,0.5893592894065827,1.0,astrocyte_vs_endothelial cell,astrocyte,endothelial cell
Vti1a,0.52367973,0.8283845,0.600501314566317,1.0,astrocyte_vs_endothelial cell,astrocyte,endothelial cell
Lpcat2,0.52297425,22.853762,0.6009921727072178,1.0,astrocyte_vs_endothelial cell,astrocyte,endothelial cell
Ccr9,0.52297425,23.545542,0.6009921727072178,1.0,astrocyte_vs_endothelial cell,astrocyte,endothelial cell
Arhgap28,0.52297425,23.419369,0.6009921727072178,1.0,astrocyte_vs_endothelial cell,astrocyte,endothelial cell
Tead4,0.52297425,23.448912,0.6009921727072178,1.0,astrocyte_vs_endothelial cell,astrocyte,endothelial cell
9930111J21Rik2,0.52297425,23.21867,0.6009921727072178,1.0,astrocyte_vs_endothelial cell,astrocyte,endothelial cell
Rad54b,0.52297425,23.515442,0.6009921727072178,1.0,astrocyte_vs_endothelial cell,astrocyte,endothelial cell
Rsph1,0.5208578,0.5663034,0.6024658332299477,1.0,astrocyte_vs_endothelial cell,astrocyte,endothelial cell
Tmem108,0.51845914,0.30891415,0.6041379465058021,1.0,astrocyte_vs_endothelial cell,astrocyte,endothelial cell
Airn,0.5150023,3.0935464,0.6065514151647382,1.0,astrocyte_vs_endothelial cell,astrocyte,endothelial cell
Tmem173,0.51359135,2.3519845,0.6075377414967397,1.0,astrocyte_vs_endothelial cell,astrocyte,endothelial cell
9530026P05Rik,0.51359135,2.217471,0.6075377414967397,1.0,astrocyte_vs_endothelial cell,astrocyte,endothelial cell
Cblb,0.5063249,2.028322,0.612628613387521,1.0,astrocyte_vs_endothelial cell,astrocyte,endothelial cell
Dock11,0.5046317,1.5777023,0.6138175389078595,1.0,astrocyte_vs_endothelial cell,astrocyte,endothelial cell
Ptk7,0.49856454,0.34431198,0.6180861828038948,1.0,astrocyte_vs_endothelial cell,astrocyte,endothelial cell
Rnf115,0.48290282,-0.41924456,0.6291647263441669,1.0,astrocyte_vs_endothelial cell,astrocyte,endothelial cell
Frem1,0.48149186,0.25780797,0.6301669542675182,1.0,astrocyte_vs_endothelial cell,astrocyte,endothelial cell
Dynlrb2,0.47549528,0.8920907,0.6344340030311553,1.0,astrocyte_vs_endothelial cell,astrocyte,endothelial cell
Otx2,0.47083908,0.1927637,0.6377556503219436,1.0,astrocyte_vs_endothelial cell,astrocyte,endothelial cell
Hecw2,0.46667674,1.8708894,0.6407311746576426,1.0,astrocyte_vs_endothelial cell,astrocyte,endothelial cell
St7,0.4541897,0.21731864,0.6496922982434785,1.0,astrocyte_vs_endothelial cell,astrocyte,endothelial cell
Lmbr1l,0.45334312,0.27387723,0.6503016893723181,1.0,astrocyte_vs_endothelial cell,astrocyte,endothelial cell
Ranbp3l,0.452426,0.7675736,0.6509621270606191,1.0,astrocyte_vs_endothelial cell,astrocyte,endothelial cell
Foxj2,0.45108557,0.051783793,0.6519278750655364,1.0,astrocyte_vs_endothelial cell,astrocyte,endothelial cell
Lhb,0.44826365,21.980595,0.6539629363692993,1.0,astrocyte_vs_endothelial cell,astrocyte,endothelial cell
Nox4,0.44826365,22.400076,0.6539629363692993,1.0,astrocyte_vs_endothelial cell,astrocyte,endothelial cell
Cngb1,0.44826365,23.14403,0.6539629363692993,1.0,astrocyte_vs_endothelial cell,astrocyte,endothelial cell
Mpzl2,0.44826365,23.263948,0.6539629363692993,1.0,astrocyte_vs_endothelial cell,astrocyte,endothelial cell
Rsad2,0.448052,1.0793566,0.6541156699697764,1.0,astrocyte_vs_endothelial cell,astrocyte,endothelial cell
Pcp4,0.44593555,-0.07193783,0.6556438016963759,1.0,astrocyte_vs_endothelial cell,astrocyte,endothelial cell
Foxp2,0.44036224,3.2071474,0.6596747704055335,1.0,astrocyte_vs_endothelial cell,astrocyte,endothelial cell
Grk4,0.4266053,0.49696532,0.6696668170430202,1.0,astrocyte_vs_endothelial cell,astrocyte,endothelial cell
Tmem132c,0.4207498,4.3732424,0.6739377763857194,1.0,astrocyte_vs_endothelial cell,astrocyte,endothelial cell
Trim6,0.42032653,3.9487336,0.6742469302029127,1.0,astrocyte_vs_endothelial cell,astrocyte,endothelial cell
Gng8,0.42032653,3.664703,0.6742469302029127,1.0,astrocyte_vs_endothelial cell,astrocyte,endothelial cell
Pdzrn3,0.41905665,0.5014957,0.6751747215288975,1.0,astrocyte_vs_endothelial cell,astrocyte,endothelial cell
N4bp2,0.41651693,0.32330212,0.6770317845039093,1.0,astrocyte_vs_endothelial cell,astrocyte,endothelial cell
Ecm2,0.41263676,0.65210235,0.6798727559843403,1.0,astrocyte_vs_endothelial cell,astrocyte,endothelial cell
Zfp868,0.4096032,0.5170791,0.6820970517522427,1.0,astrocyte_vs_endothelial cell,astrocyte,endothelial cell
Als2,0.40071413,0.37820724,0.6886306169543968,1.0,astrocyte_vs_endothelial cell,astrocyte,endothelial cell
Cd68,0.39210722,1.9498515,0.6949789871196167,1.0,astrocyte_vs_endothelial cell,astrocyte,endothelial cell
Pde7b,0.39210722,2.2089655,0.6949789871196167,1.0,astrocyte_vs_endothelial cell,astrocyte,endothelial cell
Gle1,0.39027297,-0.41769767,0.6963347061348661,1.0,astrocyte_vs_endothelial cell,astrocyte,endothelial cell
Pcdh18,0.38829762,1.222684,0.6977957968632604,1.0,astrocyte_vs_endothelial cell,astrocyte,endothelial cell
Exoc1,0.38293594,0.64179564,0.7017672519464305,1.0,astrocyte_vs_endothelial cell,astrocyte,endothelial cell
Ralgapb,0.37722155,-0.51675284,0.7060089702308683,1.0,astrocyte_vs_endothelial cell,astrocyte,endothelial cell
Mfap5,0.3770099,1.6021243,0.7061662474243483,1.0,astrocyte_vs_endothelial cell,astrocyte,endothelial cell
Adam12,0.37355304,22.414642,0.7087368803945129,1.0,astrocyte_vs_endothelial cell,astrocyte,endothelial cell
Ebf2,0.37355304,22.570261,0.7087368803945129,1.0,astrocyte_vs_endothelial cell,astrocyte,endothelial cell
Zfp366,0.37355304,22.326109,0.7087368803945129,1.0,astrocyte_vs_endothelial cell,astrocyte,endothelial cell
Plac8,0.37355304,23.169378,0.7087368803945129,1.0,astrocyte_vs_endothelial cell,astrocyte,endothelial cell
Pi16,0.37355304,22.390776,0.7087368803945129,1.0,astrocyte_vs_endothelial cell,astrocyte,endothelial cell
Lepr,0.37355304,23.081963,0.7087368803945129,1.0,astrocyte_vs_endothelial cell,astrocyte,endothelial cell
Mycbpap,0.37355304,22.267262,0.7087368803945129,1.0,astrocyte_vs_endothelial cell,astrocyte,endothelial cell
Spag16,0.37355304,21.730066,0.7087368803945129,1.0,astrocyte_vs_endothelial cell,astrocyte,endothelial cell
Lrrc23,0.37277701,0.4755147,0.7093144187428828,1.0,astrocyte_vs_endothelial cell,astrocyte,endothelial cell
Rbm43,0.37270644,0.2500656,0.7093669305194594,1.0,astrocyte_vs_endothelial cell,astrocyte,endothelial cell
Ankib1,0.37221262,-0.32140064,0.7097345516039429,1.0,astrocyte_vs_endothelial cell,astrocyte,endothelial cell
Esrrg,0.37193042,-0.09944045,0.709944651141902,1.0,astrocyte_vs_endothelial cell,astrocyte,endothelial cell
Setbp1,0.36924958,0.052598163,0.711941694577022,1.0,astrocyte_vs_endothelial cell,astrocyte,endothelial cell
Tppp3,0.36600438,0.23841017,0.7143618133007861,1.0,astrocyte_vs_endothelial cell,astrocyte,endothelial cell
Loxl1,0.36586326,0.2292217,0.714467101259191,1.0,astrocyte_vs_endothelial cell,astrocyte,endothelial cell
Col11a1,0.3647345,2.1102023,0.7153096004453516,1.0,astrocyte_vs_endothelial cell,astrocyte,endothelial cell
Antxr1,0.35457554,-0.43551427,0.7229075929339325,1.0,astrocyte_vs_endothelial cell,astrocyte,endothelial cell
Fbxl17,0.34794402,-0.4202294,0.7278822271215006,1.0,astrocyte_vs_endothelial cell,astrocyte,endothelial cell
Ctss,0.34667414,0.6506381,0.7288361335263368,1.0,astrocyte_vs_endothelial cell,astrocyte,endothelial cell
Rep15,0.34625086,5.139487,0.729154195735076,1.0,astrocyte_vs_endothelial cell,astrocyte,endothelial cell
Gpr88,0.34582758,3.815623,0.7294723045638192,1.0,astrocyte_vs_endothelial cell,astrocyte,endothelial cell
Sdk1,0.34568647,3.1530237,0.7295783511913967,1.0,astrocyte_vs_endothelial cell,astrocyte,endothelial cell
2810408A11Rik,0.34568647,3.2336545,0.7295783511913967,1.0,astrocyte_vs_endothelial cell,astrocyte,endothelial cell
Irf8,0.34554538,2.3475335,0.7296844029915415,1.0,astrocyte_vs_endothelial cell,astrocyte,endothelial cell
Col4a4,0.34554538,2.7617118,0.7296844029915415,1.0,astrocyte_vs_endothelial cell,astrocyte,endothelial cell
Prc1,0.34554538,3.092269,0.7296844029915415,1.0,astrocyte_vs_endothelial cell,astrocyte,endothelial cell
Ccdc108,0.34554538,2.2144425,0.7296844029915415,1.0,astrocyte_vs_endothelial cell,astrocyte,endothelial cell
Samd12,0.34554538,2.6727123,0.7296844029915415,1.0,astrocyte_vs_endothelial cell,astrocyte,endothelial cell
Cd24a,0.34540427,0.6277541,0.7297904599623943,1.0,astrocyte_vs_endothelial cell,astrocyte,endothelial cell
Tbc1d24,0.33976042,-0.21086784,0.7340369573980706,1.0,astrocyte_vs_endothelial cell,astrocyte,endothelial cell
Rrm2,0.33722067,1.9017227,0.7359505475805417,1.0,astrocyte_vs_endothelial cell,astrocyte,endothelial cell
Laptm5,0.3367974,1.2649131,0.736269638978694,1.0,astrocyte_vs_endothelial cell,astrocyte,endothelial cell
Ifi27l2a,0.3365152,1.4546134,0.7364823918549314,1.0,astrocyte_vs_endothelial cell,astrocyte,endothelial cell
Cdyl,0.33644465,0.5238809,0.7365355832315229,1.0,astrocyte_vs_endothelial cell,astrocyte,endothelial cell
Nusap1,0.3287549,1.341466,0.7423409614528413,1.0,astrocyte_vs_endothelial cell,astrocyte,endothelial cell
Serpini1,0.3276261,1.1279362,0.7431943712326202,1.0,astrocyte_vs_endothelial cell,astrocyte,endothelial cell
Prr16,0.317961,2.2201793,0.7505145150673318,1.0,astrocyte_vs_endothelial cell,astrocyte,endothelial cell
Csf1r,0.31781992,1.8611139,0.7506215468331507,1.0,astrocyte_vs_endothelial cell,astrocyte,endothelial cell
Ntn1,0.31774935,-0.13263361,0.7506750645160912,1.0,astrocyte_vs_endothelial cell,astrocyte,endothelial cell
Scml4,0.3176788,1.7040817,0.750728583398733,1.0,astrocyte_vs_endothelial cell,astrocyte,endothelial cell
Pde10a,0.3169028,-0.10787652,0.7513173702195822,1.0,astrocyte_vs_endothelial cell,astrocyte,endothelial cell
Lars2,0.3169028,0.48164508,0.7513173702195822,1.0,astrocyte_vs_endothelial cell,astrocyte,endothelial cell
Lsp1,0.30928358,1.2384331,0.7571058271895322,1.0,astrocyte_vs_endothelial cell,astrocyte,endothelial cell
Nefh,0.3087192,0.9712368,0.757535148778679,1.0,astrocyte_vs_endothelial cell,astrocyte,endothelial cell
2210408I21Rik,0.308437,0.9241507,0.7577498376347883,1.0,astrocyte_vs_endothelial cell,astrocyte,endothelial cell
Pola1,0.308437,0.8433414,0.7577498376347883,1.0,astrocyte_vs_endothelial cell,astrocyte,endothelial cell
AW554918,0.3081548,0.58918506,0.7579645451779652,1.0,astrocyte_vs_endothelial cell,astrocyte,endothelial cell
Btbd11,0.30088833,1.0054914,0.7634996509805055,1.0,astrocyte_vs_endothelial cell,astrocyte,endothelial cell
Inpp4b,0.30046505,0.9522862,0.7638224603261419,1.0,astrocyte_vs_endothelial cell,astrocyte,endothelial cell
Cacnb2,0.30032393,0.93517184,0.7639300725681086,1.0,astrocyte_vs_endothelial cell,astrocyte,endothelial cell
Glcci1,0.29975957,0.7061046,0.764360567117772,1.0,astrocyte_vs_endothelial cell,astrocyte,endothelial cell
Mcc,0.29940683,-0.5149103,0.7646296632069158,1.0,astrocyte_vs_endothelial cell,astrocyte,endothelial cell
Nrk,0.29884243,22.129026,0.7650602760537617,1.0,astrocyte_vs_endothelial cell,astrocyte,endothelial cell
Adh1,0.29884243,22.467419,0.7650602760537617,1.0,astrocyte_vs_endothelial cell,astrocyte,endothelial cell
Ccl7,0.29884243,22.659515,0.7650602760537617,1.0,astrocyte_vs_endothelial cell,astrocyte,endothelial cell
Slit3,0.29884243,22.95971,0.7650602760537617,1.0,astrocyte_vs_endothelial cell,astrocyte,endothelial cell
Il13ra2,0.29884243,22.26788,0.7650602760537617,1.0,astrocyte_vs_endothelial cell,astrocyte,endothelial cell
Pf4,0.29884243,22.625097,0.7650602760537617,1.0,astrocyte_vs_endothelial cell,astrocyte,endothelial cell
Synpo2l,0.29884243,23.224442,0.7650602760537617,1.0,astrocyte_vs_endothelial cell,astrocyte,endothelial cell
Lcn2,0.29884243,22.504436,0.7650602760537617,1.0,astrocyte_vs_endothelial cell,astrocyte,endothelial cell
Sacs,0.2984897,-0.13414131,0.7653294459756096,1.0,astrocyte_vs_endothelial cell,astrocyte,endothelial cell
Arl15,0.29686707,-0.0039623,0.7665679921931446,1.0,astrocyte_vs_endothelial cell,astrocyte,endothelial cell
Cdk15,0.29122323,2.5599017,0.7708806075365444,1.0,astrocyte_vs_endothelial cell,astrocyte,endothelial cell
Sntb1,0.29037663,1.8611593,0.7715281147817163,1.0,astrocyte_vs_endothelial cell,astrocyte,endothelial cell
Nts,0.28995335,1.4503658,0.7718519281286875,1.0,astrocyte_vs_endothelial cell,astrocyte,endothelial cell
Epha3,0.28995335,1.046146,0.7718519281286875,1.0,astrocyte_vs_endothelial cell,astrocyte,endothelial cell
Tyrobp,0.28981224,0.90557235,0.7719598747459511,1.0,astrocyte_vs_endothelial cell,astrocyte,endothelial cell
Ccnjl,0.28910676,0.17896354,0.7724996740057309,1.0,astrocyte_vs_endothelial cell,astrocyte,endothelial cell
Thada,0.28049988,0.7847678,0.7790940167523464,1.0,astrocyte_vs_endothelial cell,astrocyte,endothelial cell
E2f7,0.2711875,3.277835,0.7862468182098037,1.0,astrocyte_vs_endothelial cell,astrocyte,endothelial cell
Top2a,0.2710464,3.332476,0.786355334536204,1.0,astrocyte_vs_endothelial cell,astrocyte,endothelial cell
Ror1,0.27090532,2.143899,0.78646385501275,1.0,astrocyte_vs_endothelial cell,astrocyte,endothelial cell
Man2b1,0.26885942,-0.08122441,0.7880378670575523,1.0,astrocyte_vs_endothelial cell,astrocyte,endothelial cell
Pld5,0.2619457,0.31952623,0.7933633145804191,1.0,astrocyte_vs_endothelial cell,astrocyte,endothelial cell
Btbd7,0.2619457,1.2711453,0.7933633145804191,1.0,astrocyte_vs_endothelial cell,astrocyte,endothelial cell
C1qa,0.2615224,0.7612603,0.7936896783988906,1.0,astrocyte_vs_endothelial cell,astrocyte,endothelial cell
Gab3,0.2615224,0.7932659,0.7936896783988906,1.0,astrocyte_vs_endothelial cell,astrocyte,endothelial cell
Snx29,0.25594908,-0.05234107,0.7979901510384587,1.0,astrocyte_vs_endothelial cell,astrocyte,endothelial cell
C1qb,0.25439703,0.89677006,0.7991888491917326,1.0,astrocyte_vs_endothelial cell,astrocyte,endothelial cell
Penk,0.25355044,1.0239786,0.7998428842474298,1.0,astrocyte_vs_endothelial cell,astrocyte,endothelial cell
Opalin,0.25270388,0.54094964,0.8004970597071469,1.0,astrocyte_vs_endothelial cell,astrocyte,endothelial cell
Sorbs1,0.24769494,0.42052484,0.8043704470501833,1.0,astrocyte_vs_endothelial cell,astrocyte,endothelial cell
Spc25,0.2435326,2.257651,0.8075928395135217,1.0,astrocyte_vs_endothelial cell,astrocyte,endothelial cell
Gbp5,0.2433915,2.2150424,0.8077021307218142,1.0,astrocyte_vs_endothelial cell,astrocyte,endothelial cell
Ctxn3,0.2433915,2.3907795,0.8077021307218142,1.0,astrocyte_vs_endothelial cell,astrocyte,endothelial cell
Disc1,0.2432504,2.2549245,0.8078114256834162,1.0,astrocyte_vs_endothelial cell,astrocyte,endothelial cell
Hdc,0.2432504,1.8370848,0.8078114256834162,1.0,astrocyte_vs_endothelial cell,astrocyte,endothelial cell
Lipt2,0.24261546,0.024248894,0.80830329940294,1.0,astrocyte_vs_endothelial cell,astrocyte,endothelial cell
Amot,0.23951134,-0.5546531,0.810709102687232,1.0,astrocyte_vs_endothelial cell,astrocyte,endothelial cell
Tead3,0.23654832,0.5323819,0.8130072207486428,1.0,astrocyte_vs_endothelial cell,astrocyte,endothelial cell
Klhl29,0.23450242,1.0795151,0.8145949580895198,1.0,astrocyte_vs_endothelial cell,astrocyte,endothelial cell
Wsb2,0.2311161,-0.2222776,0.8172246083699639,1.0,astrocyte_vs_endothelial cell,astrocyte,endothelial cell
Tac1,0.22765924,1.1255212,0.8199111664652456,1.0,astrocyte_vs_endothelial cell,astrocyte,endothelial cell
Ctnna3,0.22462566,0.6741161,0.8222705017704275,1.0,astrocyte_vs_endothelial cell,astrocyte,endothelial cell
Fign,0.22462566,0.41377795,0.8222705017704275,1.0,astrocyte_vs_endothelial cell,astrocyte,endothelial cell
Gm13154,0.22413182,21.537361,0.8226547323688662,1.0,astrocyte_vs_endothelial cell,astrocyte,endothelial cell
Klk6,0.22413182,21.444242,0.8226547323688662,1.0,astrocyte_vs_endothelial cell,astrocyte,endothelial cell
Ccdc68,0.22413182,20.86461,0.8226547323688662,1.0,astrocyte_vs_endothelial cell,astrocyte,endothelial cell
Cbr2,0.22413182,22.260927,0.8226547323688662,1.0,astrocyte_vs_endothelial cell,astrocyte,endothelial cell
Adamts7,0.22413182,22.161844,0.8226547323688662,1.0,astrocyte_vs_endothelial cell,astrocyte,endothelial cell
Cdh1,0.22413182,21.477594,0.8226547323688662,1.0,astrocyte_vs_endothelial cell,astrocyte,endothelial cell
Ptpn6,0.22413182,21.987537,0.8226547323688662,1.0,astrocyte_vs_endothelial cell,astrocyte,endothelial cell
Kif23,0.22413182,22.04056,0.8226547323688662,1.0,astrocyte_vs_endothelial cell,astrocyte,endothelial cell
Pla2r1,0.22413182,22.994932,0.8226547323688662,1.0,astrocyte_vs_endothelial cell,astrocyte,endothelial cell
Anxa9,0.22413182,22.21526,0.8226547323688662,1.0,astrocyte_vs_endothelial cell,astrocyte,endothelial cell
Spag17,0.22413182,21.724958,0.8226547323688662,1.0,astrocyte_vs_endothelial cell,astrocyte,endothelial cell
Slc11a1,0.22413182,22.73191,0.8226547323688662,1.0,astrocyte_vs_endothelial cell,astrocyte,endothelial cell
Dusp27,0.22413182,22.26875,0.8226547323688662,1.0,astrocyte_vs_endothelial cell,astrocyte,endothelial cell
Saa1,0.22413182,23.003418,0.8226547323688662,1.0,astrocyte_vs_endothelial cell,astrocyte,endothelial cell
Slco5a1,0.22413182,22.013523,0.8226547323688662,1.0,astrocyte_vs_endothelial cell,astrocyte,endothelial cell
Ckap2l,0.22413182,22.35409,0.8226547323688662,1.0,astrocyte_vs_endothelial cell,astrocyte,endothelial cell
Ckap2,0.22413182,22.417929,0.8226547323688662,1.0,astrocyte_vs_endothelial cell,astrocyte,endothelial cell
Aim2,0.22413182,21.748163,0.8226547323688662,1.0,astrocyte_vs_endothelial cell,astrocyte,endothelial cell
Cxcl2,0.22413182,21.758635,0.8226547323688662,1.0,astrocyte_vs_endothelial cell,astrocyte,endothelial cell
Gkn3,0.22413182,22.617384,0.8226547323688662,1.0,astrocyte_vs_endothelial cell,astrocyte,endothelial cell
Plekha5,0.21439616,-0.09385131,0.830238134713206,1.0,astrocyte_vs_endothelial cell,astrocyte,endothelial cell
Tpk1,0.20578927,0.42117634,0.8369555201010734,1.0,astrocyte_vs_endothelial cell,astrocyte,endothelial cell
Pkdcc,0.20458995,-0.23250735,0.8378925053667698,1.0,astrocyte_vs_endothelial cell,astrocyte,endothelial cell
Xrcc4,0.19887555,0.1397344,0.8423601001264862,1.0,astrocyte_vs_endothelial cell,astrocyte,endothelial cell
Fgf13,0.19809951,0.13412261,0.8429672054302837,1.0,astrocyte_vs_endothelial cell,astrocyte,endothelial cell
Eml6,0.19697075,0.31416595,0.8438504342157198,1.0,astrocyte_vs_endothelial cell,astrocyte,endothelial cell
Lyz2,0.19654745,4.013839,0.8441816957013396,1.0,astrocyte_vs_endothelial cell,astrocyte,endothelial cell
Bnc2,0.19640635,3.0002267,0.8442921223240168,1.0,astrocyte_vs_endothelial cell,astrocyte,endothelial cell
Zcchc16,0.19626527,2.5604923,0.8444025520069071,1.0,astrocyte_vs_endothelial cell,astrocyte,endothelial cell
Ccbe1,0.19626527,2.0093875,0.8444025520069071,1.0,astrocyte_vs_endothelial cell,astrocyte,endothelial cell
Ccdc63,0.19626527,1.4565928,0.8444025520069071,1.0,astrocyte_vs_endothelial cell,astrocyte,endothelial cell
Scube2,0.19626527,2.2619114,0.8444025520069071,1.0,astrocyte_vs_endothelial cell,astrocyte,endothelial cell
Notch1,0.19619471,-0.330232,0.8444577679952714,1.0,astrocyte_vs_endothelial cell,astrocyte,endothelial cell
Slc10a7,0.19485429,-0.11807123,0.8455070166824133,1.0,astrocyte_vs_endothelial cell,astrocyte,endothelial cell
Map2k6,0.194431,-0.14301988,0.8458384154018698,1.0,astrocyte_vs_endothelial cell,astrocyte,endothelial cell
C530008M17Rik,0.18730563,-0.19513942,0.8514210091708208,1.0,astrocyte_vs_endothelial cell,astrocyte,endothelial cell
Plch1,0.18723509,0.5738,0.8514763201023599,1.0,astrocyte_vs_endothelial cell,astrocyte,endothelial cell
Svep1,0.17933367,0.7732882,0.8576757054882996,1.0,astrocyte_vs_endothelial cell,astrocyte,endothelial cell
Ndst3,0.17848709,0.2935279,0.8583404533523006,1.0,astrocyte_vs_endothelial cell,astrocyte,endothelial cell
Dnmt3b,0.17820491,0.1097767,0.8585620583193652,1.0,astrocyte_vs_endothelial cell,astrocyte,endothelial cell
Pla2g15,0.17764051,-0.1022879,0.85900530166958,1.0,astrocyte_vs_endothelial cell,astrocyte,endothelial cell
Gtdc1,0.17622955,-0.15947983,0.860113604174643,1.0,astrocyte_vs_endothelial cell,astrocyte,endothelial cell
Bach2,0.17171447,-0.57156247,0.8636620137992179,1.0,astrocyte_vs_endothelial cell,astrocyte,endothelial cell
Atad2b,0.17143227,-0.6819592,0.8638838815100023,1.0,astrocyte_vs_endothelial cell,astrocyte,endothelial cell
Vcan,0.16952747,-0.040929478,0.8653817684473268,1.0,astrocyte_vs_endothelial cell,astrocyte,endothelial cell
Adamts12,0.16868089,1.6835519,0.8660476515731628,1.0,astrocyte_vs_endothelial cell,astrocyte,endothelial cell
Ntf3,0.16868089,1.5640838,0.8660476515731628,1.0,astrocyte_vs_endothelial cell,astrocyte,endothelial cell
Serpinc1,0.1683987,0.8352666,0.8662696337704603,1.0,astrocyte_vs_endothelial cell,astrocyte,endothelial cell
Kcnc2,0.1683987,1.3577178,0.8662696337704603,1.0,astrocyte_vs_endothelial cell,astrocyte,endothelial cell
Apcdd1,0.1683987,0.54306114,0.8662696337704603,1.0,astrocyte_vs_endothelial cell,astrocyte,endothelial cell
Sirt2,0.16529457,-0.3707872,0.8687121303979748,1.0,astrocyte_vs_endothelial cell,astrocyte,endothelial cell
Rnd3,0.1621199,-0.44292116,0.871211434744256,1.0,astrocyte_vs_endothelial cell,astrocyte,endothelial cell
Abca1,0.15661713,-0.6552593,0.8755465960295982,1.0,astrocyte_vs_endothelial cell,astrocyte,endothelial cell
H2-DMa,0.14949176,-0.5551371,0.8811656088792329,1.0,astrocyte_vs_endothelial cell,astrocyte,endothelial cell
Atp1a4,0.14942122,21.502268,0.8812212730695869,1.0,astrocyte_vs_endothelial cell,astrocyte,endothelial cell
Hpgds,0.14942122,21.407574,0.8812212730695869,1.0,astrocyte_vs_endothelial cell,astrocyte,endothelial cell
Tfap2b,0.14942122,21.566097,0.8812212730695869,1.0,astrocyte_vs_endothelial cell,astrocyte,endothelial cell
Apoa2,0.14942122,21.268919,0.8812212730695869,1.0,astrocyte_vs_endothelial cell,astrocyte,endothelial cell
Pla1a,0.14942122,21.403229,0.8812212730695869,1.0,astrocyte_vs_endothelial cell,astrocyte,endothelial cell
Hydin,0.14942122,20.643827,0.8812212730695869,1.0,astrocyte_vs_endothelial cell,astrocyte,endothelial cell
Bmx,0.14942122,20.845343,0.8812212730695869,1.0,astrocyte_vs_endothelial cell,astrocyte,endothelial cell
Thsd7b,0.14942122,20.819263,0.8812212730695869,1.0,astrocyte_vs_endothelial cell,astrocyte,endothelial cell
Enpp6,0.14942122,20.312468,0.8812212730695869,1.0,astrocyte_vs_endothelial cell,astrocyte,endothelial cell
Saa2,0.14942122,21.727161,0.8812212730695869,1.0,astrocyte_vs_endothelial cell,astrocyte,endothelial cell
Lyve1,0.14942122,21.143435,0.8812212730695869,1.0,astrocyte_vs_endothelial cell,astrocyte,endothelial cell
Rerg,0.14942122,21.5692,0.8812212730695869,1.0,astrocyte_vs_endothelial cell,astrocyte,endothelial cell
Ptk6,0.14942122,20.910545,0.8812212730695869,1.0,astrocyte_vs_endothelial cell,astrocyte,endothelial cell
Plbd1,0.14942122,21.366127,0.8812212730695869,1.0,astrocyte_vs_endothelial cell,astrocyte,endothelial cell
Cd53,0.14942122,21.941004,0.8812212730695869,1.0,astrocyte_vs_endothelial cell,astrocyte,endothelial cell
Rac2,0.14942122,20.810938,0.8812212730695869,1.0,astrocyte_vs_endothelial cell,astrocyte,endothelial cell
Sspo,0.14942122,20.853262,0.8812212730695869,1.0,astrocyte_vs_endothelial cell,astrocyte,endothelial cell
Napsa,0.14942122,20.324364,0.8812212730695869,1.0,astrocyte_vs_endothelial cell,astrocyte,endothelial cell
Col6a6,0.14942122,21.339706,0.8812212730695869,1.0,astrocyte_vs_endothelial cell,astrocyte,endothelial cell
Ephx3,0.14942122,21.892323,0.8812212730695869,1.0,astrocyte_vs_endothelial cell,astrocyte,endothelial cell
Pkp3,0.14942122,21.095861,0.8812212730695869,1.0,astrocyte_vs_endothelial cell,astrocyte,endothelial cell
Trem2,0.14942122,21.498297,0.8812212730695869,1.0,astrocyte_vs_endothelial cell,astrocyte,endothelial cell
H2-Eb1,0.14942122,21.698689,0.8812212730695869,1.0,astrocyte_vs_endothelial cell,astrocyte,endothelial cell
Susd3,0.14942122,20.74303,0.8812212730695869,1.0,astrocyte_vs_endothelial cell,astrocyte,endothelial cell
Pdf,0.14942122,21.355536,0.8812212730695869,1.0,astrocyte_vs_endothelial cell,astrocyte,endothelial cell
Ube2c,0.14942122,22.620771,0.8812212730695869,1.0,astrocyte_vs_endothelial cell,astrocyte,endothelial cell
Bhmt,0.14942122,22.285551,0.8812212730695869,1.0,astrocyte_vs_endothelial cell,astrocyte,endothelial cell
Lhcgr,0.14942122,22.052986,0.8812212730695869,1.0,astrocyte_vs_endothelial cell,astrocyte,endothelial cell
Nek5,0.14942122,20.885645,0.8812212730695869,1.0,astrocyte_vs_endothelial cell,astrocyte,endothelial cell
Dlg2,0.14335406,0.40887144,0.8860105598618875,1.0,astrocyte_vs_endothelial cell,astrocyte,endothelial cell
Vegfc,0.14321297,0.26576674,0.8861219888774102,1.0,astrocyte_vs_endothelial cell,astrocyte,endothelial cell
Plxna4,0.1420842,-0.011513124,0.887013501878531,1.0,astrocyte_vs_endothelial cell,astrocyte,endothelial cell
2810417H13Rik,0.14123762,1.9808062,0.8876822305293484,1.0,astrocyte_vs_endothelial cell,astrocyte,endothelial cell
Zfp407,0.14081432,-0.11967751,0.8880166248705681,1.0,astrocyte_vs_endothelial cell,astrocyte,endothelial cell
Ngfr,0.14081432,1.2260101,0.8880166248705681,1.0,astrocyte_vs_endothelial cell,astrocyte,endothelial cell
Tcte2,0.14081432,1.1019554,0.8880166248705681,1.0,astrocyte_vs_endothelial cell,astrocyte,endothelial cell
2610020H08Rik,0.14081432,0.7132683,0.8880166248705681,1.0,astrocyte_vs_endothelial cell,astrocyte,endothelial cell
Selplg,0.14081432,0.73598045,0.8880166248705681,1.0,astrocyte_vs_endothelial cell,astrocyte,endothelial cell
Pknox2,0.14067324,-0.1643482,0.8881280940832631,1.0,astrocyte_vs_endothelial cell,astrocyte,endothelial cell
Trp73,0.14053214,0.114212476,0.888239565508477,1.0,astrocyte_vs_endothelial cell,astrocyte,endothelial cell
Ttll8,0.14053214,0.22282201,0.888239565508477,1.0,astrocyte_vs_endothelial cell,astrocyte,endothelial cell
Prdm5,0.13629924,-0.63083434,0.8915847262919074,1.0,astrocyte_vs_endothelial cell,astrocyte,endothelial cell
Serpinb1a,0.13340676,0.10836811,0.8938717000465974,1.0,astrocyte_vs_endothelial cell,astrocyte,endothelial cell
Mmp16,0.13164306,0.45229268,0.8952666306291934,1.0,astrocyte_vs_endothelial cell,astrocyte,endothelial cell
Ifit3,0.13016154,-0.7022457,0.8964386228136283,1.0,astrocyte_vs_endothelial cell,astrocyte,endothelial cell
Tcea2,0.12529372,0.5912904,0.9002910320977114,1.0,astrocyte_vs_endothelial cell,astrocyte,endothelial cell
Gpr17,0.12529372,0.9220804,0.9002910320977114,1.0,astrocyte_vs_endothelial cell,astrocyte,endothelial cell
Cux2,0.12388274,0.16974545,0.9014081158076613,1.0,astrocyte_vs_endothelial cell,astrocyte,endothelial cell
Dock1,0.12254233,-0.7699832,0.9024695262410918,1.0,astrocyte_vs_endothelial cell,astrocyte,endothelial cell
Crh,0.1217663,2.5391643,0.9030841068321437,1.0,astrocyte_vs_endothelial cell,astrocyte,endothelial cell
Tmem30b,0.1217663,3.8367167,0.9030841068321437,1.0,astrocyte_vs_endothelial cell,astrocyte,endothelial cell
Jazf1,0.1217663,2.4249794,0.9030841068321437,1.0,astrocyte_vs_endothelial cell,astrocyte,endothelial cell
Ect2,0.1217663,2.3488836,0.9030841068321437,1.0,astrocyte_vs_endothelial cell,astrocyte,endothelial cell
Lck,0.1217663,2.0258276,0.9030841068321437,1.0,astrocyte_vs_endothelial cell,astrocyte,endothelial cell
Kcnmb2,0.1217663,2.2720573,0.9030841068321437,1.0,astrocyte_vs_endothelial cell,astrocyte,endothelial cell
Ccl2,0.1217663,2.2034507,0.9030841068321437,1.0,astrocyte_vs_endothelial cell,astrocyte,endothelial cell
2610020C07Rik,0.1216252,1.7357548,0.9031958550081699,1.0,astrocyte_vs_endothelial cell,astrocyte,endothelial cell
1700028P14Rik,0.1216252,1.3315855,0.9031958550081699,1.0,astrocyte_vs_endothelial cell,astrocyte,endothelial cell
Agbl4,0.1216252,0.4778786,0.9031958550081699,1.0,astrocyte_vs_endothelial cell,astrocyte,endothelial cell
Pdzrn4,0.1216252,1.9629956,0.9031958550081699,1.0,astrocyte_vs_endothelial cell,astrocyte,endothelial cell
Cybb,0.1216252,1.1541189,0.9031958550081699,1.0,astrocyte_vs_endothelial cell,astrocyte,endothelial cell
Dach2,0.1216252,1.4888735,0.9031958550081699,1.0,astrocyte_vs_endothelial cell,astrocyte,endothelial cell
Gnmt,0.1216252,0.35723928,0.9031958550081699,1.0,astrocyte_vs_endothelial cell,astrocyte,endothelial cell
Fcgr3,0.1216252,1.3608729,0.9031958550081699,1.0,astrocyte_vs_endothelial cell,astrocyte,endothelial cell
Melk,0.1216252,1.2996607,0.9031958550081699,1.0,astrocyte_vs_endothelial cell,astrocyte,endothelial cell
Mki67,0.1216252,2.1803756,0.9031958550081699,1.0,astrocyte_vs_endothelial cell,astrocyte,endothelial cell
Pard3b,0.12077862,-0.30907544,0.9038663842596196,1.0,astrocyte_vs_endothelial cell,astrocyte,endothelial cell
Kcnb2,0.11393544,1.1875322,0.9092889717494419,1.0,astrocyte_vs_endothelial cell,astrocyte,endothelial cell
Col25a1,0.11308886,0.9333627,0.9099601063913834,1.0,astrocyte_vs_endothelial cell,astrocyte,endothelial cell
Fcgr1,0.11294776,0.16539013,0.9100719684250351,1.0,astrocyte_vs_endothelial cell,astrocyte,endothelial cell
Wdpcp,0.11266557,-0.608817,0.9102956978382627,1.0,astrocyte_vs_endothelial cell,astrocyte,endothelial cell
Apba1,0.11076077,0.52642107,0.9118060565512541,1.0,astrocyte_vs_endothelial cell,astrocyte,endothelial cell
Nrg2,0.10384704,-0.19331357,0.9172907369643719,1.0,astrocyte_vs_endothelial cell,astrocyte,endothelial cell
Mast2,0.094957955,-0.47197297,0.9243482208591046,1.0,astrocyte_vs_endothelial cell,astrocyte,endothelial cell
Zfp940,0.094746314,-0.113995925,0.9245163310196922,1.0,astrocyte_vs_endothelial cell,astrocyte,endothelial cell
Foxm1,0.09439357,1.9117664,0.92479652210826,1.0,astrocyte_vs_endothelial cell,astrocyte,endothelial cell
Tpx2,0.094252475,2.1100214,0.9249086011578935,1.0,astrocyte_vs_endothelial cell,astrocyte,endothelial cell
Gpr34,0.094111376,1.3023713,0.9250206816980423,1.0,astrocyte_vs_endothelial cell,astrocyte,endothelial cell
Lingo2,0.094111376,1.3368822,0.9250206816980423,1.0,astrocyte_vs_endothelial cell,astrocyte,endothelial cell
Cpne9,0.093970284,1.1241673,0.9251327637264946,1.0,astrocyte_vs_endothelial cell,astrocyte,endothelial cell
Th,0.093970284,0.9735216,0.9251327637264946,1.0,astrocyte_vs_endothelial cell,astrocyte,endothelial cell
Ptpn22,0.093970284,1.2371975,0.9251327637264946,1.0,astrocyte_vs_endothelial cell,astrocyte,endothelial cell
Rttn,0.093970284,0.5713883,0.9251327637264946,1.0,astrocyte_vs_endothelial cell,astrocyte,endothelial cell
Lrfn5,0.093970284,0.9242509,0.9251327637264946,1.0,astrocyte_vs_endothelial cell,astrocyte,endothelial cell
Efhb,0.093970284,0.9281872,0.9251327637264946,1.0,astrocyte_vs_endothelial cell,astrocyte,endothelial cell
1700012B09Rik,0.093829185,0.5883145,0.925244847241039,1.0,astrocyte_vs_endothelial cell,astrocyte,endothelial cell
Ddx11,0.093829185,0.8078658,0.925244847241039,1.0,astrocyte_vs_endothelial cell,astrocyte,endothelial cell
Grm8,0.093829185,-0.40602595,0.925244847241039,1.0,astrocyte_vs_endothelial cell,astrocyte,endothelial cell
Mtap7d3,0.093829185,0.65086275,0.925244847241039,1.0,astrocyte_vs_endothelial cell,astrocyte,endothelial cell
Rev3l,0.093688086,-0.6558564,0.9253569322394635,1.0,astrocyte_vs_endothelial cell,astrocyte,endothelial cell
Tmem163,0.085786685,0.9950674,0.9316359921400877,1.0,astrocyte_vs_endothelial cell,astrocyte,endothelial cell
Inadl,0.085786685,-0.22107008,0.9316359921400877,1.0,astrocyte_vs_endothelial cell,astrocyte,endothelial cell
Frmd5,0.085504495,0.19601795,0.9318603253372044,1.0,astrocyte_vs_endothelial cell,astrocyte,endothelial cell
Pcsk5,0.085363396,-0.016544724,0.9319724939667274,1.0,astrocyte_vs_endothelial cell,astrocyte,endothelial cell
Ankrd28,0.08479901,-0.60878795,0.9324211819728574,1.0,astrocyte_vs_endothelial cell,astrocyte,endothelial cell
Eda,0.07746199,0.24930722,0.938256028552547,1.0,astrocyte_vs_endothelial cell,astrocyte,endothelial cell
Iqcg,0.07590993,-0.41270962,0.9394907586057093,1.0,astrocyte_vs_endothelial cell,astrocyte,endothelial cell
Ccdc146,0.07534554,-1.0825176,0.9399397875774228,1.0,astrocyte_vs_endothelial cell,astrocyte,endothelial cell
Tll1,0.07471061,18.982452,0.9404449679878921,1.0,astrocyte_vs_endothelial cell,astrocyte,endothelial cell
Pcdhga9,0.07471061,20.475044,0.9404449679878921,1.0,astrocyte_vs_endothelial cell,astrocyte,endothelial cell
Cerkl,0.07471061,18.818481,0.9404449679878921,1.0,astrocyte_vs_endothelial cell,astrocyte,endothelial cell
Hipk4,0.07471061,19.850124,0.9404449679878921,1.0,astrocyte_vs_endothelial cell,astrocyte,endothelial cell
Hp,0.07471061,19.5235,0.9404449679878921,1.0,astrocyte_vs_endothelial cell,astrocyte,endothelial cell
Hmmr,0.07471061,20.281513,0.9404449679878921,1.0,astrocyte_vs_endothelial cell,astrocyte,endothelial cell
Cenpi,0.07471061,20.93752,0.9404449679878921,1.0,astrocyte_vs_endothelial cell,astrocyte,endothelial cell
Kirrel,0.07471061,21.138296,0.9404449679878921,1.0,astrocyte_vs_endothelial cell,astrocyte,endothelial cell
Ccdc153,0.07471061,20.659962,0.9404449679878921,1.0,astrocyte_vs_endothelial cell,astrocyte,endothelial cell
Cenpe,0.07471061,21.815405,0.9404449679878921,1.0,astrocyte_vs_endothelial cell,astrocyte,endothelial cell
H2-Q1,0.07471061,20.92909,0.9404449679878921,1.0,astrocyte_vs_endothelial cell,astrocyte,endothelial cell
Plau,0.07471061,20.377548,0.9404449679878921,1.0,astrocyte_vs_endothelial cell,astrocyte,endothelial cell
Cdh26,0.07471061,18.636692,0.9404449679878921,1.0,astrocyte_vs_endothelial cell,astrocyte,endothelial cell
Gja6,0.07471061,20.102161,0.9404449679878921,1.0,astrocyte_vs_endothelial cell,astrocyte,endothelial cell
Masp1,0.07471061,20.147448,0.9404449679878921,1.0,astrocyte_vs_endothelial cell,astrocyte,endothelial cell
Cd300a,0.07471061,20.728516,0.9404449679878921,1.0,astrocyte_vs_endothelial cell,astrocyte,endothelial cell
Cd52,0.07471061,19.818398,0.9404449679878921,1.0,astrocyte_vs_endothelial cell,astrocyte,endothelial cell
Cd74,0.07471061,19.776281,0.9404449679878921,1.0,astrocyte_vs_endothelial cell,astrocyte,endothelial cell
Gata3,0.07471061,18.955235,0.9404449679878921,1.0,astrocyte_vs_endothelial cell,astrocyte,endothelial cell
Depdc1b,0.07471061,19.935799,0.9404449679878921,1.0,astrocyte_vs_endothelial cell,astrocyte,endothelial cell
AU019990,0.07471061,21.393686,0.9404449679878921,1.0,astrocyte_vs_endothelial cell,astrocyte,endothelial cell
Spata18,0.07471061,18.621151,0.9404449679878921,1.0,astrocyte_vs_endothelial cell,astrocyte,endothelial cell
Cdca3,0.07471061,21.016706,0.9404449679878921,1.0,astrocyte_vs_endothelial cell,astrocyte,endothelial cell
Ccr1,0.07471061,20.047161,0.9404449679878921,1.0,astrocyte_vs_endothelial cell,astrocyte,endothelial cell
Tfap2a,0.07471061,20.180298,0.9404449679878921,1.0,astrocyte_vs_endothelial cell,astrocyte,endothelial cell
Dusp5,0.07471061,20.698092,0.9404449679878921,1.0,astrocyte_vs_endothelial cell,astrocyte,endothelial cell
Hist1h3h,0.07471061,21.124628,0.9404449679878921,1.0,astrocyte_vs_endothelial cell,astrocyte,endothelial cell
Tacstd2,0.07471061,20.366917,0.9404449679878921,1.0,astrocyte_vs_endothelial cell,astrocyte,endothelial cell
Ch25h,0.07471061,20.180298,0.9404449679878921,1.0,astrocyte_vs_endothelial cell,astrocyte,endothelial cell
Tac2,0.07471061,20.034973,0.9404449679878921,1.0,astrocyte_vs_endothelial cell,astrocyte,endothelial cell
Pbk,0.07471061,20.766733,0.9404449679878921,1.0,astrocyte_vs_endothelial cell,astrocyte,endothelial cell
Myo1a,0.07471061,21.060814,0.9404449679878921,1.0,astrocyte_vs_endothelial cell,astrocyte,endothelial cell
Kif4,0.07471061,20.281513,0.9404449679878921,1.0,astrocyte_vs_endothelial cell,astrocyte,endothelial cell
Edar,0.07471061,19.891624,0.9404449679878921,1.0,astrocyte_vs_endothelial cell,astrocyte,endothelial cell
Aurkb,0.07471061,20.766733,0.9404449679878921,1.0,astrocyte_vs_endothelial cell,astrocyte,endothelial cell
Cntn3,0.07471061,20.681618,0.9404449679878921,1.0,astrocyte_vs_endothelial cell,astrocyte,endothelial cell
Slc8a1,0.07471061,20.844566,0.9404449679878921,1.0,astrocyte_vs_endothelial cell,astrocyte,endothelial cell
Il31ra,0.07471061,20.475044,0.9404449679878921,1.0,astrocyte_vs_endothelial cell,astrocyte,endothelial cell
Myt1,0.07471061,20.093437,0.9404449679878921,1.0,astrocyte_vs_endothelial cell,astrocyte,endothelial cell
Il2ra,0.07471061,20.381435,0.9404449679878921,1.0,astrocyte_vs_endothelial cell,astrocyte,endothelial cell
Bmp6,0.07471061,19.329311,0.9404449679878921,1.0,astrocyte_vs_endothelial cell,astrocyte,endothelial cell
Bub1b,0.07471061,21.016706,0.9404449679878921,1.0,astrocyte_vs_endothelial cell,astrocyte,endothelial cell
E2f8,0.07471061,20.766733,0.9404449679878921,1.0,astrocyte_vs_endothelial cell,astrocyte,endothelial cell
Ebf3,0.07471061,20.574408,0.9404449679878921,1.0,astrocyte_vs_endothelial cell,astrocyte,endothelial cell
Magee2,0.07471061,19.117907,0.9404449679878921,1.0,astrocyte_vs_endothelial cell,astrocyte,endothelial cell
P2ry6,0.07471061,20.859034,0.9404449679878921,1.0,astrocyte_vs_endothelial cell,astrocyte,endothelial cell
Armc4,0.07471061,19.329311,0.9404449679878921,1.0,astrocyte_vs_endothelial cell,astrocyte,endothelial cell
Sele,0.07471061,20.927994,0.9404449679878921,1.0,astrocyte_vs_endothelial cell,astrocyte,endothelial cell
Lhx1,0.07471061,20.352072,0.9404449679878921,1.0,astrocyte_vs_endothelial cell,astrocyte,endothelial cell
Aff2,0.07471061,21.071775,0.9404449679878921,1.0,astrocyte_vs_endothelial cell,astrocyte,endothelial cell
S100a9,0.07471061,23.03786,0.9404449679878921,1.0,astrocyte_vs_endothelial cell,astrocyte,endothelial cell
Ly6c2,0.07471061,19.206007,0.9404449679878921,1.0,astrocyte_vs_endothelial cell,astrocyte,endothelial cell
Slc18a2,0.07471061,20.243568,0.9404449679878921,1.0,astrocyte_vs_endothelial cell,astrocyte,endothelial cell
Kif14,0.07471061,20.281513,0.9404449679878921,1.0,astrocyte_vs_endothelial cell,astrocyte,endothelial cell
Esrrb,0.07471061,19.257866,0.9404449679878921,1.0,astrocyte_vs_endothelial cell,astrocyte,endothelial cell
1700109H08Rik,0.07471061,20.728516,0.9404449679878921,1.0,astrocyte_vs_endothelial cell,astrocyte,endothelial cell
Zmat4,0.07471061,20.774511,0.9404449679878921,1.0,astrocyte_vs_endothelial cell,astrocyte,endothelial cell
Esco2,0.07471061,21.430092,0.9404449679878921,1.0,astrocyte_vs_endothelial cell,astrocyte,endothelial cell
Ak7,0.07471061,19.88105,0.9404449679878921,1.0,astrocyte_vs_endothelial cell,astrocyte,endothelial cell
Oxnad1,0.07224142,-0.59240294,0.9424097844292562,1.0,astrocyte_vs_endothelial cell,astrocyte,endothelial cell
Zfp28,0.06814962,-0.039662883,0.945666531907376,1.0,astrocyte_vs_endothelial cell,astrocyte,endothelial cell
Hs3st4,0.06645646,1.0001603,0.9470144203375559,1.0,astrocyte_vs_endothelial cell,astrocyte,endothelial cell
Zmynd12,0.06617427,0.4684857,0.9472390832593012,1.0,astrocyte_vs_endothelial cell,astrocyte,endothelial cell
Adarb2,0.06603317,0.21923006,0.9473514162945532,1.0,astrocyte_vs_endothelial cell,astrocyte,endothelial cell
Pcdh15,0.06603317,-0.18094012,0.9473514162945532,1.0,astrocyte_vs_endothelial cell,astrocyte,endothelial cell
Rps6ka5,0.06575098,-0.83529234,0.9475760855026828,1.0,astrocyte_vs_endothelial cell,astrocyte,endothelial cell
Tcf7l1,0.05869615,-0.8038286,0.9531941241873322,1.0,astrocyte_vs_endothelial cell,astrocyte,endothelial cell
Zfp532,0.058202315,-0.49367657,0.9535874772715957,1.0,astrocyte_vs_endothelial cell,astrocyte,endothelial cell
March3,0.05763793,-0.3340332,0.9540370374922584,1.0,astrocyte_vs_endothelial cell,astrocyte,endothelial cell
Ano4,0.05721464,-0.39561927,0.9543742172628572,1.0,astrocyte_vs_endothelial cell,astrocyte,endothelial cell
Scn4b,0.05721464,-0.054158974,0.9543742172628572,1.0,astrocyte_vs_endothelial cell,astrocyte,endothelial cell
Ptar1,0.05721464,-0.80919784,0.9543742172628572,1.0,astrocyte_vs_endothelial cell,astrocyte,endothelial cell
Nos1,0.05707354,-0.8692862,0.9544866123373726,1.0,astrocyte_vs_endothelial cell,astrocyte,endothelial cell
Dph5,0.050371457,-0.49908987,0.9598263811163152,1.0,astrocyte_vs_endothelial cell,astrocyte,endothelial cell
Sik2,0.05023036,0.36807486,0.9599388175185429,1.0,astrocyte_vs_endothelial cell,astrocyte,endothelial cell
Cadps,0.049665976,0.25394818,0.9603885710738914,1.0,astrocyte_vs_endothelial cell,astrocyte,endothelial cell
Fat4,0.047972817,-0.47535142,0.9617379068109926,1.0,astrocyte_vs_endothelial cell,astrocyte,endothelial cell
Aff3,0.04783172,-0.63295877,0.9618503564564307,1.0,astrocyte_vs_endothelial cell,astrocyte,endothelial cell
Oxt,0.047126237,1.5813113,0.9624126160226407,1.0,astrocyte_vs_endothelial cell,astrocyte,endothelial cell
Cenpf,0.047126237,2.279568,0.9624126160226407,1.0,astrocyte_vs_endothelial cell,astrocyte,endothelial cell
Mab21l1,0.047126237,1.9703845,0.9624126160226407,1.0,astrocyte_vs_endothelial cell,astrocyte,endothelial cell
Cort,0.047126237,1.9593331,0.9624126160226407,1.0,astrocyte_vs_endothelial cell,astrocyte,endothelial cell
Sult6b1,0.047126237,1.6905656,0.9624126160226407,1.0,astrocyte_vs_endothelial cell,astrocyte,endothelial cell
Dcx,0.047126237,1.5935307,0.9624126160226407,1.0,astrocyte_vs_endothelial cell,astrocyte,endothelial cell
Crhbp,0.047126237,1.7837096,0.9624126160226407,1.0,astrocyte_vs_endothelial cell,astrocyte,endothelial cell
S100a8,0.047126237,3.4841578,0.9624126160226407,1.0,astrocyte_vs_endothelial cell,astrocyte,endothelial cell
Cited1,0.047126237,1.4541305,0.9624126160226407,1.0,astrocyte_vs_endothelial cell,astrocyte,endothelial cell
Hba-a2,0.046985142,-0.65325415,0.9625250701880508,1.0,astrocyte_vs_endothelial cell,astrocyte,endothelial cell
Ccnb1,0.046985142,-0.10608535,0.9625250701880508,1.0,astrocyte_vs_endothelial cell,astrocyte,endothelial cell
Megf11,0.046985142,0.745045,0.9625250701880508,1.0,astrocyte_vs_endothelial cell,astrocyte,endothelial cell
Cenpk,0.046985142,1.2434694,0.9625250701880508,1.0,astrocyte_vs_endothelial cell,astrocyte,endothelial cell
Cd14,0.046985142,0.38008583,0.9625250701880508,1.0,astrocyte_vs_endothelial cell,astrocyte,endothelial cell
Cdrt4,0.046985142,-0.46042886,0.9625250701880508,1.0,astrocyte_vs_endothelial cell,astrocyte,endothelial cell
Hcn1,0.046985142,1.0101105,0.9625250701880508,1.0,astrocyte_vs_endothelial cell,astrocyte,endothelial cell
Cdh8,0.046985142,0.9754818,0.9625250701880508,1.0,astrocyte_vs_endothelial cell,astrocyte,endothelial cell
Mctp1,0.046985142,1.3991358,0.9625250701880508,1.0,astrocyte_vs_endothelial cell,astrocyte,endothelial cell
Gal,0.046985142,0.309754,0.9625250701880508,1.0,astrocyte_vs_endothelial cell,astrocyte,endothelial cell
Gm10069,0.046985142,0.86848104,0.9625250701880508,1.0,astrocyte_vs_endothelial cell,astrocyte,endothelial cell
Sema3d,0.046985142,0.8076205,0.9625250701880508,1.0,astrocyte_vs_endothelial cell,astrocyte,endothelial cell
Ttn,0.046985142,-0.15245304,0.9625250701880508,1.0,astrocyte_vs_endothelial cell,astrocyte,endothelial cell
Myh13,0.046985142,-0.48213437,0.9625250701880508,1.0,astrocyte_vs_endothelial cell,astrocyte,endothelial cell
Cenpp,0.046985142,1.03347,0.9625250701880508,1.0,astrocyte_vs_endothelial cell,astrocyte,endothelial cell
Wdr63,0.046985142,-0.664743,0.9625250701880508,1.0,astrocyte_vs_endothelial cell,astrocyte,endothelial cell
Iqca,0.046985142,0.5377444,0.9625250701880508,1.0,astrocyte_vs_endothelial cell,astrocyte,endothelial cell
Tbxas1,0.046985142,1.4146829,0.9625250701880508,1.0,astrocyte_vs_endothelial cell,astrocyte,endothelial cell
Iqgap3,0.046985142,-0.73148054,0.9625250701880508,1.0,astrocyte_vs_endothelial cell,astrocyte,endothelial cell
Ltbp2,0.046985142,1.0519427,0.9625250701880508,1.0,astrocyte_vs_endothelial cell,astrocyte,endothelial cell
Atp8a2,0.046985142,0.72829354,0.9625250701880508,1.0,astrocyte_vs_endothelial cell,astrocyte,endothelial cell
Fanci,0.046985142,1.1870857,0.9625250701880508,1.0,astrocyte_vs_endothelial cell,astrocyte,endothelial cell
Kif20b,0.046985142,1.2299707,0.9625250701880508,1.0,astrocyte_vs_endothelial cell,astrocyte,endothelial cell
Col19a1,0.046985142,0.57621604,0.9625250701880508,1.0,astrocyte_vs_endothelial cell,astrocyte,endothelial cell
Zpbp2,0.046985142,-0.9077039,0.9625250701880508,1.0,astrocyte_vs_endothelial cell,astrocyte,endothelial cell
A930011G23Rik,0.046985142,0.7697321,0.9625250701880508,1.0,astrocyte_vs_endothelial cell,astrocyte,endothelial cell
Dlgap5,0.046985142,0.63264424,0.9625250701880508,1.0,astrocyte_vs_endothelial cell,astrocyte,endothelial cell
Zfp804a,0.046985142,0.5357105,0.9625250701880508,1.0,astrocyte_vs_endothelial cell,astrocyte,endothelial cell
Smpd4,0.045291983,-0.53818816,0.963874577683886,1.0,astrocyte_vs_endothelial cell,astrocyte,endothelial cell
Chd7,0.04381047,-0.75094336,0.9650554817712684,1.0,astrocyte_vs_endothelial cell,astrocyte,endothelial cell
Unc5d,0.038660448,0.19832042,0.9691611090377389,1.0,astrocyte_vs_endothelial cell,astrocyte,endothelial cell
Kcnip4,0.03851935,-0.3193599,0.9692736039784164,1.0,astrocyte_vs_endothelial cell,astrocyte,endothelial cell
Mmp24,0.038378254,-0.023029033,0.9693860995304997,1.0,astrocyte_vs_endothelial cell,astrocyte,endothelial cell
Ranbp17,0.03823716,-0.698182,0.9694985956917522,1.0,astrocyte_vs_endothelial cell,astrocyte,endothelial cell
Cpne4,0.030194655,-0.24596827,0.9759118111239498,1.0,astrocyte_vs_endothelial cell,astrocyte,endothelial cell
Gad1,0.029771365,0.04099701,0.9762493955500972,1.0,astrocyte_vs_endothelial cell,astrocyte,endothelial cell
Gjb1,0.029771365,-0.5613081,0.9762493955500972,1.0,astrocyte_vs_endothelial cell,astrocyte,endothelial cell
Hook1,0.029489173,-0.47220474,0.9764744542013896,1.0,astrocyte_vs_endothelial cell,astrocyte,endothelial cell
Pid1,0.029277528,-0.17339797,0.9766432494199055,1.0,astrocyte_vs_endothelial cell,astrocyte,endothelial cell
Wwox,0.025750116,-1.3935683,0.979456651237748,1.0,astrocyte_vs_endothelial cell,astrocyte,endothelial cell
S100a4,0.022716539,0.13708028,0.981876382500824,1.0,astrocyte_vs_endothelial cell,astrocyte,endothelial cell
Pacs2,0.01989461,-0.38283634,0.9841274454780845,1.0,astrocyte_vs_endothelial cell,astrocyte,endothelial cell
Fcrls,0.019541867,0.9716278,0.9844088376038825,1.0,astrocyte_vs_endothelial cell,astrocyte,endothelial cell
Ly6g6e,0.019541867,1.2600101,0.9844088376038825,1.0,astrocyte_vs_endothelial cell,astrocyte,endothelial cell
Shank2,0.01947132,-1.5953871,0.9844651162629268,1.0,astrocyte_vs_endothelial cell,astrocyte,endothelial cell
Mms22l,0.019400772,0.04807009,0.9845213949992793,1.0,astrocyte_vs_endothelial cell,astrocyte,endothelial cell
Nxph1,0.019400772,-0.20577924,0.9845213949992793,1.0,astrocyte_vs_endothelial cell,astrocyte,endothelial cell
Ccna2,0.019400772,0.5902587,0.9845213949992793,1.0,astrocyte_vs_endothelial cell,astrocyte,endothelial cell
Adamtsl3,0.019259674,0.13281322,0.984633952702789,1.0,astrocyte_vs_endothelial cell,astrocyte,endothelial cell
Kif18a,0.019259674,-0.7401325,0.984633952702789,1.0,astrocyte_vs_endothelial cell,astrocyte,endothelial cell
Gm7854,0.019259674,-0.65329176,0.984633952702789,1.0,astrocyte_vs_endothelial cell,astrocyte,endothelial cell
Ptprn2,0.019259674,-0.88090783,0.984633952702789,1.0,astrocyte_vs_endothelial cell,astrocyte,endothelial cell
Ccdc67,0.019259674,-0.4895777,0.984633952702789,1.0,astrocyte_vs_endothelial cell,astrocyte,endothelial cell
Rsph4a,0.019259674,-0.8101974,0.984633952702789,1.0,astrocyte_vs_endothelial cell,astrocyte,endothelial cell
Adamts17,0.019259674,0.076162755,0.984633952702789,1.0,astrocyte_vs_endothelial cell,astrocyte,endothelial cell
Ifitm6,0.019259674,-1.3900362,0.984633952702789,1.0,astrocyte_vs_endothelial cell,astrocyte,endothelial cell
Trhde,0.019259674,-0.6027326,0.984633952702789,1.0,astrocyte_vs_endothelial cell,astrocyte,endothelial cell
Tph2,0.019259674,-0.6022361,0.984633952702789,1.0,astrocyte_vs_endothelial cell,astrocyte,endothelial cell
Hyal1,0.01904803,-0.6041038,0.9848027898308652,1.0,astrocyte_vs_endothelial cell,astrocyte,endothelial cell
Fut8,0.016931582,-0.37594768,0.986491197300153,1.0,astrocyte_vs_endothelial cell,astrocyte,endothelial cell
Orc6,0.016367197,-0.42095634,0.9869414498227029,1.0,astrocyte_vs_endothelial cell,astrocyte,endothelial cell
Tsku,0.011428818,0.43457726,0.9908813210095362,1.0,astrocyte_vs_endothelial cell,astrocyte,endothelial cell
March1,0.011287722,0.3452116,0.9909938924823535,1.0,astrocyte_vs_endothelial cell,astrocyte,endothelial cell
Enkur,0.011287722,0.22791898,0.9909938924823535,1.0,astrocyte_vs_endothelial cell,astrocyte,endothelial cell
Zfp608,0.011005528,-0.70152104,0.9912190359636112,1.0,astrocyte_vs_endothelial cell,astrocyte,endothelial cell
Opn1sw,0.010723336,-0.65996474,0.9914441801440944,1.0,astrocyte_vs_endothelial cell,astrocyte,endothelial cell
Fcer1g,0.010723336,-0.57791847,0.9914441801440944,1.0,astrocyte_vs_endothelial cell,astrocyte,endothelial cell
Calb2,0.010582239,0.6690682,0.9915567524909434,1.0,astrocyte_vs_endothelial cell,astrocyte,endothelial cell
Zfp385b,0.010441142,-0.61455023,0.9916693250058763,1.0,astrocyte_vs_endothelial cell,astrocyte,endothelial cell
Spag8,0.010441142,-0.9634483,0.9916693250058763,1.0,astrocyte_vs_endothelial cell,astrocyte,endothelial cell
Macrod2,0.006278795,-0.33584931,0.9949902792276191,1.0,astrocyte_vs_endothelial cell,astrocyte,endothelial cell
Rprm,0.0028924786,-0.13050526,0.9976921391591181,1.0,astrocyte_vs_endothelial cell,astrocyte,endothelial cell
Racgap1,0.0023280925,0.59837085,0.99814245255735,1.0,astrocyte_vs_endothelial cell,astrocyte,endothelial cell
Dscam,0.0021869962,-0.25624028,0.9982550310049622,1.0,astrocyte_vs_endothelial cell,astrocyte,endothelial cell
Zbtb7c,0.0014815135,-1.2569268,0.9988179237192856,1.0,astrocyte_vs_endothelial cell,astrocyte,endothelial cell
Sgcz,0.0,0.0,1.0,1.0,astrocyte_vs_endothelial cell,astrocyte,endothelial cell
Dock2,0.0,0.0,1.0,1.0,astrocyte_vs_endothelial cell,astrocyte,endothelial cell
Cd160,0.0,0.0,1.0,1.0,astrocyte_vs_endothelial cell,astrocyte,endothelial cell
Cd163l1,0.0,0.0,1.0,1.0,astrocyte_vs_endothelial cell,astrocyte,endothelial cell
Gm15987,0.0,0.0,1.0,1.0,astrocyte_vs_endothelial cell,astrocyte,endothelial cell
Spata22,0.0,0.0,1.0,1.0,astrocyte_vs_endothelial cell,astrocyte,endothelial cell
Gm6994,0.0,0.0,1.0,1.0,astrocyte_vs_endothelial cell,astrocyte,endothelial cell
Cd209a,0.0,0.0,1.0,1.0,astrocyte_vs_endothelial cell,astrocyte,endothelial cell
Spata20,0.0,0.0,1.0,1.0,astrocyte_vs_endothelial cell,astrocyte,endothelial cell
Gm4952,0.0,0.0,1.0,1.0,astrocyte_vs_endothelial cell,astrocyte,endothelial cell
Gm5087,0.0,0.0,1.0,1.0,astrocyte_vs_endothelial cell,astrocyte,endothelial cell
Ppp1r17,0.0,0.0,1.0,1.0,astrocyte_vs_endothelial cell,astrocyte,endothelial cell
Prdm13,0.0,0.0,1.0,1.0,astrocyte_vs_endothelial cell,astrocyte,endothelial cell
Prg4,0.0,0.0,1.0,1.0,astrocyte_vs_endothelial cell,astrocyte,endothelial cell
Gpr84,0.0,0.0,1.0,1.0,astrocyte_vs_endothelial cell,astrocyte,endothelial cell
Cd226,0.0,0.0,1.0,1.0,astrocyte_vs_endothelial cell,astrocyte,endothelial cell
Fam110c,0.0,0.0,1.0,1.0,astrocyte_vs_endothelial cell,astrocyte,endothelial cell
Klf12,0.0,0.0,1.0,1.0,astrocyte_vs_endothelial cell,astrocyte,endothelial cell
Nhlh2,0.0,0.0,1.0,1.0,astrocyte_vs_endothelial cell,astrocyte,endothelial cell
Lhx4,0.0,0.0,1.0,1.0,astrocyte_vs_endothelial cell,astrocyte,endothelial cell
Drd2,0.0,0.0,1.0,1.0,astrocyte_vs_endothelial cell,astrocyte,endothelial cell
Cubn,0.0,0.0,1.0,1.0,astrocyte_vs_endothelial cell,astrocyte,endothelial cell
Sh2d2a,0.0,0.0,1.0,1.0,astrocyte_vs_endothelial cell,astrocyte,endothelial cell
4933427E11Rik,0.0,0.0,1.0,1.0,astrocyte_vs_endothelial cell,astrocyte,endothelial cell
Gm4070,0.0,0.0,1.0,1.0,astrocyte_vs_endothelial cell,astrocyte,endothelial cell
Arg1,0.0,0.0,1.0,1.0,astrocyte_vs_endothelial cell,astrocyte,endothelial cell
Nr1i2,0.0,0.0,1.0,1.0,astrocyte_vs_endothelial cell,astrocyte,endothelial cell
Trdn,0.0,0.0,1.0,1.0,astrocyte_vs_endothelial cell,astrocyte,endothelial cell
Treml4,0.0,0.0,1.0,1.0,astrocyte_vs_endothelial cell,astrocyte,endothelial cell
Kcnh6,0.0,0.0,1.0,1.0,astrocyte_vs_endothelial cell,astrocyte,endothelial cell
Slc5a7,0.0,0.0,1.0,1.0,astrocyte_vs_endothelial cell,astrocyte,endothelial cell
Asmt,0.0,0.0,1.0,1.0,astrocyte_vs_endothelial cell,astrocyte,endothelial cell
Kcnh5,0.0,0.0,1.0,1.0,astrocyte_vs_endothelial cell,astrocyte,endothelial cell
Ly6d,0.0,0.0,1.0,1.0,astrocyte_vs_endothelial cell,astrocyte,endothelial cell
Csf2rb,0.0,0.0,1.0,1.0,astrocyte_vs_endothelial cell,astrocyte,endothelial cell
Ctla4,0.0,0.0,1.0,1.0,astrocyte_vs_endothelial cell,astrocyte,endothelial cell
Siglech,0.0,0.0,1.0,1.0,astrocyte_vs_endothelial cell,astrocyte,endothelial cell
Skor1,0.0,0.0,1.0,1.0,astrocyte_vs_endothelial cell,astrocyte,endothelial cell
Slamf8,0.0,0.0,1.0,1.0,astrocyte_vs_endothelial cell,astrocyte,endothelial cell
Slc17a8,0.0,0.0,1.0,1.0,astrocyte_vs_endothelial cell,astrocyte,endothelial cell
Rufy4,0.0,0.0,1.0,1.0,astrocyte_vs_endothelial cell,astrocyte,endothelial cell
Kcnj6,0.0,0.0,1.0,1.0,astrocyte_vs_endothelial cell,astrocyte,endothelial cell
Aspm,0.0,0.0,1.0,1.0,astrocyte_vs_endothelial cell,astrocyte,endothelial cell
Tnnc2,0.0,0.0,1.0,1.0,astrocyte_vs_endothelial cell,astrocyte,endothelial cell
Atp6v0d2,0.0,0.0,1.0,1.0,astrocyte_vs_endothelial cell,astrocyte,endothelial cell
Itga2,0.0,0.0,1.0,1.0,astrocyte_vs_endothelial cell,astrocyte,endothelial cell
Itgal,0.0,0.0,1.0,1.0,astrocyte_vs_endothelial cell,astrocyte,endothelial cell
Itgam,0.0,0.0,1.0,1.0,astrocyte_vs_endothelial cell,astrocyte,endothelial cell
Itgb2,0.0,0.0,1.0,1.0,astrocyte_vs_endothelial cell,astrocyte,endothelial cell
Tmem132d,0.0,0.0,1.0,1.0,astrocyte_vs_endothelial cell,astrocyte,endothelial cell
Blnk,0.0,0.0,1.0,1.0,astrocyte_vs_endothelial cell,astrocyte,endothelial cell
Tfec,0.0,0.0,1.0,1.0,astrocyte_vs_endothelial cell,astrocyte,endothelial cell
Tgm5,0.0,0.0,1.0,1.0,astrocyte_vs_endothelial cell,astrocyte,endothelial cell
Cntnap3,0.0,0.0,1.0,1.0,astrocyte_vs_endothelial cell,astrocyte,endothelial cell
Cntnap5c,0.0,0.0,1.0,1.0,astrocyte_vs_endothelial cell,astrocyte,endothelial cell
Epha6,0.0,0.0,1.0,1.0,astrocyte_vs_endothelial cell,astrocyte,endothelial cell
Lmod3,0.0,0.0,1.0,1.0,astrocyte_vs_endothelial cell,astrocyte,endothelial cell
Fbxl13,0.0,0.0,1.0,1.0,astrocyte_vs_endothelial cell,astrocyte,endothelial cell
Fanca,0.0,0.0,1.0,1.0,astrocyte_vs_endothelial cell,astrocyte,endothelial cell
F13a1,0.0,0.0,1.0,1.0,astrocyte_vs_endothelial cell,astrocyte,endothelial cell
Fbxl7,0.0,0.0,1.0,1.0,astrocyte_vs_endothelial cell,astrocyte,endothelial cell
Rpe65,0.0,0.0,1.0,1.0,astrocyte_vs_endothelial cell,astrocyte,endothelial cell
Neurod4,0.0,0.0,1.0,1.0,astrocyte_vs_endothelial cell,astrocyte,endothelial cell
Ldoc1,0.0,0.0,1.0,1.0,astrocyte_vs_endothelial cell,astrocyte,endothelial cell
Crtam,0.0,0.0,1.0,1.0,astrocyte_vs_endothelial cell,astrocyte,endothelial cell
Inmt,0.0,0.0,1.0,1.0,astrocyte_vs_endothelial cell,astrocyte,endothelial cell
Il10ra,0.0,0.0,1.0,1.0,astrocyte_vs_endothelial cell,astrocyte,endothelial cell
Il17f,0.0,0.0,1.0,1.0,astrocyte_vs_endothelial cell,astrocyte,endothelial cell
Il18r1,0.0,0.0,1.0,1.0,astrocyte_vs_endothelial cell,astrocyte,endothelial cell
Cxcr3,0.0,0.0,1.0,1.0,astrocyte_vs_endothelial cell,astrocyte,endothelial cell
Cxcr6,0.0,0.0,1.0,1.0,astrocyte_vs_endothelial cell,astrocyte,endothelial cell
Cyp24a1,0.0,0.0,1.0,1.0,astrocyte_vs_endothelial cell,astrocyte,endothelial cell
Rhbg,0.0,0.0,1.0,1.0,astrocyte_vs_endothelial cell,astrocyte,endothelial cell
Cyp2e1,0.0,0.0,1.0,1.0,astrocyte_vs_endothelial cell,astrocyte,endothelial cell
Cyp2j8,0.0,0.0,1.0,1.0,astrocyte_vs_endothelial cell,astrocyte,endothelial cell
Ltbp4,0.0,0.0,1.0,1.0,astrocyte_vs_endothelial cell,astrocyte,endothelial cell
Eda2r,0.0,0.0,1.0,1.0,astrocyte_vs_endothelial cell,astrocyte,endothelial cell
Il1rapl2,0.0,0.0,1.0,1.0,astrocyte_vs_endothelial cell,astrocyte,endothelial cell
BC039966,0.0,0.0,1.0,1.0,astrocyte_vs_endothelial cell,astrocyte,endothelial cell
Hus1b,0.0,0.0,1.0,1.0,astrocyte_vs_endothelial cell,astrocyte,endothelial cell
Ltf,0.0,0.0,1.0,1.0,astrocyte_vs_endothelial cell,astrocyte,endothelial cell
Il20rb,0.0,0.0,1.0,1.0,astrocyte_vs_endothelial cell,astrocyte,endothelial cell
Tdrd1,0.0,0.0,1.0,1.0,astrocyte_vs_endothelial cell,astrocyte,endothelial cell
Ano5,0.0,0.0,1.0,1.0,astrocyte_vs_endothelial cell,astrocyte,endothelial cell
Trh,0.0,0.0,1.0,1.0,astrocyte_vs_endothelial cell,astrocyte,endothelial cell
Nt5c1a,0.0,0.0,1.0,1.0,astrocyte_vs_endothelial cell,astrocyte,endothelial cell
Kif11,0.0,0.0,1.0,1.0,astrocyte_vs_endothelial cell,astrocyte,endothelial cell
9330111N05Rik,0.0,0.0,1.0,1.0,astrocyte_vs_endothelial cell,astrocyte,endothelial cell
Dmc1,0.0,0.0,1.0,1.0,astrocyte_vs_endothelial cell,astrocyte,endothelial cell
Crabp1,0.0,0.0,1.0,1.0,astrocyte_vs_endothelial cell,astrocyte,endothelial cell
Cpa6,0.0,0.0,1.0,1.0,astrocyte_vs_endothelial cell,astrocyte,endothelial cell
Slc25a31,0.0,0.0,1.0,1.0,astrocyte_vs_endothelial cell,astrocyte,endothelial cell
Kif24,0.0,0.0,1.0,1.0,astrocyte_vs_endothelial cell,astrocyte,endothelial cell
Pzp,0.0,0.0,1.0,1.0,astrocyte_vs_endothelial cell,astrocyte,endothelial cell
Tead2,0.0,0.0,1.0,1.0,astrocyte_vs_endothelial cell,astrocyte,endothelial cell
Msr1,0.0,0.0,1.0,1.0,astrocyte_vs_endothelial cell,astrocyte,endothelial cell
Lrp2,0.0,0.0,1.0,1.0,astrocyte_vs_endothelial cell,astrocyte,endothelial cell
Siglec1,0.0,0.0,1.0,1.0,astrocyte_vs_endothelial cell,astrocyte,endothelial cell
Slc1a7,0.0,0.0,1.0,1.0,astrocyte_vs_endothelial cell,astrocyte,endothelial cell
Slc6a4,0.0,0.0,1.0,1.0,astrocyte_vs_endothelial cell,astrocyte,endothelial cell
Fabp4,0.0,0.0,1.0,1.0,astrocyte_vs_endothelial cell,astrocyte,endothelial cell
Rgs1,0.0,0.0,1.0,1.0,astrocyte_vs_endothelial cell,astrocyte,endothelial cell
Fbxo43,0.0,0.0,1.0,1.0,astrocyte_vs_endothelial cell,astrocyte,endothelial cell
Mrc1,0.0,0.0,1.0,1.0,astrocyte_vs_endothelial cell,astrocyte,endothelial cell
Crb1,0.0,0.0,1.0,1.0,astrocyte_vs_endothelial cell,astrocyte,endothelial cell
Fcna,0.0,0.0,1.0,1.0,astrocyte_vs_endothelial cell,astrocyte,endothelial cell
Fcgr2b,0.0,0.0,1.0,1.0,astrocyte_vs_endothelial cell,astrocyte,endothelial cell
Cytl1,0.0,0.0,1.0,1.0,astrocyte_vs_endothelial cell,astrocyte,endothelial cell
Scn4a,0.0,0.0,1.0,1.0,astrocyte_vs_endothelial cell,astrocyte,endothelial cell
Acss3,0.0,0.0,1.0,1.0,astrocyte_vs_endothelial cell,astrocyte,endothelial cell
Adamts6,0.0,0.0,1.0,1.0,astrocyte_vs_endothelial cell,astrocyte,endothelial cell
Slfn3,0.0,0.0,1.0,1.0,astrocyte_vs_endothelial cell,astrocyte,endothelial cell
Folr2,0.0,0.0,1.0,1.0,astrocyte_vs_endothelial cell,astrocyte,endothelial cell
Tex11,0.0,0.0,1.0,1.0,astrocyte_vs_endothelial cell,astrocyte,endothelial cell
Tex16,0.0,0.0,1.0,1.0,astrocyte_vs_endothelial cell,astrocyte,endothelial cell
Bub1,0.0,0.0,1.0,1.0,astrocyte_vs_endothelial cell,astrocyte,endothelial cell
C5ar1,0.0,0.0,1.0,1.0,astrocyte_vs_endothelial cell,astrocyte,endothelial cell
Cabp2,0.0,0.0,1.0,1.0,astrocyte_vs_endothelial cell,astrocyte,endothelial cell
Alk,0.0,0.0,1.0,1.0,astrocyte_vs_endothelial cell,astrocyte,endothelial cell
Siah3,0.0,0.0,1.0,1.0,astrocyte_vs_endothelial cell,astrocyte,endothelial cell
Cd3g,0.0,0.0,1.0,1.0,astrocyte_vs_endothelial cell,astrocyte,endothelial cell
Als2cr12,0.0,0.0,1.0,1.0,astrocyte_vs_endothelial cell,astrocyte,endothelial cell
Alpk3,0.0,0.0,1.0,1.0,astrocyte_vs_endothelial cell,astrocyte,endothelial cell
Akap14,0.0,0.0,1.0,1.0,astrocyte_vs_endothelial cell,astrocyte,endothelial cell
Myb,0.0,0.0,1.0,1.0,astrocyte_vs_endothelial cell,astrocyte,endothelial cell
Alb,0.0,0.0,1.0,1.0,astrocyte_vs_endothelial cell,astrocyte,endothelial cell
Ttc29,0.0,0.0,1.0,1.0,astrocyte_vs_endothelial cell,astrocyte,endothelial cell
Chst5,0.0,0.0,1.0,1.0,astrocyte_vs_endothelial cell,astrocyte,endothelial cell
Vdr,0.0,0.0,1.0,1.0,astrocyte_vs_endothelial cell,astrocyte,endothelial cell
Ciita,0.0,0.0,1.0,1.0,astrocyte_vs_endothelial cell,astrocyte,endothelial cell
Ect2l,0.0,0.0,1.0,1.0,astrocyte_vs_endothelial cell,astrocyte,endothelial cell
Samd3,0.0,0.0,1.0,1.0,astrocyte_vs_endothelial cell,astrocyte,endothelial cell
Schip1,0.0,0.0,1.0,1.0,astrocyte_vs_endothelial cell,astrocyte,endothelial cell
Hs6st3,0.0,0.0,1.0,1.0,astrocyte_vs_endothelial cell,astrocyte,endothelial cell
Hes3,0.0,0.0,1.0,1.0,astrocyte_vs_endothelial cell,astrocyte,endothelial cell
Pcdha2,0.0,0.0,1.0,1.0,astrocyte_vs_endothelial cell,astrocyte,endothelial cell
Chsy3,0.0,0.0,1.0,1.0,astrocyte_vs_endothelial cell,astrocyte,endothelial cell
Ces1d,0.0,0.0,1.0,1.0,astrocyte_vs_endothelial cell,astrocyte,endothelial cell
Cfi,0.0,0.0,1.0,1.0,astrocyte_vs_endothelial cell,astrocyte,endothelial cell
Chrm2,0.0,0.0,1.0,1.0,astrocyte_vs_endothelial cell,astrocyte,endothelial cell
Ptpn20,0.0,0.0,1.0,1.0,astrocyte_vs_endothelial cell,astrocyte,endothelial cell
Pax2,0.0,0.0,1.0,1.0,astrocyte_vs_endothelial cell,astrocyte,endothelial cell
Ncf1,0.0,0.0,1.0,1.0,astrocyte_vs_endothelial cell,astrocyte,endothelial cell
Ndc80,0.0,0.0,1.0,1.0,astrocyte_vs_endothelial cell,astrocyte,endothelial cell
Ndst4,0.0,0.0,1.0,1.0,astrocyte_vs_endothelial cell,astrocyte,endothelial cell
Lrg1,0.0,0.0,1.0,1.0,astrocyte_vs_endothelial cell,astrocyte,endothelial cell
Lrguk,0.0,0.0,1.0,1.0,astrocyte_vs_endothelial cell,astrocyte,endothelial cell
Ube2u,0.0,0.0,1.0,1.0,astrocyte_vs_endothelial cell,astrocyte,endothelial cell
Mmp9,0.0,0.0,1.0,1.0,astrocyte_vs_endothelial cell,astrocyte,endothelial cell
Xkr7,0.0,0.0,1.0,1.0,astrocyte_vs_endothelial cell,astrocyte,endothelial cell
Zbbx,0.0,0.0,1.0,1.0,astrocyte_vs_endothelial cell,astrocyte,endothelial cell
D930020B18Rik,0.0,0.0,1.0,1.0,astrocyte_vs_endothelial cell,astrocyte,endothelial cell
Ms4a4b,0.0,0.0,1.0,1.0,astrocyte_vs_endothelial cell,astrocyte,endothelial cell
Dct,0.0,0.0,1.0,1.0,astrocyte_vs_endothelial cell,astrocyte,endothelial cell
Cartpt,0.0,0.0,1.0,1.0,astrocyte_vs_endothelial cell,astrocyte,endothelial cell
Steap4,0.0,0.0,1.0,1.0,astrocyte_vs_endothelial cell,astrocyte,endothelial cell
Casc5,0.0,0.0,1.0,1.0,astrocyte_vs_endothelial cell,astrocyte,endothelial cell
Has2,0.0,0.0,1.0,1.0,astrocyte_vs_endothelial cell,astrocyte,endothelial cell
Hmga2,0.0,0.0,1.0,1.0,astrocyte_vs_endothelial cell,astrocyte,endothelial cell
Hs3st5,0.0,0.0,1.0,1.0,astrocyte_vs_endothelial cell,astrocyte,endothelial cell
Ccdc150,0.0,0.0,1.0,1.0,astrocyte_vs_endothelial cell,astrocyte,endothelial cell
Gabrr1,0.0,0.0,1.0,1.0,astrocyte_vs_endothelial cell,astrocyte,endothelial cell
Prokr2,0.0,0.0,1.0,1.0,astrocyte_vs_endothelial cell,astrocyte,endothelial cell
Hcrt,0.0,0.0,1.0,1.0,astrocyte_vs_endothelial cell,astrocyte,endothelial cell
Phox2b,0.0,0.0,1.0,1.0,astrocyte_vs_endothelial cell,astrocyte,endothelial cell
Ccl12,0.0,0.0,1.0,1.0,astrocyte_vs_endothelial cell,astrocyte,endothelial cell
Ccl24,0.0,0.0,1.0,1.0,astrocyte_vs_endothelial cell,astrocyte,endothelial cell
Ccl5,0.0,0.0,1.0,1.0,astrocyte_vs_endothelial cell,astrocyte,endothelial cell
Sox15,0.0,0.0,1.0,1.0,astrocyte_vs_endothelial cell,astrocyte,endothelial cell
Ccl9,0.0,0.0,1.0,1.0,astrocyte_vs_endothelial cell,astrocyte,endothelial cell
Mgl2,0.0,0.0,1.0,1.0,astrocyte_vs_endothelial cell,astrocyte,endothelial cell
Cd86,0.0,0.0,1.0,1.0,astrocyte_vs_endothelial cell,astrocyte,endothelial cell
1700011I03Rik,0.0,0.0,1.0,1.0,astrocyte_vs_endothelial cell,astrocyte,endothelial cell
Gm9999,0.0,0.0,1.0,1.0,astrocyte_vs_endothelial cell,astrocyte,endothelial cell
Gna15,0.0,0.0,1.0,1.0,astrocyte_vs_endothelial cell,astrocyte,endothelial cell
Gnb5,0.0,0.0,1.0,1.0,astrocyte_vs_endothelial cell,astrocyte,endothelial cell
Cd8b1,0.0,0.0,1.0,1.0,astrocyte_vs_endothelial cell,astrocyte,endothelial cell
Gpc2,0.0,0.0,1.0,1.0,astrocyte_vs_endothelial cell,astrocyte,endothelial cell
Polq,0.0,0.0,1.0,1.0,astrocyte_vs_endothelial cell,astrocyte,endothelial cell
Pou2af1,0.0,0.0,1.0,1.0,astrocyte_vs_endothelial cell,astrocyte,endothelial cell
Gm10863,0.0,0.0,1.0,1.0,astrocyte_vs_endothelial cell,astrocyte,endothelial cell
A3galt2,0.0,0.0,1.0,1.0,astrocyte_vs_endothelial cell,astrocyte,endothelial cell
Gm11190,0.0,0.0,1.0,1.0,astrocyte_vs_endothelial cell,astrocyte,endothelial cell
Gm11747,0.0,0.0,1.0,1.0,astrocyte_vs_endothelial cell,astrocyte,endothelial cell
Gm12253,0.0,0.0,1.0,1.0,astrocyte_vs_endothelial cell,astrocyte,endothelial cell
Gm12295,0.0,0.0,1.0,1.0,astrocyte_vs_endothelial cell,astrocyte,endothelial cell
Zfp957,0.0,0.0,1.0,1.0,astrocyte_vs_endothelial cell,astrocyte,endothelial cell
Apon,0.0,0.0,1.0,1.0,astrocyte_vs_endothelial cell,astrocyte,endothelial cell
Kctd16,0.0,0.0,1.0,1.0,astrocyte_vs_endothelial cell,astrocyte,endothelial cell
Nkg7,0.0,0.0,1.0,1.0,astrocyte_vs_endothelial cell,astrocyte,endothelial cell
Kntc1,0.0,0.0,1.0,1.0,astrocyte_vs_endothelial cell,astrocyte,endothelial cell
L3mbtl4,0.0,0.0,1.0,1.0,astrocyte_vs_endothelial cell,astrocyte,endothelial cell
Neb,0.0,0.0,1.0,1.0,astrocyte_vs_endothelial cell,astrocyte,endothelial cell
Neil3,0.0,0.0,1.0,1.0,astrocyte_vs_endothelial cell,astrocyte,endothelial cell
Kif15,0.0,0.0,1.0,1.0,astrocyte_vs_endothelial cell,astrocyte,endothelial cell
Cdhr3,0.0,0.0,1.0,1.0,astrocyte_vs_endothelial cell,astrocyte,endothelial cell
H2-Aa,0.0,0.0,1.0,1.0,astrocyte_vs_endothelial cell,astrocyte,endothelial cell
Pklr,0.0,0.0,1.0,1.0,astrocyte_vs_endothelial cell,astrocyte,endothelial cell
H2-Ab1,0.0,0.0,1.0,1.0,astrocyte_vs_endothelial cell,astrocyte,endothelial cell
Grid2ip,0.0,0.0,1.0,1.0,astrocyte_vs_endothelial cell,astrocyte,endothelial cell
Ccr2,0.0,0.0,1.0,1.0,astrocyte_vs_endothelial cell,astrocyte,endothelial cell
Gm2897,0.0,0.0,1.0,1.0,astrocyte_vs_endothelial cell,astrocyte,endothelial cell
Spn,0.0,0.0,1.0,1.0,astrocyte_vs_endothelial cell,astrocyte,endothelial cell
Cd209f,0.0,0.0,1.0,1.0,astrocyte_vs_endothelial cell,astrocyte,endothelial cell
Cd209g,0.0,0.0,1.0,1.0,astrocyte_vs_endothelial cell,astrocyte,endothelial cell
Ppef2,0.0,0.0,1.0,1.0,astrocyte_vs_endothelial cell,astrocyte,endothelial cell
Gpr137c,0.0,0.0,1.0,1.0,astrocyte_vs_endothelial cell,astrocyte,endothelial cell
Gpr183,0.0,0.0,1.0,1.0,astrocyte_vs_endothelial cell,astrocyte,endothelial cell
Cdh18,0.0,0.0,1.0,1.0,astrocyte_vs_endothelial cell,astrocyte,endothelial cell
Gen1,0.0,0.0,1.0,1.0,astrocyte_vs_endothelial cell,astrocyte,endothelial cell
Cd28,0.0,0.0,1.0,1.0,astrocyte_vs_endothelial cell,astrocyte,endothelial cell
Cd300ld,0.0,0.0,1.0,1.0,astrocyte_vs_endothelial cell,astrocyte,endothelial cell
Cd36,0.0,0.0,1.0,1.0,astrocyte_vs_endothelial cell,astrocyte,endothelial cell
Dnmbp,0.0,0.0,1.0,1.0,astrocyte_vs_endothelial cell,astrocyte,endothelial cell
Xcl1,0.0,0.0,1.0,1.0,astrocyte_vs_endothelial cell,astrocyte,endothelial cell
Serpina3g,0.0,0.0,1.0,1.0,astrocyte_vs_endothelial cell,astrocyte,endothelial cell
4933415F23Rik,0.0,0.0,1.0,1.0,astrocyte_vs_endothelial cell,astrocyte,endothelial cell
Zfhx4,-0.0009876756,-0.8263321,0.9992119489860349,1.0,astrocyte_vs_endothelial cell,astrocyte,endothelial cell
Smyd3,-0.0031041235,-0.16882168,0.9975232718166013,1.0,astrocyte_vs_endothelial cell,astrocyte,endothelial cell
Neil1,-0.0067726327,0.5572184,0.9945962620502671,1.0,astrocyte_vs_endothelial cell,astrocyte,endothelial cell
Ldb2,-0.007054826,-0.5733485,0.994371109963006,1.0,astrocyte_vs_endothelial cell,astrocyte,endothelial cell
Stxbp5l,-0.008042501,0.9152176,0.9935830813051184,1.0,astrocyte_vs_endothelial cell,astrocyte,endothelial cell
Neurod1,-0.008042501,0.98564446,0.9935830813051184,1.0,astrocyte_vs_endothelial cell,astrocyte,endothelial cell
Aif1,-0.008042501,0.25493267,0.9935830813051184,1.0,astrocyte_vs_endothelial cell,astrocyte,endothelial cell
Dqx1,-0.0081835985,-0.3615942,0.9934705062756216,1.0,astrocyte_vs_endothelial cell,astrocyte,endothelial cell
Dlgap2,-0.008324695,-0.32624975,0.9933579313761126,1.0,astrocyte_vs_endothelial cell,astrocyte,endothelial cell
Pde1c,-0.008324695,-0.6909951,0.9933579313761126,1.0,astrocyte_vs_endothelial cell,astrocyte,endothelial cell
Hpx,-0.008324695,-0.796466,0.9933579313761126,1.0,astrocyte_vs_endothelial cell,astrocyte,endothelial cell
Sntg1,-0.008465791,-0.9967212,0.9932453566088323,1.0,astrocyte_vs_endothelial cell,astrocyte,endothelial cell
Ccdc60,-0.008465791,-1.461883,0.9932453566088323,1.0,astrocyte_vs_endothelial cell,astrocyte,endothelial cell
Il16,-0.008465791,-1.5819603,0.9932453566088323,1.0,astrocyte_vs_endothelial cell,astrocyte,endothelial cell
Fstl5,-0.008465791,-0.90446144,0.9932453566088323,1.0,astrocyte_vs_endothelial cell,astrocyte,endothelial cell
Cpne7,-0.008465791,-2.1221588,0.9932453566088323,1.0,astrocyte_vs_endothelial cell,astrocyte,endothelial cell
Neu4,-0.008465791,-1.5483278,0.9932453566088323,1.0,astrocyte_vs_endothelial cell,astrocyte,endothelial cell
Msh5,-0.008465791,-1.6263332,0.9932453566088323,1.0,astrocyte_vs_endothelial cell,astrocyte,endothelial cell
Cx3cr1,-0.008465791,-1.8120918,0.9932453566088323,1.0,astrocyte_vs_endothelial cell,astrocyte,endothelial cell
Acadvl,-0.01298088,-0.5527838,0.9896430472824197,1.0,astrocyte_vs_endothelial cell,astrocyte,endothelial cell
Lhfp,-0.013898008,0.032821305,0.9889113516151862,1.0,astrocyte_vs_endothelial cell,astrocyte,endothelial cell
D930015E06Rik,-0.014039104,-0.039171673,0.9887987838633714,1.0,astrocyte_vs_endothelial cell,astrocyte,endothelial cell
Sned1,-0.014462394,-0.5823918,0.9884610819547797,1.0,astrocyte_vs_endothelial cell,astrocyte,endothelial cell
Sst,-0.016790485,-0.44473293,0.9866037600330253,1.0,astrocyte_vs_endothelial cell,astrocyte,endothelial cell
Cbln1,-0.017213775,-0.6576165,0.9862660726433805,1.0,astrocyte_vs_endothelial cell,astrocyte,endothelial cell
Srrm4,-0.017354872,-1.5542685,0.9861535107239608,1.0,astrocyte_vs_endothelial cell,astrocyte,endothelial cell
Cacna2d3,-0.017354872,-1.7159942,0.9861535107239608,1.0,astrocyte_vs_endothelial cell,astrocyte,endothelial cell
Aass,-0.018554192,-1.7377374,0.985196745763631,1.0,astrocyte_vs_endothelial cell,astrocyte,endothelial cell
C1qc,-0.023422021,0.3346453,0.9813136386033173,1.0,astrocyte_vs_endothelial cell,astrocyte,endothelial cell
Bcl11b,-0.026102856,-0.71702385,0.9791752989786914,1.0,astrocyte_vs_endothelial cell,astrocyte,endothelial cell
Mid1,-0.027654918,-19.564516,0.9779373802856353,1.0,astrocyte_vs_endothelial cell,astrocyte,endothelial cell
Gabrb2,-0.027654918,-19.549961,0.9779373802856353,1.0,astrocyte_vs_endothelial cell,astrocyte,endothelial cell
C130060C02Rik,-0.027654918,-20.85885,0.9779373802856353,1.0,astrocyte_vs_endothelial cell,astrocyte,endothelial cell
Brip1,-0.027654918,-19.282078,0.9779373802856353,1.0,astrocyte_vs_endothelial cell,astrocyte,endothelial cell
Hist1h4c,-0.027654918,-19.559902,0.9779373802856353,1.0,astrocyte_vs_endothelial cell,astrocyte,endothelial cell
Adam32,-0.027654918,-19.456629,0.9779373802856353,1.0,astrocyte_vs_endothelial cell,astrocyte,endothelial cell
Tfap2d,-0.027654918,-19.639036,0.9779373802856353,1.0,astrocyte_vs_endothelial cell,astrocyte,endothelial cell
Clec4n,-0.027654918,-19.450966,0.9779373802856353,1.0,astrocyte_vs_endothelial cell,astrocyte,endothelial cell
Slc35f4,-0.027654918,-19.559135,0.9779373802856353,1.0,astrocyte_vs_endothelial cell,astrocyte,endothelial cell
Klhl1,-0.027654918,-19.816528,0.9779373802856353,1.0,astrocyte_vs_endothelial cell,astrocyte,endothelial cell
Kcnq5,-0.027654918,-19.27773,0.9779373802856353,1.0,astrocyte_vs_endothelial cell,astrocyte,endothelial cell
Rbp3,-0.027654918,-18.636028,0.9779373802856353,1.0,astrocyte_vs_endothelial cell,astrocyte,endothelial cell
Fgf14,-0.027654918,-18.636805,0.9779373802856353,1.0,astrocyte_vs_endothelial cell,astrocyte,endothelial cell
Tecta,-0.027654918,-20.10058,0.9779373802856353,1.0,astrocyte_vs_endothelial cell,astrocyte,endothelial cell
Stab2,-0.027654918,-19.608393,0.9779373802856353,1.0,astrocyte_vs_endothelial cell,astrocyte,endothelial cell
Grik1,-0.027654918,-19.220078,0.9779373802856353,1.0,astrocyte_vs_endothelial cell,astrocyte,endothelial cell
Cdc25c,-0.027654918,-19.380146,0.9779373802856353,1.0,astrocyte_vs_endothelial cell,astrocyte,endothelial cell
Stk33,-0.027654918,-18.87873,0.9779373802856353,1.0,astrocyte_vs_endothelial cell,astrocyte,endothelial cell
Cdca2,-0.027654918,-20.245838,0.9779373802856353,1.0,astrocyte_vs_endothelial cell,astrocyte,endothelial cell
Calca,-0.027654918,-19.389553,0.9779373802856353,1.0,astrocyte_vs_endothelial cell,astrocyte,endothelial cell
Galntl6,-0.027654918,-19.86146,0.9779373802856353,1.0,astrocyte_vs_endothelial cell,astrocyte,endothelial cell
Fstl4,-0.027654918,-19.905054,0.9779373802856353,1.0,astrocyte_vs_endothelial cell,astrocyte,endothelial cell
Ccl3,-0.027654918,-19.477362,0.9779373802856353,1.0,astrocyte_vs_endothelial cell,astrocyte,endothelial cell
4933406I18Rik,-0.027654918,-19.576124,0.9779373802856353,1.0,astrocyte_vs_endothelial cell,astrocyte,endothelial cell
5730522E02Rik,-0.027654918,-18.905838,0.9779373802856353,1.0,astrocyte_vs_endothelial cell,astrocyte,endothelial cell
4930415F15Rik,-0.027654918,-20.249886,0.9779373802856353,1.0,astrocyte_vs_endothelial cell,astrocyte,endothelial cell
Pld4,-0.027654918,-20.266226,0.9779373802856353,1.0,astrocyte_vs_endothelial cell,astrocyte,endothelial cell
Gm16386,-0.027654918,-19.579237,0.9779373802856353,1.0,astrocyte_vs_endothelial cell,astrocyte,endothelial cell
Cdc6,-0.027654918,-19.35232,0.9779373802856353,1.0,astrocyte_vs_endothelial cell,astrocyte,endothelial cell
Mpeg1,-0.027654918,-18.830074,0.9779373802856353,1.0,astrocyte_vs_endothelial cell,astrocyte,endothelial cell
Fermt3,-0.027654918,-19.657946,0.9779373802856353,1.0,astrocyte_vs_endothelial cell,astrocyte,endothelial cell
Cntnap5b,-0.027654918,-19.662926,0.9779373802856353,1.0,astrocyte_vs_endothelial cell,astrocyte,endothelial cell
Sln,-0.027654918,-19.480247,0.9779373802856353,1.0,astrocyte_vs_endothelial cell,astrocyte,endothelial cell
Selenbp2,-0.027654918,-19.616386,0.9779373802856353,1.0,astrocyte_vs_endothelial cell,astrocyte,endothelial cell
Fam19a2,-0.027654918,-19.258644,0.9779373802856353,1.0,astrocyte_vs_endothelial cell,astrocyte,endothelial cell
S100a14,-0.027654918,-19.110565,0.9779373802856353,1.0,astrocyte_vs_endothelial cell,astrocyte,endothelial cell
Ms4a7,-0.027654918,-20.179144,0.9779373802856353,1.0,astrocyte_vs_endothelial cell,astrocyte,endothelial cell
Lrrtm4,-0.027654918,-18.606028,0.9779373802856353,1.0,astrocyte_vs_endothelial cell,astrocyte,endothelial cell
Slc13a1,-0.027654918,-18.964167,0.9779373802856353,1.0,astrocyte_vs_endothelial cell,astrocyte,endothelial cell
Slc10a4,-0.027654918,-19.71815,0.9779373802856353,1.0,astrocyte_vs_endothelial cell,astrocyte,endothelial cell
Shcbp1,-0.027654918,-19.72337,0.9779373802856353,1.0,astrocyte_vs_endothelial cell,astrocyte,endothelial cell
Cyp4f17,-0.027654918,-19.654638,0.9779373802856353,1.0,astrocyte_vs_endothelial cell,astrocyte,endothelial cell
Eomes,-0.027654918,-19.50283,0.9779373802856353,1.0,astrocyte_vs_endothelial cell,astrocyte,endothelial cell
Rgs22,-0.027654918,-19.18258,0.9779373802856353,1.0,astrocyte_vs_endothelial cell,astrocyte,endothelial cell
Ska1,-0.027654918,-18.578522,0.9779373802856353,1.0,astrocyte_vs_endothelial cell,astrocyte,endothelial cell
Nkain3,-0.027654918,-18.892218,0.9779373802856353,1.0,astrocyte_vs_endothelial cell,astrocyte,endothelial cell
Colq,-0.027654918,-19.639853,0.9779373802856353,1.0,astrocyte_vs_endothelial cell,astrocyte,endothelial cell
Tjp3,-0.027654918,-19.420248,0.9779373802856353,1.0,astrocyte_vs_endothelial cell,astrocyte,endothelial cell
C3ar1,-0.027654918,-18.702097,0.9779373802856353,1.0,astrocyte_vs_endothelial cell,astrocyte,endothelial cell
Myl1,-0.027654918,-18.681463,0.9779373802856353,1.0,astrocyte_vs_endothelial cell,astrocyte,endothelial cell
Slc1a6,-0.027654918,-19.30593,0.9779373802856353,1.0,astrocyte_vs_endothelial cell,astrocyte,endothelial cell
Aldob,-0.027654918,-19.821232,0.9779373802856353,1.0,astrocyte_vs_endothelial cell,astrocyte,endothelial cell
Alas2,-0.027654918,-19.159096,0.9779373802856353,1.0,astrocyte_vs_endothelial cell,astrocyte,endothelial cell
Lgr5,-0.027654918,-19.29898,0.9779373802856353,1.0,astrocyte_vs_endothelial cell,astrocyte,endothelial cell
Kcnh8,-0.027654918,-18.578522,0.9779373802856353,1.0,astrocyte_vs_endothelial cell,astrocyte,endothelial cell
Vip,-0.027654918,-20.101173,0.9779373802856353,1.0,astrocyte_vs_endothelial cell,astrocyte,endothelial cell
P2rx3,-0.027654918,-19.667925,0.9779373802856353,1.0,astrocyte_vs_endothelial cell,astrocyte,endothelial cell
Cntn4,-0.027654918,-19.75069,0.9779373802856353,1.0,astrocyte_vs_endothelial cell,astrocyte,endothelial cell
Cntn5,-0.027654918,-18.378529,0.9779373802856353,1.0,astrocyte_vs_endothelial cell,astrocyte,endothelial cell
Adamts3,-0.027654918,-19.48314,0.9779373802856353,1.0,astrocyte_vs_endothelial cell,astrocyte,endothelial cell
Pvalb,-0.029841915,-0.03672639,0.9761931311820076,1.0,astrocyte_vs_endothelial cell,astrocyte,endothelial cell
Cwc22,-0.031887814,-0.49388155,0.9745615171703121,1.0,astrocyte_vs_endothelial cell,astrocyte,endothelial cell
Cntn6,-0.03605016,-0.94464093,0.9712423624204493,1.0,astrocyte_vs_endothelial cell,astrocyte,endothelial cell
D430041D05Rik,-0.03605016,-0.8641851,0.9712423624204493,1.0,astrocyte_vs_endothelial cell,astrocyte,endothelial cell
Dscaml1,-0.03605016,-0.96365696,0.9712423624204493,1.0,astrocyte_vs_endothelial cell,astrocyte,endothelial cell
Syt2,-0.03619126,-2.9595466,0.9711298571030625,1.0,astrocyte_vs_endothelial cell,astrocyte,endothelial cell
9530059O14Rik,-0.03619126,-2.7484534,0.9711298571030625,1.0,astrocyte_vs_endothelial cell,astrocyte,endothelial cell
Nkain2,-0.03619126,-1.2879542,0.9711298571030625,1.0,astrocyte_vs_endothelial cell,astrocyte,endothelial cell
Rorc,-0.03619126,-1.5689664,0.9711298571030625,1.0,astrocyte_vs_endothelial cell,astrocyte,endothelial cell
Xk,-0.03619126,-1.6305264,0.9711298571030625,1.0,astrocyte_vs_endothelial cell,astrocyte,endothelial cell
Arhgap11a,-0.03619126,-2.1616766,0.9711298571030625,1.0,astrocyte_vs_endothelial cell,astrocyte,endothelial cell
Galnt13,-0.03619126,-3.3091474,0.9711298571030625,1.0,astrocyte_vs_endothelial cell,astrocyte,endothelial cell
Gm17660,-0.03619126,-1.4321511,0.9711298571030625,1.0,astrocyte_vs_endothelial cell,astrocyte,endothelial cell
Cdr1,-0.036402903,-1.3042066,0.9709611002048738,1.0,astrocyte_vs_endothelial cell,astrocyte,endothelial cell
Unc13c,-0.03823716,-0.1890539,0.9694985956917522,1.0,astrocyte_vs_endothelial cell,astrocyte,endothelial cell
Parp8,-0.04261115,-0.40759093,0.9660115080075542,1.0,astrocyte_vs_endothelial cell,astrocyte,endothelial cell
Synpr,-0.043175533,-0.5291103,0.9655616071381405,1.0,astrocyte_vs_endothelial cell,astrocyte,endothelial cell
Gad2,-0.043316633,-0.4083007,0.9654491336281532,1.0,astrocyte_vs_endothelial cell,astrocyte,endothelial cell
Zfp521,-0.043669373,-0.6935175,0.9651679528655206,1.0,astrocyte_vs_endothelial cell,astrocyte,endothelial cell
Syn3,-0.044586502,-0.80143255,0.9644369032401876,1.0,astrocyte_vs_endothelial cell,astrocyte,endothelial cell
Rims2,-0.044868693,-0.82051814,0.9642119708794378,1.0,astrocyte_vs_endothelial cell,astrocyte,endothelial cell
Nudt1,-0.046420757,-0.7574446,0.9629748942824585,1.0,astrocyte_vs_endothelial cell,astrocyte,endothelial cell
Cck,-0.047549527,-0.54944205,0.9620752580218117,1.0,astrocyte_vs_endothelial cell,astrocyte,endothelial cell
P2ry12,-0.051711876,0.028830329,0.9587582754662272,1.0,astrocyte_vs_endothelial cell,astrocyte,endothelial cell
Sag,-0.05227626,-0.08151598,0.9583085688095361,1.0,astrocyte_vs_endothelial cell,astrocyte,endothelial cell
Zfp516,-0.052346807,-0.9564672,0.9582523564074226,1.0,astrocyte_vs_endothelial cell,astrocyte,endothelial cell
Spata17,-0.055309836,-20.181654,0.95589162641584,1.0,astrocyte_vs_endothelial cell,astrocyte,endothelial cell
Plcxd3,-0.055309836,-20.309973,0.95589162641584,1.0,astrocyte_vs_endothelial cell,astrocyte,endothelial cell
Pm20d2,-0.055309836,-20.713772,0.95589162641584,1.0,astrocyte_vs_endothelial cell,astrocyte,endothelial cell
Cdh6,-0.055309836,-20.177137,0.95589162641584,1.0,astrocyte_vs_endothelial cell,astrocyte,endothelial cell
St18,-0.055309836,-20.636133,0.95589162641584,1.0,astrocyte_vs_endothelial cell,astrocyte,endothelial cell
1700112E06Rik,-0.055309836,-20.241608,0.95589162641584,1.0,astrocyte_vs_endothelial cell,astrocyte,endothelial cell
Cd163,-0.055309836,-20.370817,0.95589162641584,1.0,astrocyte_vs_endothelial cell,astrocyte,endothelial cell
H2-Q10,-0.055309836,-20.617174,0.95589162641584,1.0,astrocyte_vs_endothelial cell,astrocyte,endothelial cell
Cdh23,-0.055309836,-20.697618,0.95589162641584,1.0,astrocyte_vs_endothelial cell,astrocyte,endothelial cell
Ryr3,-0.055309836,-20.40159,0.95589162641584,1.0,astrocyte_vs_endothelial cell,astrocyte,endothelial cell
Satb2,-0.055309836,-20.539114,0.95589162641584,1.0,astrocyte_vs_endothelial cell,astrocyte,endothelial cell
Shisa6,-0.055309836,-21.098684,0.95589162641584,1.0,astrocyte_vs_endothelial cell,astrocyte,endothelial cell
Vwc2,-0.055309836,-19.975435,0.95589162641584,1.0,astrocyte_vs_endothelial cell,astrocyte,endothelial cell
Lgals12,-0.055309836,-20.30496,0.95589162641584,1.0,astrocyte_vs_endothelial cell,astrocyte,endothelial cell
Neurog2,-0.055309836,-20.220222,0.95589162641584,1.0,astrocyte_vs_endothelial cell,astrocyte,endothelial cell
Angptl1,-0.055309836,-20.538404,0.95589162641584,1.0,astrocyte_vs_endothelial cell,astrocyte,endothelial cell
Cntnap4,-0.055309836,-20.930752,0.95589162641584,1.0,astrocyte_vs_endothelial cell,astrocyte,endothelial cell
Ankle1,-0.055309836,-20.42286,0.95589162641584,1.0,astrocyte_vs_endothelial cell,astrocyte,endothelial cell
A330050F15Rik,-0.055309836,-20.504217,0.95589162641584,1.0,astrocyte_vs_endothelial cell,astrocyte,endothelial cell
Greb1l,-0.055309836,-19.906214,0.95589162641584,1.0,astrocyte_vs_endothelial cell,astrocyte,endothelial cell
Dpp10,-0.055309836,-20.11278,0.95589162641584,1.0,astrocyte_vs_endothelial cell,astrocyte,endothelial cell
Ccl4,-0.055309836,-20.272512,0.95589162641584,1.0,astrocyte_vs_endothelial cell,astrocyte,endothelial cell
Stil,-0.055309836,-20.65739,0.95589162641584,1.0,astrocyte_vs_endothelial cell,astrocyte,endothelial cell
Lrrc7,-0.055309836,-20.182001,0.95589162641584,1.0,astrocyte_vs_endothelial cell,astrocyte,endothelial cell
Slc2a5,-0.055309836,-20.032541,0.95589162641584,1.0,astrocyte_vs_endothelial cell,astrocyte,endothelial cell
Hist1h2bg,-0.055309836,-20.980984,0.95589162641584,1.0,astrocyte_vs_endothelial cell,astrocyte,endothelial cell
H2-Q7,-0.055309836,-20.154219,0.95589162641584,1.0,astrocyte_vs_endothelial cell,astrocyte,endothelial cell
P2ry13,-0.055309836,-20.991037,0.95589162641584,1.0,astrocyte_vs_endothelial cell,astrocyte,endothelial cell
Adamts18,-0.055309836,-19.549637,0.95589162641584,1.0,astrocyte_vs_endothelial cell,astrocyte,endothelial cell
Sgcd,-0.055309836,-20.261963,0.95589162641584,1.0,astrocyte_vs_endothelial cell,astrocyte,endothelial cell
Xkr4,-0.055309836,-20.928179,0.95589162641584,1.0,astrocyte_vs_endothelial cell,astrocyte,endothelial cell
Mis18bp1,-0.055309836,-20.09745,0.95589162641584,1.0,astrocyte_vs_endothelial cell,astrocyte,endothelial cell
Shox2,-0.055309836,-20.44072,0.95589162641584,1.0,astrocyte_vs_endothelial cell,astrocyte,endothelial cell
Nell1,-0.055309836,-20.457756,0.95589162641584,1.0,astrocyte_vs_endothelial cell,astrocyte,endothelial cell
Anln,-0.055309836,-20.956314,0.95589162641584,1.0,astrocyte_vs_endothelial cell,astrocyte,endothelial cell
Barhl2,-0.055309836,-20.270123,0.95589162641584,1.0,astrocyte_vs_endothelial cell,astrocyte,endothelial cell
Arhgap36,-0.055309836,-20.73452,0.95589162641584,1.0,astrocyte_vs_endothelial cell,astrocyte,endothelial cell
Slc44a5,-0.055309836,-20.54742,0.95589162641584,1.0,astrocyte_vs_endothelial cell,astrocyte,endothelial cell
Fam189a1,-0.055309836,-20.811888,0.95589162641584,1.0,astrocyte_vs_endothelial cell,astrocyte,endothelial cell
Ttc21a,-0.055309836,-20.773666,0.95589162641584,1.0,astrocyte_vs_endothelial cell,astrocyte,endothelial cell
Kctd8,-0.055309836,-20.384096,0.95589162641584,1.0,astrocyte_vs_endothelial cell,astrocyte,endothelial cell
Ttk,-0.055309836,-20.775675,0.95589162641584,1.0,astrocyte_vs_endothelial cell,astrocyte,endothelial cell
Islr,-0.06130644,-0.41870153,0.9511151638470491,1.0,astrocyte_vs_endothelial cell,astrocyte,endothelial cell
Scg2,-0.06335234,-0.72282946,0.9494859402829849,1.0,astrocyte_vs_endothelial cell,astrocyte,endothelial cell
Pcp2,-0.06349343,-0.5461281,0.949373587742817,1.0,astrocyte_vs_endothelial cell,astrocyte,endothelial cell
Dgki,-0.06363453,-0.84940535,0.9492612362091775,1.0,astrocyte_vs_endothelial cell,astrocyte,endothelial cell
Dph2,-0.06391672,-1.649531,0.9490365361703947,1.0,astrocyte_vs_endothelial cell,astrocyte,endothelial cell
Doc2g,-0.06391672,-2.0921175,0.9490365361703947,1.0,astrocyte_vs_endothelial cell,astrocyte,endothelial cell
Angpt1,-0.06793798,-0.23566261,0.9458350095349523,1.0,astrocyte_vs_endothelial cell,astrocyte,endothelial cell
Gjc3,-0.06857291,-0.821671,0.9453295839497992,1.0,astrocyte_vs_endothelial cell,astrocyte,endothelial cell
Dera,-0.07083045,-0.40845558,0.9435326948180206,1.0,astrocyte_vs_endothelial cell,astrocyte,endothelial cell
Chst3,-0.07153594,-0.53460765,0.9429712254560589,1.0,astrocyte_vs_endothelial cell,astrocyte,endothelial cell
2610037D02Rik,-0.07160649,-0.75407916,0.9429150800737094,1.0,astrocyte_vs_endothelial cell,astrocyte,endothelial cell
Cacna1d,-0.07428732,-1.0790372,0.9407817682543027,1.0,astrocyte_vs_endothelial cell,astrocyte,endothelial cell
Nefm,-0.07859076,-0.19859564,0.9373581361239778,1.0,astrocyte_vs_endothelial cell,astrocyte,endothelial cell
Zfp609,-0.07915515,-1.4607807,0.9369092197071826,1.0,astrocyte_vs_endothelial cell,astrocyte,endothelial cell
Erbb4,-0.08225927,-1.5867428,0.9344405416977055,1.0,astrocyte_vs_endothelial cell,astrocyte,endothelial cell
Gpr156,-0.082964756,-21.44171,0.9338795655655836,1.0,astrocyte_vs_endothelial cell,astrocyte,endothelial cell
Sorcs3,-0.082964756,-21.333,0.9338795655655836,1.0,astrocyte_vs_endothelial cell,astrocyte,endothelial cell
Pms1,-0.082964756,-21.28846,0.9338795655655836,1.0,astrocyte_vs_endothelial cell,astrocyte,endothelial cell
Asxl3,-0.082964756,-21.224098,0.9338795655655836,1.0,astrocyte_vs_endothelial cell,astrocyte,endothelial cell
Gabra6,-0.082964756,-20.914951,0.9338795655655836,1.0,astrocyte_vs_endothelial cell,astrocyte,endothelial cell
Clec10a,-0.082964756,-21.403027,0.9338795655655836,1.0,astrocyte_vs_endothelial cell,astrocyte,endothelial cell
Nrg3,-0.082964756,-21.231104,0.9338795655655836,1.0,astrocyte_vs_endothelial cell,astrocyte,endothelial cell
Rasd2,-0.082964756,-21.122293,0.9338795655655836,1.0,astrocyte_vs_endothelial cell,astrocyte,endothelial cell
Alpk1,-0.082964756,-21.24944,0.9338795655655836,1.0,astrocyte_vs_endothelial cell,astrocyte,endothelial cell
Mmp28,-0.082964756,-21.85189,0.9338795655655836,1.0,astrocyte_vs_endothelial cell,astrocyte,endothelial cell
1700007G11Rik,-0.082964756,-21.019588,0.9338795655655836,1.0,astrocyte_vs_endothelial cell,astrocyte,endothelial cell
Neurod6,-0.082964756,-21.65015,0.9338795655655836,1.0,astrocyte_vs_endothelial cell,astrocyte,endothelial cell
Dcc,-0.082964756,-21.262253,0.9338795655655836,1.0,astrocyte_vs_endothelial cell,astrocyte,endothelial cell
Ly86,-0.082964756,-21.291609,0.9338795655655836,1.0,astrocyte_vs_endothelial cell,astrocyte,endothelial cell
Cxcl10,-0.082964756,-22.229713,0.9338795655655836,1.0,astrocyte_vs_endothelial cell,astrocyte,endothelial cell
Egfem1,-0.082964756,-21.011494,0.9338795655655836,1.0,astrocyte_vs_endothelial cell,astrocyte,endothelial cell
Otud7a,-0.090795614,-0.33581448,0.927654998060889,1.0,astrocyte_vs_endothelial cell,astrocyte,endothelial cell
Rnf180,-0.090795614,-0.68020356,0.927654998060889,1.0,astrocyte_vs_endothelial cell,astrocyte,endothelial cell
Grm1,-0.090795614,-0.65172297,0.927654998060889,1.0,astrocyte_vs_endothelial cell,astrocyte,endothelial cell
Ubash3b,-0.091430545,-1.0237718,0.9271504922168784,1.0,astrocyte_vs_endothelial cell,astrocyte,endothelial cell
D630045J12Rik,-0.091501094,-0.77736723,0.9270944378161342,1.0,astrocyte_vs_endothelial cell,astrocyte,endothelial cell
Cntnap5a,-0.091501094,-1.5146978,0.9270944378161342,1.0,astrocyte_vs_endothelial cell,astrocyte,endothelial cell
Slc17a6,-0.091642186,-2.1139848,0.9269823301004533,1.0,astrocyte_vs_endothelial cell,astrocyte,endothelial cell
Dlx1,-0.091642186,-2.9050553,0.9269823301004533,1.0,astrocyte_vs_endothelial cell,astrocyte,endothelial cell
Khdrbs2,-0.091642186,-2.6123893,0.9269823301004533,1.0,astrocyte_vs_endothelial cell,astrocyte,endothelial cell
Spef2,-0.091642186,-2.6633966,0.9269823301004533,1.0,astrocyte_vs_endothelial cell,astrocyte,endothelial cell
Ccdc162,-0.091642186,-2.4588666,0.9269823301004533,1.0,astrocyte_vs_endothelial cell,astrocyte,endothelial cell
Bcas1,-0.098203175,-0.64099824,0.9217709592613654,1.0,astrocyte_vs_endothelial cell,astrocyte,endothelial cell
Resp18,-0.099473044,-0.6420679,0.9207626876536475,1.0,astrocyte_vs_endothelial cell,astrocyte,endothelial cell
Sorcs1,-0.100319624,-1.3639613,0.9200905772349743,1.0,astrocyte_vs_endothelial cell,astrocyte,endothelial cell
Tnfaip8,-0.10039017,-0.71490806,0.9200345706033198,1.0,astrocyte_vs_endothelial cell,astrocyte,endothelial cell
Sncaip,-0.10046072,-1.039462,0.9199785643683226,1.0,astrocyte_vs_endothelial cell,astrocyte,endothelial cell
Prdm16,-0.1053991,-0.66322887,0.9160591300624823,1.0,astrocyte_vs_endothelial cell,astrocyte,endothelial cell
Fhit,-0.10582239,-1.1298726,0.9157232721112484,1.0,astrocyte_vs_endothelial cell,astrocyte,endothelial cell
Lama2,-0.10871487,-0.10489064,0.9134286485074334,1.0,astrocyte_vs_endothelial cell,astrocyte,endothelial cell
Dpyd,-0.10998474,-1.5412226,0.9124214795505019,1.0,astrocyte_vs_endothelial cell,astrocyte,endothelial cell
Arhgef11,-0.11033748,-1.0758681,0.9121417352896367,1.0,astrocyte_vs_endothelial cell,astrocyte,endothelial cell
Prr11,-0.11061967,-21.181513,0.9119179477183652,1.0,astrocyte_vs_endothelial cell,astrocyte,endothelial cell
Abcc12,-0.11061967,-20.928703,0.9119179477183652,1.0,astrocyte_vs_endothelial cell,astrocyte,endothelial cell
Igfbpl1,-0.11061967,-21.472134,0.9119179477183652,1.0,astrocyte_vs_endothelial cell,astrocyte,endothelial cell
Mastl,-0.11061967,-21.705603,0.9119179477183652,1.0,astrocyte_vs_endothelial cell,astrocyte,endothelial cell
Bcl2l15,-0.11061967,-21.57261,0.9119179477183652,1.0,astrocyte_vs_endothelial cell,astrocyte,endothelial cell
Aqp6,-0.11061967,-21.829777,0.9119179477183652,1.0,astrocyte_vs_endothelial cell,astrocyte,endothelial cell
St8sia2,-0.11061967,-21.426657,0.9119179477183652,1.0,astrocyte_vs_endothelial cell,astrocyte,endothelial cell
Sds,-0.11061967,-21.620821,0.9119179477183652,1.0,astrocyte_vs_endothelial cell,astrocyte,endothelial cell
2900079G21Rik,-0.11061967,-21.662624,0.9119179477183652,1.0,astrocyte_vs_endothelial cell,astrocyte,endothelial cell
Pde3b,-0.11061967,-21.446768,0.9119179477183652,1.0,astrocyte_vs_endothelial cell,astrocyte,endothelial cell
Pcsk4,-0.11061967,-21.66432,0.9119179477183652,1.0,astrocyte_vs_endothelial cell,astrocyte,endothelial cell
Kif26b,-0.11061967,-21.797176,0.9119179477183652,1.0,astrocyte_vs_endothelial cell,astrocyte,endothelial cell
Kcnk10,-0.11061967,-21.951244,0.9119179477183652,1.0,astrocyte_vs_endothelial cell,astrocyte,endothelial cell
Sh3rf3,-0.11061967,-21.041319,0.9119179477183652,1.0,astrocyte_vs_endothelial cell,astrocyte,endothelial cell
Vmn1r4,-0.11061967,-21.175097,0.9119179477183652,1.0,astrocyte_vs_endothelial cell,astrocyte,endothelial cell
Pdyn,-0.11061967,-21.287683,0.9119179477183652,1.0,astrocyte_vs_endothelial cell,astrocyte,endothelial cell
Vit,-0.11922656,-2.102229,0.9050958656220738,1.0,astrocyte_vs_endothelial cell,astrocyte,endothelial cell
Xrcc5,-0.11922656,-1.4049121,0.9050958656220738,1.0,astrocyte_vs_endothelial cell,astrocyte,endothelial cell
Mdga1,-0.11922656,-1.7445294,0.9050958656220738,1.0,astrocyte_vs_endothelial cell,astrocyte,endothelial cell
Cnnm4,-0.11936766,-2.607597,0.9049840851430668,1.0,astrocyte_vs_endothelial cell,astrocyte,endothelial cell
Ston2,-0.11936766,-2.5104132,0.9049840851430668,1.0,astrocyte_vs_endothelial cell,astrocyte,endothelial cell
Grm7,-0.11936766,-3.527596,0.9049840851430668,1.0,astrocyte_vs_endothelial cell,astrocyte,endothelial cell
Ppp1r36,-0.11936766,-3.5204034,0.9049840851430668,1.0,astrocyte_vs_endothelial cell,astrocyte,endothelial cell
Dennd1a,-0.12783344,-0.68783164,0.8982807805052168,1.0,astrocyte_vs_endothelial cell,astrocyte,endothelial cell
Pdgfrl,-0.12868002,-0.74254817,0.8976108410221831,1.0,astrocyte_vs_endothelial cell,astrocyte,endothelial cell
Ikbke,-0.1382746,-21.7383,0.8900234074390141,1.0,astrocyte_vs_endothelial cell,astrocyte,endothelial cell
Mybpc1,-0.1382746,-22.088337,0.8900234074390141,1.0,astrocyte_vs_endothelial cell,astrocyte,endothelial cell
Iqck,-0.1382746,-21.58055,0.8900234074390141,1.0,astrocyte_vs_endothelial cell,astrocyte,endothelial cell
Shc3,-0.1382746,-21.768627,0.8900234074390141,1.0,astrocyte_vs_endothelial cell,astrocyte,endothelial cell
Clstn2,-0.1382746,-22.005796,0.8900234074390141,1.0,astrocyte_vs_endothelial cell,astrocyte,endothelial cell
Lrfn2,-0.1382746,-21.490942,0.8900234074390141,1.0,astrocyte_vs_endothelial cell,astrocyte,endothelial cell
Myo16,-0.1382746,-21.716349,0.8900234074390141,1.0,astrocyte_vs_endothelial cell,astrocyte,endothelial cell
Apoa1,-0.1382746,-21.925774,0.8900234074390141,1.0,astrocyte_vs_endothelial cell,astrocyte,endothelial cell
Ephb2,-0.1382746,-21.266941,0.8900234074390141,1.0,astrocyte_vs_endothelial cell,astrocyte,endothelial cell
Grik3,-0.1382746,-22.242367,0.8900234074390141,1.0,astrocyte_vs_endothelial cell,astrocyte,endothelial cell
Kcnh7,-0.1382746,-21.913187,0.8900234074390141,1.0,astrocyte_vs_endothelial cell,astrocyte,endothelial cell
Tmprss11d,-0.1382746,-22.065561,0.8900234074390141,1.0,astrocyte_vs_endothelial cell,astrocyte,endothelial cell
Brca1,-0.1382746,-21.674938,0.8900234074390141,1.0,astrocyte_vs_endothelial cell,astrocyte,endothelial cell
Dok6,-0.1382746,-21.417788,0.8900234074390141,1.0,astrocyte_vs_endothelial cell,astrocyte,endothelial cell
Rbm20,-0.13855678,-1.1540545,0.8898003965575437,1.0,astrocyte_vs_endothelial cell,astrocyte,endothelial cell
Frem2,-0.14095542,-1.6975679,0.8879051578725673,1.0,astrocyte_vs_endothelial cell,astrocyte,endothelial cell
Kcnip1,-0.14709312,-2.495238,0.8830585189146932,1.0,astrocyte_vs_endothelial cell,astrocyte,endothelial cell
Ccdc18,-0.14709312,-2.8121974,0.8830585189146932,1.0,astrocyte_vs_endothelial cell,astrocyte,endothelial cell
Zdhhc24,-0.14716367,-1.3930781,0.8830028355035981,1.0,astrocyte_vs_endothelial cell,astrocyte,endothelial cell
Zswim6,-0.15689933,-0.7561736,0.8753241880490936,1.0,astrocyte_vs_endothelial cell,astrocyte,endothelial cell
Arhgef33,-0.16592951,-21.988237,0.8682124260865273,1.0,astrocyte_vs_endothelial cell,astrocyte,endothelial cell
Rims1,-0.16592951,-22.042622,0.8682124260865273,1.0,astrocyte_vs_endothelial cell,astrocyte,endothelial cell
Tmprss7,-0.16592951,-22.360188,0.8682124260865273,1.0,astrocyte_vs_endothelial cell,astrocyte,endothelial cell
Fibcd1,-0.16592951,-22.237286,0.8682124260865273,1.0,astrocyte_vs_endothelial cell,astrocyte,endothelial cell
Veph1,-0.16592951,-22.201195,0.8682124260865273,1.0,astrocyte_vs_endothelial cell,astrocyte,endothelial cell
Zfpm2,-0.17354871,-0.8101813,0.8622201364934929,1.0,astrocyte_vs_endothelial cell,astrocyte,endothelial cell
Lag3,-0.17368981,-1.3974757,0.8621092418032954,1.0,astrocyte_vs_endothelial cell,astrocyte,endothelial cell
Ttc23,-0.17425421,-1.0084689,0.8616656902405752,1.0,astrocyte_vs_endothelial cell,astrocyte,endothelial cell
En1,-0.1743953,-1.9885354,0.8615548091601163,1.0,astrocyte_vs_endothelial cell,astrocyte,endothelial cell
Calb1,-0.17453639,-2.412056,0.8614439308080268,1.0,astrocyte_vs_endothelial cell,astrocyte,endothelial cell
Elfn1,-0.17453639,-2.6659806,0.8614439308080268,1.0,astrocyte_vs_endothelial cell,astrocyte,endothelial cell
Arhgap24,-0.17495969,-1.7290736,0.8611113121433766,1.0,astrocyte_vs_endothelial cell,astrocyte,endothelial cell
Fastkd3,-0.18187341,-0.9490116,0.8556820692266169,1.0,astrocyte_vs_endothelial cell,astrocyte,endothelial cell
Unc5c,-0.18243779,-1.1368716,0.8552391635376914,1.0,astrocyte_vs_endothelial cell,astrocyte,endothelial cell
Anks1,-0.18603577,-1.1232113,0.8524167175055102,1.0,astrocyte_vs_endothelial cell,astrocyte,endothelial cell
Pkib,-0.19175017,-0.7934661,0.8479379049950252,1.0,astrocyte_vs_endothelial cell,astrocyte,endothelial cell
Olfm3,-0.19358443,-22.139374,0.8465012946099597,1.0,astrocyte_vs_endothelial cell,astrocyte,endothelial cell
Calr4,-0.19358443,-22.5195,0.8465012946099597,1.0,astrocyte_vs_endothelial cell,astrocyte,endothelial cell
Grik2,-0.19358443,-22.355316,0.8465012946099597,1.0,astrocyte_vs_endothelial cell,astrocyte,endothelial cell
Cbln3,-0.19358443,-22.320913,0.8465012946099597,1.0,astrocyte_vs_endothelial cell,astrocyte,endothelial cell
Ust,-0.20162693,-1.435024,0.8402083932031421,1.0,astrocyte_vs_endothelial cell,astrocyte,endothelial cell
Fgd2,-0.20169747,-1.670821,0.8401532368554652,1.0,astrocyte_vs_endothelial cell,astrocyte,endothelial cell
Cdh13,-0.20169747,-1.7960249,0.8401532368554652,1.0,astrocyte_vs_endothelial cell,astrocyte,endothelial cell
Zfp182,-0.20254405,-2.7600834,0.8394914219758944,1.0,astrocyte_vs_endothelial cell,astrocyte,endothelial cell
Ror2,-0.20402557,-2.1409252,0.8383335192506824,1.0,astrocyte_vs_endothelial cell,astrocyte,endothelial cell
Cdc14a,-0.20769408,-0.6777886,0.8354678428058453,1.0,astrocyte_vs_endothelial cell,astrocyte,endothelial cell
Unc79,-0.21150368,-1.9322083,0.8324942586744938,1.0,astrocyte_vs_endothelial cell,astrocyte,endothelial cell
Gm5089,-0.22123934,-22.381405,0.8249060770672826,1.0,astrocyte_vs_endothelial cell,astrocyte,endothelial cell
Slc25a21,-0.22123934,-22.294477,0.8249060770672826,1.0,astrocyte_vs_endothelial cell,astrocyte,endothelial cell
Pax6os1,-0.22123934,-22.293095,0.8249060770672826,1.0,astrocyte_vs_endothelial cell,astrocyte,endothelial cell
Nphs1,-0.22123934,-22.646015,0.8249060770672826,1.0,astrocyte_vs_endothelial cell,astrocyte,endothelial cell
En2,-0.22123934,-22.334684,0.8249060770672826,1.0,astrocyte_vs_endothelial cell,astrocyte,endothelial cell
Nrg1,-0.22123934,-22.286411,0.8249060770672826,1.0,astrocyte_vs_endothelial cell,astrocyte,endothelial cell
Adamts9,-0.22758868,-0.9577596,0.8199660163083038,1.0,astrocyte_vs_endothelial cell,astrocyte,endothelial cell
Ppara,-0.22942294,-2.2626944,0.8185402073651871,1.0,astrocyte_vs_endothelial cell,astrocyte,endothelial cell
Tead1,-0.23690106,-0.8566951,0.8127335503990573,1.0,astrocyte_vs_endothelial cell,astrocyte,endothelial cell
Tiam2,-0.2372538,-1.0439441,0.8124599029177202,1.0,astrocyte_vs_endothelial cell,astrocyte,endothelial cell
Kcnd3,-0.23824148,-1.3075863,0.811693811902562,1.0,astrocyte_vs_endothelial cell,astrocyte,endothelial cell
D630003M21Rik,-0.23922914,-1.0666798,0.8109279011314573,1.0,astrocyte_vs_endothelial cell,astrocyte,endothelial cell
C1ql3,-0.24889426,-22.6869,0.8034425750032759,1.0,astrocyte_vs_endothelial cell,astrocyte,endothelial cell
Csmd3,-0.24889426,-22.601084,0.8034425750032759,1.0,astrocyte_vs_endothelial cell,astrocyte,endothelial cell
Ralyl,-0.24889426,-22.326433,0.8034425750032759,1.0,astrocyte_vs_endothelial cell,astrocyte,endothelial cell
Znrf3,-0.25707787,-1.2970194,0.7971186694390098,1.0,astrocyte_vs_endothelial cell,astrocyte,endothelial cell
Tox3,-0.25771278,-2.8468728,0.7966285720894136,1.0,astrocyte_vs_endothelial cell,astrocyte,endothelial cell
Adamts20,-0.25771278,-2.494761,0.7966285720894136,1.0,astrocyte_vs_endothelial cell,astrocyte,endothelial cell
Alms1,-0.25792444,-1.5458931,0.7964652241167537,1.0,astrocyte_vs_endothelial cell,astrocyte,endothelial cell
Cdk8,-0.26046416,-1.1699387,0.7945057458962659,1.0,astrocyte_vs_endothelial cell,astrocyte,endothelial cell
Lrrtm3,-0.26568475,-1.7360123,0.790482011883066,1.0,astrocyte_vs_endothelial cell,astrocyte,endothelial cell
Spag1,-0.26624912,-1.8012185,0.7900473458560776,1.0,astrocyte_vs_endothelial cell,astrocyte,endothelial cell
Emp2,-0.2691416,-0.45423025,0.7878207103214795,1.0,astrocyte_vs_endothelial cell,astrocyte,endothelial cell
Palld,-0.27076423,-0.8196208,0.78657237963744,1.0,astrocyte_vs_endothelial cell,astrocyte,endothelial cell
Grm4,-0.2765492,-22.829235,0.7821262928179776,1.0,astrocyte_vs_endothelial cell,astrocyte,endothelial cell
Cnpy1,-0.2765492,-22.677534,0.7821262928179776,1.0,astrocyte_vs_endothelial cell,astrocyte,endothelial cell
Gpr158,-0.2765492,-22.783186,0.7821262928179776,1.0,astrocyte_vs_endothelial cell,astrocyte,endothelial cell
Enox1,-0.2765492,-22.752945,0.7821262928179776,1.0,astrocyte_vs_endothelial cell,astrocyte,endothelial cell
Car3,-0.2765492,-22.736778,0.7821262928179776,1.0,astrocyte_vs_endothelial cell,astrocyte,endothelial cell
E330013P04Rik,-0.2765492,-22.863047,0.7821262928179776,1.0,astrocyte_vs_endothelial cell,astrocyte,endothelial cell
Prox1,-0.2765492,-22.660967,0.7821262928179776,1.0,astrocyte_vs_endothelial cell,astrocyte,endothelial cell
Ptprj,-0.2844506,-1.4623381,0.776065099103356,1.0,astrocyte_vs_endothelial cell,astrocyte,endothelial cell
Sctr,-0.28501496,-2.3216033,0.7756326732770824,1.0,astrocyte_vs_endothelial cell,astrocyte,endothelial cell
Rpap2,-0.28684923,-2.0130215,0.7742277703525613,1.0,astrocyte_vs_endothelial cell,astrocyte,endothelial cell
Opcml,-0.293128,-1.2416285,0.769424300488569,1.0,astrocyte_vs_endothelial cell,astrocyte,endothelial cell
Fchsd2,-0.2958794,-0.7447294,0.7673221822516842,1.0,astrocyte_vs_endothelial cell,astrocyte,endothelial cell
Fat1,-0.301876,-0.4615728,0.7627465891422347,1.0,astrocyte_vs_endothelial cell,astrocyte,endothelial cell
Il1rapl1,-0.3042041,-23.164759,0.7609724042519722,1.0,astrocyte_vs_endothelial cell,astrocyte,endothelial cell
Gm2694,-0.3042041,-23.317581,0.7609724042519722,1.0,astrocyte_vs_endothelial cell,astrocyte,endothelial cell
Gfra1,-0.30759043,-1.5228353,0.7583940162636265,1.0,astrocyte_vs_endothelial cell,astrocyte,endothelial cell
Slc39a11,-0.3078726,-1.6645814,0.7581792713927369,1.0,astrocyte_vs_endothelial cell,astrocyte,endothelial cell
Cadps2,-0.31189385,-2.1296797,0.755121191507403,1.0,astrocyte_vs_endothelial cell,astrocyte,endothelial cell
Glis3,-0.31344593,-4.420408,0.7539419027440678,1.0,astrocyte_vs_endothelial cell,astrocyte,endothelial cell
Prkcd,-0.31760827,-0.5892888,0.7507821034808368,1.0,astrocyte_vs_endothelial cell,astrocyte,endothelial cell
A2m,-0.31887814,-1.0943038,0.7498189257160033,1.0,astrocyte_vs_endothelial cell,astrocyte,endothelial cell
Pde1b,-0.3204302,-1.208467,0.7486422381414455,1.0,astrocyte_vs_endothelial cell,astrocyte,endothelial cell
Btbd3,-0.32289937,-0.65302354,0.7467714419795808,1.0,astrocyte_vs_endothelial cell,astrocyte,endothelial cell
Six3,-0.32311103,-3.6911972,0.7466111572547056,1.0,astrocyte_vs_endothelial cell,astrocyte,endothelial cell
Maml2,-0.32607406,-0.93891555,0.7443683248988967,1.0,astrocyte_vs_endothelial cell,astrocyte,endothelial cell
Rfx2,-0.32924873,-1.3888807,0.7419676941831066,1.0,astrocyte_vs_endothelial cell,astrocyte,endothelial cell
Robo1,-0.3328467,-1.394712,0.7392500123766754,1.0,astrocyte_vs_endothelial cell,astrocyte,endothelial cell
Mamdc2,-0.33933714,-1.0498697,0.7343557747699099,1.0,astrocyte_vs_endothelial cell,astrocyte,endothelial cell
Rgs9,-0.33976042,-2.3487835,0.7340369573980706,1.0,astrocyte_vs_endothelial cell,astrocyte,endothelial cell
Fam183b,-0.34117138,-3.5525148,0.7329745642339482,1.0,astrocyte_vs_endothelial cell,astrocyte,endothelial cell
Bdnf,-0.34963718,-1.9705287,0.7266110076346519,1.0,astrocyte_vs_endothelial cell,astrocyte,endothelial cell
Gpam,-0.35951394,-23.150145,0.7192106573293544,1.0,astrocyte_vs_endothelial cell,astrocyte,endothelial cell
Ptpro,-0.36776808,-2.6529717,0.7130461731657449,1.0,astrocyte_vs_endothelial cell,astrocyte,endothelial cell
C1ql1,-0.36875576,-1.0496167,0.7123097870946724,1.0,astrocyte_vs_endothelial cell,astrocyte,endothelial cell
Ghr,-0.37228316,-0.8264829,0.7096820301668303,1.0,astrocyte_vs_endothelial cell,astrocyte,endothelial cell
Dhrs3,-0.37969074,-0.90496564,0.7041749989777977,1.0,astrocyte_vs_endothelial cell,astrocyte,endothelial cell
Zswim5,-0.38716885,-23.378277,0.6986312095223585,1.0,astrocyte_vs_endothelial cell,astrocyte,endothelial cell
Gpnmb,-0.38716885,-23.290848,0.6986312095223585,1.0,astrocyte_vs_endothelial cell,astrocyte,endothelial cell
Xkr6,-0.38716885,-23.508217,0.6986312095223585,1.0,astrocyte_vs_endothelial cell,astrocyte,endothelial cell
Dlk1,-0.38716885,-23.302439,0.6986312095223585,1.0,astrocyte_vs_endothelial cell,astrocyte,endothelial cell
Cnr1,-0.38865036,-2.3453245,0.6975348054399713,1.0,astrocyte_vs_endothelial cell,astrocyte,endothelial cell
Lair1,-0.39563465,-2.686131,0.6923745780854812,1.0,astrocyte_vs_endothelial cell,astrocyte,endothelial cell
Lypd1,-0.39817438,-2.0276124,0.6905016509925472,1.0,astrocyte_vs_endothelial cell,astrocyte,endothelial cell
Grip1,-0.40607578,-3.3700836,0.6846869185079663,1.0,astrocyte_vs_endothelial cell,astrocyte,endothelial cell
Per2,-0.4064991,-3.086326,0.684375937953283,1.0,astrocyte_vs_endothelial cell,astrocyte,endothelial cell
Mbd5,-0.41087306,-1.2849909,0.6811656136863045,1.0,astrocyte_vs_endothelial cell,astrocyte,endothelial cell
Herc3,-0.41496485,-2.2845967,0.6781676245486646,1.0,astrocyte_vs_endothelial cell,astrocyte,endothelial cell
Celsr1,-0.41679913,-2.663342,0.6768253469294541,1.0,astrocyte_vs_endothelial cell,astrocyte,endothelial cell
Bcar3,-0.4271697,-0.76603884,0.6692557194196728,1.0,astrocyte_vs_endothelial cell,astrocyte,endothelial cell
Phf21a,-0.42808685,-0.9818881,0.6685878971889021,1.0,astrocyte_vs_endothelial cell,astrocyte,endothelial cell
Efna5,-0.43641153,-2.024529,0.662538171220511,1.0,astrocyte_vs_endothelial cell,astrocyte,endothelial cell
Aldh1a1,-0.44473624,-0.23515214,0.656510383860625,1.0,astrocyte_vs_endothelial cell,astrocyte,endothelial cell
Hs3st3a1,-0.45179105,-3.4616408,0.6514195137428682,1.0,astrocyte_vs_endothelial cell,astrocyte,endothelial cell
BC026585,-0.4657596,-1.5868888,0.6413875778981399,1.0,astrocyte_vs_endothelial cell,astrocyte,endothelial cell
Matn4,-0.46597126,-2.308917,0.6412360753195285,1.0,astrocyte_vs_endothelial cell,astrocyte,endothelial cell
Thbs4,-0.4701336,-23.826729,0.6382595675557045,1.0,astrocyte_vs_endothelial cell,astrocyte,endothelial cell
Eepd1,-0.4784583,-1.7578274,0.6323240487290713,1.0,astrocyte_vs_endothelial cell,astrocyte,endothelial cell
Robo2,-0.48325557,-1.2366241,0.6289142759667834,1.0,astrocyte_vs_endothelial cell,astrocyte,endothelial cell
Dock4,-0.49369672,-2.2413082,0.6215203805172377,1.0,astrocyte_vs_endothelial cell,astrocyte,endothelial cell
Dennd2a,-0.49976388,-0.8210076,0.6172413518921269,1.0,astrocyte_vs_endothelial cell,astrocyte,endothelial cell
Itpkb,-0.5003988,-0.5661869,0.6167942933508458,1.0,astrocyte_vs_endothelial cell,astrocyte,endothelial cell
Fgd6,-0.5022331,-1.4632343,0.6155035891256657,1.0,astrocyte_vs_endothelial cell,astrocyte,endothelial cell
Dock7,-0.5063954,-0.92909807,0.6125790969163047,1.0,astrocyte_vs_endothelial cell,astrocyte,endothelial cell
Aspa,-0.5063954,-2.597864,0.6125790969163047,1.0,astrocyte_vs_endothelial cell,astrocyte,endothelial cell
A730056A06Rik,-0.52544343,-23.706701,0.5992749628438528,1.0,astrocyte_vs_endothelial cell,astrocyte,endothelial cell
Eya1,-0.535038,-2.0770547,0.5926235792128944,1.0,astrocyte_vs_endothelial cell,astrocyte,endothelial cell
Ext1,-0.53835374,-1.5437567,0.5903328357559576,1.0,astrocyte_vs_endothelial cell,astrocyte,endothelial cell
1700113A16Rik,-0.54505587,-2.9693522,0.5857151027314554,1.0,astrocyte_vs_endothelial cell,astrocyte,endothelial cell
Vav3,-0.5454791,-4.12362,0.5854240202117219,1.0,astrocyte_vs_endothelial cell,astrocyte,endothelial cell
Park2,-0.5530984,-23.639858,0.5801960617391555,1.0,astrocyte_vs_endothelial cell,astrocyte,endothelial cell
4932443I19Rik,-0.5530984,-24.022985,0.5801960617391555,1.0,astrocyte_vs_endothelial cell,astrocyte,endothelial cell
Csmd1,-0.56099975,-3.0054183,0.5747976994373402,1.0,astrocyte_vs_endothelial cell,astrocyte,endothelial cell
Lrrc4c,-0.5707354,-2.5899768,0.568179003812948,1.0,astrocyte_vs_endothelial cell,astrocyte,endothelial cell
Tnr,-0.5794834,-2.168537,0.5622630402078235,1.0,astrocyte_vs_endothelial cell,astrocyte,endothelial cell
Rfx3,-0.58075327,-1.4115762,0.5614067505295008,1.0,astrocyte_vs_endothelial cell,astrocyte,endothelial cell
Nr3c2,-0.5811766,-2.2866488,0.5611214608724444,1.0,astrocyte_vs_endothelial cell,astrocyte,endothelial cell
Shroom3,-0.5839985,-3.6654835,0.5592213248004441,1.0,astrocyte_vs_endothelial cell,astrocyte,endothelial cell
Smad9,-0.5904184,-3.8551855,0.5549101868911318,1.0,astrocyte_vs_endothelial cell,astrocyte,endothelial cell
Cachd1,-0.59309924,-1.29705,0.5531147522998034,1.0,astrocyte_vs_endothelial cell,astrocyte,endothelial cell
Neat1,-0.59309924,-0.64887595,0.5531147522998034,1.0,astrocyte_vs_endothelial cell,astrocyte,endothelial cell
Tox,-0.6010712,-3.6763332,0.547792582225595,1.0,astrocyte_vs_endothelial cell,astrocyte,endothelial cell
Gpr179,-0.6084082,-23.986036,0.5429167791975995,1.0,astrocyte_vs_endothelial cell,astrocyte,endothelial cell
Gabrg3,-0.6084082,-23.994963,0.5429167791975995,1.0,astrocyte_vs_endothelial cell,astrocyte,endothelial cell
Crym,-0.61130065,-3.2633715,0.5410005467067249,1.0,astrocyte_vs_endothelial cell,astrocyte,endothelial cell
Dmp1,-0.6148986,-2.6100447,0.5386216660022701,1.0,astrocyte_vs_endothelial cell,astrocyte,endothelial cell
Sox11,-0.62646854,-2.5656657,0.5310076609619593,1.0,astrocyte_vs_endothelial cell,astrocyte,endothelial cell
Slc9a9,-0.63803846,-2.8952396,0.5234486435241612,1.0,astrocyte_vs_endothelial cell,astrocyte,endothelial cell
Cdh4,-0.6423419,-2.048546,0.5206512109647721,1.0,astrocyte_vs_endothelial cell,astrocyte,endothelial cell
Olfr287,-0.66371804,-24.123484,0.5068707985031196,1.0,astrocyte_vs_endothelial cell,astrocyte,endothelial cell
Porcn,-0.6654112,-2.1400945,0.5057875319253666,1.0,astrocyte_vs_endothelial cell,astrocyte,endothelial cell
Grik4,-0.67373586,-4.1375504,0.5004792456215923,1.0,astrocyte_vs_endothelial cell,astrocyte,endothelial cell
Smpdl3a,-0.6756407,-0.60250646,0.4992688042965632,1.0,astrocyte_vs_endothelial cell,astrocyte,endothelial cell
Utp14b,-0.67832154,-1.7699258,0.4975678581174785,1.0,astrocyte_vs_endothelial cell,astrocyte,endothelial cell
Cecr2,-0.6879161,-2.3922205,0.4915056290036227,1.0,astrocyte_vs_endothelial cell,astrocyte,endothelial cell
Nckap5,-0.6932072,-2.806204,0.4881795298450168,1.0,astrocyte_vs_endothelial cell,astrocyte,endothelial cell
Fars2,-0.6974401,-0.9427933,0.48552741581619474,1.0,astrocyte_vs_endothelial cell,astrocyte,endothelial cell
Slc46a1,-0.6985689,-2.2292628,0.4848215047750848,1.0,astrocyte_vs_endothelial cell,astrocyte,endothelial cell
Cntnap2,-0.70647025,-2.9972024,0.4798957325458294,1.0,astrocyte_vs_endothelial cell,astrocyte,endothelial cell
Kif5a,-0.71465385,-1.6698395,0.474822947628356,1.0,astrocyte_vs_endothelial cell,astrocyte,endothelial cell
Emid1,-0.7200155,-1.4215953,0.4715154278425383,1.0,astrocyte_vs_endothelial cell,astrocyte,endothelial cell
Fam155a,-0.7375115,-2.9739103,0.4608113475025313,1.0,astrocyte_vs_endothelial cell,astrocyte,endothelial cell
Morn2,-0.73906356,-1.004482,0.45986839697168347,1.0,astrocyte_vs_endothelial cell,astrocyte,endothelial cell
Ptpn4,-0.7462595,-1.8301424,0.45551067624660113,1.0,astrocyte_vs_endothelial cell,astrocyte,endothelial cell
Nova1,-0.74633,-2.899382,0.4554680688562771,1.0,astrocyte_vs_endothelial cell,astrocyte,endothelial cell
P4ha3,-0.74668276,-24.241636,0.4552550655562967,1.0,astrocyte_vs_endothelial cell,astrocyte,endothelial cell
Pla2g3,-0.74668276,-24.300476,0.4552550655562967,1.0,astrocyte_vs_endothelial cell,astrocyte,endothelial cell
Dao,-0.74668276,-24.445578,0.4552550655562967,1.0,astrocyte_vs_endothelial cell,astrocyte,endothelial cell
Peli2,-0.758676,-0.9363764,0.4480464054775485,1.0,astrocyte_vs_endothelial cell,astrocyte,endothelial cell
Mgat4c,-0.7655897,-2.271121,0.4439204658469408,1.0,astrocyte_vs_endothelial cell,astrocyte,endothelial cell
Chrdl1,-0.79564327,-3.9412587,0.4262394065730678,0.9950844679666087,astrocyte_vs_endothelial cell,astrocyte,endothelial cell
Nebl,-0.797407,-0.79046094,0.42521470643812354,0.9950844679666087,astrocyte_vs_endothelial cell,astrocyte,endothelial cell
Ehbp1,-0.80904746,-2.1513453,0.4184878571564974,0.9823658618697122,astrocyte_vs_endothelial cell,astrocyte,endothelial cell
Ntng1,-0.811305,-2.1152105,0.41719054641697273,0.981614006748806,astrocyte_vs_endothelial cell,astrocyte,endothelial cell
Ttll3,-0.81151664,-4.0209656,0.4170690452100977,0.981614006748806,astrocyte_vs_endothelial cell,astrocyte,endothelial cell
Acaca,-0.81215155,-1.187223,0.41670466679551565,0.981614006748806,astrocyte_vs_endothelial cell,astrocyte,endothelial cell
Lpar4,-0.8224516,-1.6300498,0.41081991484775005,0.9720596687767968,astrocyte_vs_endothelial cell,astrocyte,endothelial cell
Prss56,-0.82964754,-24.76571,0.4067380924336542,0.9672725147054797,astrocyte_vs_endothelial cell,astrocyte,endothelial cell
Astn2,-0.82964754,-24.411606,0.4067380924336542,0.9672725147054797,astrocyte_vs_endothelial cell,astrocyte,endothelial cell
Ccdc80,-0.8414291,-0.90442926,0.4001075918190121,0.9617970957187791,astrocyte_vs_endothelial cell,astrocyte,endothelial cell
Sema5b,-0.8440394,-2.6178534,0.39864740014145905,0.9612612198452957,astrocyte_vs_endothelial cell,astrocyte,endothelial cell
Abtb2,-0.86111206,-1.4989003,0.3891763280456463,0.9400394397237833,astrocyte_vs_endothelial cell,astrocyte,endothelial cell
Kcnc1,-0.863158,-1.8487331,0.3880506249901967,0.9384537484648047,astrocyte_vs_endothelial cell,astrocyte,endothelial cell
Auts2,-0.87881964,-0.7394481,0.3794990580270322,0.919997716429169,astrocyte_vs_endothelial cell,astrocyte,endothelial cell
Fam19a1,-0.8849574,-24.770329,0.37617962342553246,0.9141667640960692,astrocyte_vs_endothelial cell,astrocyte,endothelial cell
Ucp3,-0.8849574,-24.734358,0.37617962342553246,0.9141667640960692,astrocyte_vs_endothelial cell,astrocyte,endothelial cell
Gria4,-0.8864389,-2.8474805,0.3753810734994628,0.9141667640960692,astrocyte_vs_endothelial cell,astrocyte,endothelial cell
Cdk5rap2,-0.8956807,-2.75501,0.3704233176396041,0.9079002883323631,astrocyte_vs_endothelial cell,astrocyte,endothelial cell
Car8,-0.8956807,-5.0078573,0.3704233176396041,0.9079002883323631,astrocyte_vs_endothelial cell,astrocyte,endothelial cell
Tcf7l2,-0.8977266,-1.2940747,0.36933132137950275,0.9079002883323631,astrocyte_vs_endothelial cell,astrocyte,endothelial cell
Srxn1,-0.89807934,-1.6589565,0.36914324866018733,0.9079002883323631,astrocyte_vs_endothelial cell,astrocyte,endothelial cell
Ctif,-0.89864373,-1.8376659,0.36884245621688594,0.9079002883323631,astrocyte_vs_endothelial cell,astrocyte,endothelial cell
Tnfrsf19,-0.90541637,-0.62012154,0.365244848468806,0.9029538899105216,astrocyte_vs_endothelial cell,astrocyte,endothelial cell
Trpm3,-0.9117657,-1.0983946,0.3618920648884185,0.8979951982342891,astrocyte_vs_endothelial cell,astrocyte,endothelial cell
Ampd3,-0.912189,-1.896066,0.3616692338565469,0.8979951982342891,astrocyte_vs_endothelial cell,astrocyte,endothelial cell
Gli1,-0.91945547,-3.4904497,0.35785738692381963,0.890192504785621,astrocyte_vs_endothelial cell,astrocyte,endothelial cell
Ephb1,-0.92178357,-2.2566593,0.35664148301220666,0.8893802568882959,astrocyte_vs_endothelial cell,astrocyte,endothelial cell
Ptprt,-0.9222069,-2.3311698,0.35642068958494677,0.8893802568882959,astrocyte_vs_endothelial cell,astrocyte,endothelial cell
2610035D17Rik,-0.9232651,-4.5691977,0.35586908303314435,0.8893802568882959,astrocyte_vs_endothelial cell,astrocyte,endothelial cell
Prrx1,-0.9357521,-1.0218225,0.34940082966747765,0.8801028455100193,astrocyte_vs_endothelial cell,astrocyte,endothelial cell
B3galt1,-0.9402672,-24.602957,0.3470805161852175,0.8764659499626705,astrocyte_vs_endothelial cell,astrocyte,endothelial cell
B230323A14Rik,-0.9402672,-24.806442,0.3470805161852175,0.8764659499626705,astrocyte_vs_endothelial cell,astrocyte,endothelial cell
Ptpn13,-0.940761,-2.0039494,0.3468273281596166,0.8764659499626705,astrocyte_vs_endothelial cell,astrocyte,endothelial cell
Itga6,-0.94167817,-0.67427737,0.3463574338307277,0.8764659499626705,astrocyte_vs_endothelial cell,astrocyte,endothelial cell
Myoc,-0.96792215,-25.528074,0.3330832638925383,0.847540111685848,astrocyte_vs_endothelial cell,astrocyte,endothelial cell
Stoml1,-0.9706029,-1.9475965,0.33174603218829546,0.8462908984395292,astrocyte_vs_endothelial cell,astrocyte,endothelial cell
Tmem176b,-0.9708146,-0.81065017,0.331640609256755,0.8462908984395292,astrocyte_vs_endothelial cell,astrocyte,endothelial cell
Zfp462,-0.9806208,-1.8431892,0.3267797676208023,0.8400403271186407,astrocyte_vs_endothelial cell,astrocyte,endothelial cell
Phf21b,-1.0004449,-3.1670926,0.3170952635899872,0.8172558339948123,astrocyte_vs_endothelial cell,astrocyte,endothelial cell
4932438H23Rik,-1.0060182,-2.8535836,0.31440682253772667,0.8113724452586495,astrocyte_vs_endothelial cell,astrocyte,endothelial cell
Abcb8,-1.0082052,-1.8148525,0.3133559712176275,0.8097053519835335,astrocyte_vs_endothelial cell,astrocyte,endothelial cell
Camk2a,-1.0162476,-2.3086157,0.30951145520544177,0.8018431482006263,astrocyte_vs_endothelial cell,astrocyte,endothelial cell
Gm973,-1.0180113,-5.0509095,0.30867254368518215,0.8014029354992858,astrocyte_vs_endothelial cell,astrocyte,endothelial cell
Magi2,-1.0239375,-2.811488,0.30586482341547483,0.7954871870363455,astrocyte_vs_endothelial cell,astrocyte,endothelial cell
Smoc1,-1.0493348,-1.7341639,0.29402404722459285,0.7727307417203492,astrocyte_vs_endothelial cell,astrocyte,endothelial cell
Ncam2,-1.0508869,-24.85857,0.29331054773098153,0.7718698624499514,astrocyte_vs_endothelial cell,astrocyte,endothelial cell
Zhx2,-1.0570952,-2.3305593,0.2904681758948273,0.7653970379310338,astrocyte_vs_endothelial cell,astrocyte,endothelial cell
Mapk4,-1.064291,-1.9539386,0.28719687232119107,0.7597800855057965,astrocyte_vs_endothelial cell,astrocyte,endothelial cell
Prkd1,-1.0881363,-2.519236,0.27653491456258883,0.7374264388335702,astrocyte_vs_endothelial cell,astrocyte,endothelial cell
Deb1,-1.0939919,-0.69868463,0.2739585461590599,0.73391683376012,astrocyte_vs_endothelial cell,astrocyte,endothelial cell
Npy,-1.1142392,-2.5866158,0.2651765759937763,0.7166934486318278,astrocyte_vs_endothelial cell,astrocyte,endothelial cell
Rgs7,-1.1537462,-3.5473964,0.24860422006231864,0.67924650290251,astrocyte_vs_endothelial cell,astrocyte,endothelial cell
Sdk2,-1.1631997,-2.9796066,0.24474848511043423,0.6696264982501621,astrocyte_vs_endothelial cell,astrocyte,endothelial cell
Cacng4,-1.2005903,-1.5662645,0.22991017124206725,0.6351109702819537,astrocyte_vs_endothelial cell,astrocyte,endothelial cell
Csgalnact1,-1.2091266,-1.5567341,0.2266142017734819,0.6303593929721333,astrocyte_vs_endothelial cell,astrocyte,endothelial cell
Ppp1r1b,-1.2480693,-1.0103054,0.21200569289989646,0.599032102250993,astrocyte_vs_endothelial cell,astrocyte,endothelial cell
Alpl,-1.2509618,-1.8798573,0.2109484355536394,0.5975876361292901,astrocyte_vs_endothelial cell,astrocyte,endothelial cell
Dbndd2,-1.2595686,-1.1998343,0.2078250177336014,0.5895745183931955,astrocyte_vs_endothelial cell,astrocyte,endothelial cell
Ppp1r14c,-1.2632371,-2.4486754,0.20650396913945424,0.5874935110653037,astrocyte_vs_endothelial cell,astrocyte,endothelial cell
Ptgs1,-1.2643659,-3.31411,0.20609872193413525,0.5874935110653037,astrocyte_vs_endothelial cell,astrocyte,endothelial cell
Ctnna2,-1.2941372,-2.644572,0.19561800720063616,0.5629295171241329,astrocyte_vs_endothelial cell,astrocyte,endothelial cell
Tmem164,-1.2981585,-2.1422596,0.1942328655452833,0.5597488920613352,astrocyte_vs_endothelial cell,astrocyte,endothelial cell
Chst11,-1.3011216,-1.529,0.1932168505267997,0.5579728703386608,astrocyte_vs_endothelial cell,astrocyte,endothelial cell
Tns3,-1.3243319,-1.3217683,0.18539282956265457,0.5412929330296483,astrocyte_vs_endothelial cell,astrocyte,endothelial cell
Pcdh11x,-1.341969,-2.950153,0.17960604791446733,0.5267039528283499,astrocyte_vs_endothelial cell,astrocyte,endothelial cell
Nfasc,-1.3428861,-2.0051625,0.17930884974143346,0.5266045513698486,astrocyte_vs_endothelial cell,astrocyte,endothelial cell
Sox5,-1.3821815,-2.1690066,0.16691597711460127,0.4938342518183469,astrocyte_vs_endothelial cell,astrocyte,endothelial cell
Grid1,-1.3827459,-25.052145,0.16674279490529087,0.4938342518183469,astrocyte_vs_endothelial cell,astrocyte,endothelial cell
Dclk2,-1.385215,-2.56531,0.16598671054366243,0.49254216778534843,astrocyte_vs_endothelial cell,astrocyte,endothelial cell
Kank1,-1.3890952,-1.3172977,0.16480379235303222,0.48975866969697535,astrocyte_vs_endothelial cell,astrocyte,endothelial cell
Gli2,-1.4104009,-25.219147,0.1584213663458207,0.4736064763701665,astrocyte_vs_endothelial cell,astrocyte,endothelial cell
Dpp6,-1.4155508,-3.8026874,0.15690705529057253,0.4697816026663848,astrocyte_vs_endothelial cell,astrocyte,endothelial cell
Pou2f1,-1.4204186,-1.3937222,0.1554858326580742,0.4670250359626219,astrocyte_vs_endothelial cell,astrocyte,endothelial cell
Rmst,-1.4224646,-6.5735354,0.15489143203715275,0.4670250359626219,astrocyte_vs_endothelial cell,astrocyte,endothelial cell
Papss2,-1.4293077,-3.9505181,0.15291580128830645,0.4626801854411693,astrocyte_vs_endothelial cell,astrocyte,endothelial cell
Igsf21,-1.4307187,-4.0219803,0.152510849059819,0.46215408806005753,astrocyte_vs_endothelial cell,astrocyte,endothelial cell
Boc,-1.4456749,-2.667357,0.1482683963986154,0.4499799587211392,astrocyte_vs_endothelial cell,astrocyte,endothelial cell
Cyp7b1,-1.4478619,-4.5418425,0.1476556668625387,0.44880141903507204,astrocyte_vs_endothelial cell,astrocyte,endothelial cell
Meis1,-1.4850409,-3.2682402,0.13753299826014972,0.42275810215222587,astrocyte_vs_endothelial cell,astrocyte,endothelial cell
Dpf3,-1.4993621,-3.7413316,0.13377970312124923,0.4141786474342081,astrocyte_vs_endothelial cell,astrocyte,endothelial cell
Kcnd2,-1.5040889,-2.8961961,0.13255847820981626,0.41103404096067053,astrocyte_vs_endothelial cell,astrocyte,endothelial cell
Pvrl3,-1.5046533,-2.4597075,0.1324132391568172,0.41103404096067053,astrocyte_vs_endothelial cell,astrocyte,endothelial cell
Reln,-1.5210205,-25.264326,0.1282546976315249,0.399547344646495,astrocyte_vs_endothelial cell,astrocyte,endothelial cell
Lgr6,-1.5210205,-25.526228,0.1282546976315249,0.399547344646495,astrocyte_vs_endothelial cell,astrocyte,endothelial cell
Nrxn3,-1.524689,-2.707912,0.1273366889535354,0.3979271529797981,astrocyte_vs_endothelial cell,astrocyte,endothelial cell
Xist,-1.5771064,-0.46332285,0.11477105681003552,0.3637751404438527,astrocyte_vs_endothelial cell,astrocyte,endothelial cell
Fads2,-1.6017277,-5.3841124,0.10921583906101709,0.3483758821723033,astrocyte_vs_endothelial cell,astrocyte,endothelial cell
Rgs6,-1.6144264,-1.9847339,0.10643497410911049,0.3411377375292003,astrocyte_vs_endothelial cell,astrocyte,endothelial cell
Gpc6,-1.6156962,-1.5903047,0.10616000300812188,0.3411377375292003,astrocyte_vs_endothelial cell,astrocyte,endothelial cell
Slc7a11,-1.7058569,-0.4530586,0.08803472192922628,0.2881660292282366,astrocyte_vs_endothelial cell,astrocyte,endothelial cell
Nwd1,-1.7129117,-5.4049644,0.08672877662522804,0.28482356855575713,astrocyte_vs_endothelial cell,astrocyte,endothelial cell
Kcnn3,-1.7129117,-4.771433,0.08672877662522804,0.28482356855575713,astrocyte_vs_endothelial cell,astrocyte,endothelial cell
Grid2,-1.7150282,-3.3939583,0.0863400575659403,0.28448124403934205,astrocyte_vs_endothelial cell,astrocyte,endothelial cell
Lgmn,-1.7335118,-1.0637642,0.0830047349087698,0.27530592009542226,astrocyte_vs_endothelial cell,astrocyte,endothelial cell
Mboat2,-1.748327,-2.105851,0.08040742491482403,0.2681875779555188,astrocyte_vs_endothelial cell,astrocyte,endothelial cell
Tmem176a,-1.7503729,-1.294317,0.0800539935633848,0.26773910890764147,astrocyte_vs_endothelial cell,astrocyte,endothelial cell
Sdsl,-1.7699147,-25.722672,0.07674134460894737,0.2583883656866915,astrocyte_vs_endothelial cell,astrocyte,endothelial cell
Ptprd,-1.823602,-1.853865,0.0682122688846436,0.23280637844588262,astrocyte_vs_endothelial cell,astrocyte,endothelial cell
Adcy8,-1.8252245,-25.588156,0.06796714634784062,0.23236631230030982,astrocyte_vs_endothelial cell,astrocyte,endothelial cell
Hipk2,-1.8459657,-1.7697842,0.06489717631612262,0.22378336660731937,astrocyte_vs_endothelial cell,astrocyte,endothelial cell
Frmpd1,-1.8659309,-5.6685605,0.06205103046037168,0.2147094479597636,astrocyte_vs_endothelial cell,astrocyte,endothelial cell
Nr2e1,-1.866072,-6.225915,0.06203128996565572,0.2147094479597636,astrocyte_vs_endothelial cell,astrocyte,endothelial cell
Xylt1,-1.8779947,-3.3706398,0.06038189340409817,0.2107570450404823,astrocyte_vs_endothelial cell,astrocyte,endothelial cell
Dusp18,-1.9108702,-2.5115073,0.056021267986717645,0.19656585258497422,astrocyte_vs_endothelial cell,astrocyte,endothelial cell
Sfrp5,-1.9491073,-6.417288,0.05128260945722061,0.18089103864980816,astrocyte_vs_endothelial cell,astrocyte,endothelial cell
Gdf10,-1.9911541,-26.24084,0.04646394995423688,0.1656282580712399,astrocyte_vs_endothelial cell,astrocyte,endothelial cell
Itpr2,-2.0206432,-1.4692254,0.043316707610215666,0.15581549500077577,astrocyte_vs_endothelial cell,astrocyte,endothelial cell
Itgb5,-2.0643833,-1.4657997,0.03898140010853446,0.1407270762040955,astrocyte_vs_endothelial cell,astrocyte,endothelial cell
Mmp14,-2.083925,-1.704309,0.03716698568064068,0.1346629915965242,astrocyte_vs_endothelial cell,astrocyte,endothelial cell
Nhsl1,-2.088652,-2.0889182,0.036739080458188605,0.13359665621159492,astrocyte_vs_endothelial cell,astrocyte,endothelial cell
Nlgn1,-2.1157422,-3.3379383,0.0343667298686903,0.12611643988510202,astrocyte_vs_endothelial cell,astrocyte,endothelial cell
Rlbp1,-2.1294286,-25.84613,0.03321881021129134,0.12235289212262003,astrocyte_vs_endothelial cell,astrocyte,endothelial cell
Slc29a3,-2.165761,-2.6077957,0.03032945284945042,0.11233130684981636,astrocyte_vs_endothelial cell,astrocyte,endothelial cell
Dnaic1,-2.1710522,-6.1644664,0.029927230708020152,0.1110472382486833,astrocyte_vs_endothelial cell,astrocyte,endothelial cell
Hdac8,-2.1923578,-2.3791308,0.028353686871616254,0.10579733907319497,astrocyte_vs_endothelial cell,astrocyte,endothelial cell
Lrrc16a,-2.2192366,-2.4137576,0.026470631706623334,0.09932694824248905,astrocyte_vs_endothelial cell,astrocyte,endothelial cell
Cdh10,-2.2257977,-5.7984824,0.0260277418616337,0.09784865361516427,astrocyte_vs_endothelial cell,astrocyte,endothelial cell
Ephx2,-2.2372265,-3.407307,0.02527154575964835,0.09536432362131453,astrocyte_vs_endothelial cell,astrocyte,endothelial cell
C4b,-2.2494314,-2.2834868,0.024485071384873974,0.09274648251846201,astrocyte_vs_endothelial cell,astrocyte,endothelial cell
Slc38a3,-2.263047,-0.81344163,0.023632787348295877,0.08985850702774098,astrocyte_vs_endothelial cell,astrocyte,endothelial cell
Kirrel3,-2.3365583,-5.7719507,0.01946215948753024,0.07485445956742401,astrocyte_vs_endothelial cell,astrocyte,endothelial cell
Adhfe1,-2.3810744,-3.8358781,0.017262229013910047,0.06677844879655724,astrocyte_vs_endothelial cell,astrocyte,endothelial cell
Tnc,-2.405978,-26.088955,0.016129242507008614,0.06263783497867423,astrocyte_vs_endothelial cell,astrocyte,endothelial cell
Mgst1,-2.4379363,-1.3456748,0.014771380212743207,0.05770070395602815,astrocyte_vs_endothelial cell,astrocyte,endothelial cell
Igdcc4,-2.4476013,-6.0137386,0.014381068264577714,0.05628598146605759,astrocyte_vs_endothelial cell,astrocyte,endothelial cell
Mertk,-2.479066,-1.7663158,0.013172698451909217,0.05175912947704997,astrocyte_vs_endothelial cell,astrocyte,endothelial cell
Nav2,-2.4797714,-2.092878,0.01314666629483232,0.051758528719812284,astrocyte_vs_endothelial cell,astrocyte,endothelial cell
Fzd1,-2.4814644,-3.4508977,0.013084374638217306,0.051614890091587005,astrocyte_vs_endothelial cell,astrocyte,endothelial cell
Egfr,-2.4978316,-3.7482586,0.012495550683726426,0.049585518586215974,astrocyte_vs_endothelial cell,astrocyte,endothelial cell
Bmpr1b,-2.5442524,-26.185076,0.010951190766232133,0.043630242096542364,astrocyte_vs_endothelial cell,astrocyte,endothelial cell
Prex2,-2.5527887,-1.0339179,0.010686427991554568,0.04266039118385057,astrocyte_vs_endothelial cell,astrocyte,endothelial cell
Pacrg,-2.643796,-4.088111,0.00819820407010423,0.03299076084548986,astrocyte_vs_endothelial cell,astrocyte,endothelial cell
Fmn2,-2.682527,-26.189096,0.00730682465855039,0.029702539262399963,astrocyte_vs_endothelial cell,astrocyte,endothelial cell
Il33,-2.6954374,-1.5579765,0.007029629318863231,0.028692364566788697,astrocyte_vs_endothelial cell,astrocyte,endothelial cell
Megf10,-2.70736,-3.3867133,0.006782066532745258,0.0277953546423986,astrocyte_vs_endothelial cell,astrocyte,endothelial cell
Phka1,-2.7208347,-3.1245365,0.006511730712913105,0.026742220586912134,astrocyte_vs_endothelial cell,astrocyte,endothelial cell
Pts,-2.7264786,-1.460441,0.0064014104083530326,0.02634325270927174,astrocyte_vs_endothelial cell,astrocyte,endothelial cell
Etv4,-2.7427752,-4.1615586,0.006092236831532057,0.02522665354671659,astrocyte_vs_endothelial cell,astrocyte,endothelial cell
Bcl2,-2.772335,-1.2636513,0.005565573283715925,0.023141676855367672,astrocyte_vs_endothelial cell,astrocyte,endothelial cell
Scara3,-2.7808714,-6.341694,0.005421322391506246,0.022588843297942692,astrocyte_vs_endothelial cell,astrocyte,endothelial cell
Lrp1b,-2.8095844,-3.8735507,0.004960550350083606,0.020798953249826443,astrocyte_vs_endothelial cell,astrocyte,endothelial cell
Sox6,-2.8212955,-2.5927486,0.004783012830096123,0.0201814887345828,astrocyte_vs_endothelial cell,astrocyte,endothelial cell
Dab1,-2.8243291,-5.5703826,0.004737971795235726,0.020042529320503818,astrocyte_vs_endothelial cell,astrocyte,endothelial cell
Fzd2,-2.8440826,-2.5141218,0.004453950741159392,0.018912742000676823,astrocyte_vs_endothelial cell,astrocyte,endothelial cell
Vcam1,-2.8708203,-1.570074,0.0040940814415089885,0.01753353936406419,astrocyte_vs_endothelial cell,astrocyte,endothelial cell
Sybu,-2.8823197,-4.3318834,0.003947589795529537,0.016978880840987254,astrocyte_vs_endothelial cell,astrocyte,endothelial cell
Grm3,-2.9776304,-3.978671,0.0029048604445925425,0.012547993281177288,astrocyte_vs_endothelial cell,astrocyte,endothelial cell
Farp1,-3.0067668,-1.891485,0.0026404220624194736,0.011530227346809929,astrocyte_vs_endothelial cell,astrocyte,endothelial cell
Frmd4a,-3.0136805,-1.9079877,0.002580994042067691,0.011295378739902367,astrocyte_vs_endothelial cell,astrocyte,endothelial cell
S100a6,-3.0275786,-1.193476,0.0024652161903893294,0.010859983217574138,astrocyte_vs_endothelial cell,astrocyte,endothelial cell
Shisa9,-3.042041,-26.490896,0.0023497991474586448,0.010420395332410841,astrocyte_vs_endothelial cell,astrocyte,endothelial cell
Olig2,-3.0545986,-3.7437108,0.0022536195722198597,0.010016086987643821,astrocyte_vs_endothelial cell,astrocyte,endothelial cell
Nfia,-3.1072276,-1.1133448,0.0018885096901177967,0.008526003115655966,astrocyte_vs_endothelial cell,astrocyte,endothelial cell
Baalc,-3.1250057,-26.442013,0.001778016045392003,0.008045321472362005,astrocyte_vs_endothelial cell,astrocyte,endothelial cell
Igfbp5,-3.1337538,-1.5055709,0.0017258565323266342,0.007852349522854062,astrocyte_vs_endothelial cell,astrocyte,endothelial cell
C130071C03Rik,-3.1414435,-6.85581,0.0016811726480566245,0.0076802870333169985,astrocyte_vs_endothelial cell,astrocyte,endothelial cell
Cox7c,-3.1661353,-0.2064694,0.0015447889452197736,0.007135283811638677,astrocyte_vs_endothelial cell,astrocyte,endothelial cell
Gli3,-3.1701567,-4.60208,0.0015235680026900054,0.007053555568009284,astrocyte_vs_endothelial cell,astrocyte,endothelial cell
Gm11627,-3.1714265,-2.27332,0.001516922644863133,0.007039084198900849,astrocyte_vs_endothelial cell,astrocyte,endothelial cell
Hapln1,-3.1803155,-26.56319,0.0014711475968802348,0.00684254696223365,astrocyte_vs_endothelial cell,astrocyte,endothelial cell
Rora,-3.194002,-1.4376205,0.0014031518676627772,0.006541500548544416,astrocyte_vs_endothelial cell,astrocyte,endothelial cell
Apoc1,-3.2165773,-4.0847235,0.0012972955425383243,0.006076325726174821,astrocyte_vs_endothelial cell,astrocyte,endothelial cell
Agl,-3.2425392,-2.3749545,0.0011846968390181046,0.005561956990695327,astrocyte_vs_endothelial cell,astrocyte,endothelial cell
Ntrk3,-3.2445145,-2.252041,0.001176510402602234,0.005536519541657572,astrocyte_vs_endothelial cell,astrocyte,endothelial cell
Ezr,-3.2715344,-1.6048561,0.00106965554871952,0.005069457576869763,astrocyte_vs_endothelial cell,astrocyte,endothelial cell
Cdh20,-3.2783775,-6.130729,0.001044056195836268,0.0049716961706488955,astrocyte_vs_endothelial cell,astrocyte,endothelial cell
Pcdh9,-3.317391,-2.6234722,0.0009086241968258886,0.004357909816910737,astrocyte_vs_endothelial cell,astrocyte,endothelial cell
Sh3pxd2b,-3.3258567,-2.5449126,0.0008814726150285895,0.004237849110714373,astrocyte_vs_endothelial cell,astrocyte,endothelial cell
Dio2,-3.3355217,-7.5950694,0.0008513950151533969,0.004103108506763359,astrocyte_vs_endothelial cell,astrocyte,endothelial cell
Sema6d,-3.3953466,-1.9744858,0.0006854175878936702,0.0033192135006957393,astrocyte_vs_endothelial cell,astrocyte,endothelial cell
Ctso,-3.4037418,-1.8123716,0.0006646953061493992,0.0032266762434436857,astrocyte_vs_endothelial cell,astrocyte,endothelial cell
Clmn,-3.4376757,-3.0171993,0.0005867301419619075,0.0028551345107635405,astrocyte_vs_endothelial cell,astrocyte,endothelial cell
Fam20a,-3.482121,-3.848245,0.0004974588397197103,0.0024325615634215665,astrocyte_vs_endothelial cell,astrocyte,endothelial cell
Gpd1,-3.5233917,-4.522256,0.0004260611165534556,0.0021040055138442254,astrocyte_vs_endothelial cell,astrocyte,endothelial cell
Phlpp1,-3.5321398,-2.3927016,0.0004122114910892775,0.002045714595976563,astrocyte_vs_endothelial cell,astrocyte,endothelial cell
Etv5,-3.545191,-4.02931,0.00039232845878047547,0.001951882879504853,astrocyte_vs_endothelial cell,astrocyte,endothelial cell
Meis2,-3.6676629,-3.2021754,0.0002447775728913528,0.0012362503681381453,astrocyte_vs_endothelial cell,astrocyte,endothelial cell
Igsf1,-3.6789505,-4.822036,0.00023419557331034712,0.001185800371191631,astrocyte_vs_endothelial cell,astrocyte,endothelial cell
Rgs20,-3.7514038,-7.3089895,0.0001758472836200662,0.0009017809416413652,astrocyte_vs_endothelial cell,astrocyte,endothelial cell
Grin3a,-3.7844908,-4.225086,0.00015402357434806928,0.0007939359502477797,astrocyte_vs_endothelial cell,astrocyte,endothelial cell
Msi2,-3.7873127,-1.802431,0.00015228535145849127,0.0007870044003022805,astrocyte_vs_endothelial cell,astrocyte,endothelial cell
Igsf11,-3.8804364,-5.9365134,0.00010426917345104205,0.0005487851234265371,astrocyte_vs_endothelial cell,astrocyte,endothelial cell
Cd9,-3.8912303,-1.1513588,9.973718259551584e-05,0.0005263175862560203,astrocyte_vs_endothelial cell,astrocyte,endothelial cell
Igfbp2,-3.8997667,-0.45586282,9.628542061165651e-05,0.0005094466699029445,astrocyte_vs_endothelial cell,astrocyte,endothelial cell
Phgdh,-3.9305258,-4.1421905,8.47603159287216e-05,0.00045085274430171066,astrocyte_vs_endothelial cell,astrocyte,endothelial cell
Timp3,-3.9602265,-0.60520273,7.487868777676539e-05,0.00040149430443305837,astrocyte_vs_endothelial cell,astrocyte,endothelial cell
Eps8,-3.9687629,-3.3146334,7.22467203413239e-05,0.00038842322764152633,astrocyte_vs_endothelial cell,astrocyte,endothelial cell
Pax6,-3.9823081,-26.84221,6.82492057904917e-05,0.0003679202468490119,astrocyte_vs_endothelial cell,astrocyte,endothelial cell
Spon1,-4.008764,-5.377424,6.103743740264711e-05,0.00033082621898453715,astrocyte_vs_endothelial cell,astrocyte,endothelial cell
Tmem100,-4.012291,-1.5860199,6.013226406743539e-05,0.00032680578297519233,astrocyte_vs_endothelial cell,astrocyte,endothelial cell
Hsd11b1,-4.0367713,-5.2889786,5.419182076443838e-05,0.0002953232739206451,astrocyte_vs_endothelial cell,astrocyte,endothelial cell
Gapdh,-4.0462956,-1.0723332,5.203455376426681e-05,0.00028434182384845253,astrocyte_vs_endothelial cell,astrocyte,endothelial cell
Slc15a2,-4.067319,-6.0985103,4.7557157270114065e-05,0.0002613030619237037,astrocyte_vs_endothelial cell,astrocyte,endothelial cell
Csdc2,-4.089259,-2.2694721,4.3275281415424975e-05,0.0002404182300856943,astrocyte_vs_endothelial cell,astrocyte,endothelial cell
4933431E20Rik,-4.101676,-3.40993,4.101686553606022e-05,0.00022914450020145374,astrocyte_vs_endothelial cell,astrocyte,endothelial cell
Atp13a4,-4.1137395,-5.336116,3.893006053809655e-05,0.00021809557724423838,astrocyte_vs_endothelial cell,astrocyte,endothelial cell
Trps1,-4.1366677,-1.9873799,3.5238574876476294e-05,0.0001979695217779567,astrocyte_vs_endothelial cell,astrocyte,endothelial cell
Nrarp,-4.1658044,-1.1979877,3.1025691598506344e-05,0.00017578295523233058,astrocyte_vs_endothelial cell,astrocyte,endothelial cell
Ddah1,-4.1982565,-1.6215563,2.6897799496838762e-05,0.00015282840623203844,astrocyte_vs_endothelial cell,astrocyte,endothelial cell
Adcy2,-4.3589654,-6.5891843,1.306788120913203e-05,7.59760535414653e-05,astrocyte_vs_endothelial cell,astrocyte,endothelial cell
Sorcs2,-4.4524417,-27.04756,8.489926685015042e-06,5.008806303843682e-05,astrocyte_vs_endothelial cell,astrocyte,endothelial cell
Gna13,-4.485388,-2.0969465,7.278143453625421e-06,4.319372969510635e-05,astrocyte_vs_endothelial cell,astrocyte,endothelial cell
Gpc5,-4.541474,-5.623702,5.586236178143427e-06,3.335066375011001e-05,astrocyte_vs_endothelial cell,astrocyte,endothelial cell
Cyp2j9,-4.6936464,-6.9685545,2.6837793284403475e-06,1.6265329263274832e-05,astrocyte_vs_endothelial cell,astrocyte,endothelial cell
Slc7a2,-4.7177033,-2.2261553,2.3852208662000926e-06,1.4633256847853328e-05,astrocyte_vs_endothelial cell,astrocyte,endothelial cell
Slc14a1,-4.7495203,-8.208496,2.038995329493164e-06,1.2586390922797308e-05,astrocyte_vs_endothelial cell,astrocyte,endothelial cell
AI854517,-4.7557993,-5.177697,1.976627802375457e-06,1.2277191319102218e-05,astrocyte_vs_endothelial cell,astrocyte,endothelial cell
Pgm2,-4.8808813,-3.177096,1.0561277005301107e-06,6.705572701778481e-06,astrocyte_vs_endothelial cell,astrocyte,endothelial cell
Nfib,-4.8853965,-1.4267243,1.0322094766818877e-06,6.574582654024763e-06,astrocyte_vs_endothelial cell,astrocyte,endothelial cell
Csrp1,-4.9122753,-0.72375154,9.002551308811671e-07,5.789422063544483e-06,astrocyte_vs_endothelial cell,astrocyte,endothelial cell
Rfx4,-5.00554,-27.25074,5.570560553729612e-07,3.6290296766968154e-06,astrocyte_vs_endothelial cell,astrocyte,endothelial cell
Entpd2,-5.014923,-3.8885999,5.305469521754008e-07,3.467627138401313e-06,astrocyte_vs_endothelial cell,astrocyte,endothelial cell
Plekhb1,-5.0907626,-3.6615767,3.566266234348262e-07,2.3462277857554356e-06,astrocyte_vs_endothelial cell,astrocyte,endothelial cell
Ctsd,-5.130552,-0.9395253,2.8889427961027093e-07,1.913207149736894e-06,astrocyte_vs_endothelial cell,astrocyte,endothelial cell
Ppp2r2b,-5.537192,-4.85594,3.07359874491491e-08,2.0980196211023277e-07,astrocyte_vs_endothelial cell,astrocyte,endothelial cell
Gpld1,-5.6492224,-4.967358,1.6117517878830697e-08,1.1077331875485016e-07,astrocyte_vs_endothelial cell,astrocyte,endothelial cell
Chst2,-5.984679,-3.1938784,2.168164603072832e-09,1.554239858833571e-08,astrocyte_vs_endothelial cell,astrocyte,endothelial cell
Aldh1l1,-6.0087366,-5.574013,1.8697485357527524e-09,1.3499989427817705e-08,astrocyte_vs_endothelial cell,astrocyte,endothelial cell
Wnt7a,-6.032723,-5.984595,1.6121984263076735e-09,1.168259729208459e-08,astrocyte_vs_endothelial cell,astrocyte,endothelial cell
Sash1,-6.130926,-2.196048,8.736905562270273e-10,6.400663415582617e-09,astrocyte_vs_endothelial cell,astrocyte,endothelial cell
Fxyd1,-6.182356,-1.0582618,6.315204891170735e-10,4.677929549015359e-09,astrocyte_vs_endothelial cell,astrocyte,endothelial cell
Slc39a12,-6.299113,-4.090818,2.993536644461508e-10,2.2678307912587183e-09,astrocyte_vs_endothelial cell,astrocyte,endothelial cell
Cnp,-6.4301915,-1.956317,1.27443126318541e-10,9.917753020898133e-10,astrocyte_vs_endothelial cell,astrocyte,endothelial cell
2310022B05Rik,-6.4303327,-1.5592816,1.2732487851010335e-10,9.917753020898133e-10,astrocyte_vs_endothelial cell,astrocyte,endothelial cell
Chpt1,-6.4912157,-2.3947046,8.514633509383436e-11,6.704435834160186e-10,astrocyte_vs_endothelial cell,astrocyte,endothelial cell
Pbxip1,-6.636898,-1.8344545,3.203529676409854e-11,2.5834916745240755e-10,astrocyte_vs_endothelial cell,astrocyte,endothelial cell
Arhgef26,-6.6438117,-5.918584,3.056727968721732e-11,2.475083375483184e-10,astrocyte_vs_endothelial cell,astrocyte,endothelial cell
Ctnnd2,-6.824486,-5.1078815,8.824073236540549e-12,7.384161704218033e-11,astrocyte_vs_endothelial cell,astrocyte,endothelial cell
Nnat,-6.944206,-2.4032965,3.805939610609298e-12,3.2117633844804204e-11,astrocyte_vs_endothelial cell,astrocyte,endothelial cell
Npas3,-6.967558,-8.823772,3.2249001446812842e-12,2.7329662243061733e-11,astrocyte_vs_endothelial cell,astrocyte,endothelial cell
Olig1,-7.0762725,-3.5193374,1.4808337640542063e-12,1.2602840545142182e-11,astrocyte_vs_endothelial cell,astrocyte,endothelial cell
Slc27a1,-7.2991347,-4.4832993,2.8962446595377626e-13,2.5294713183735915e-12,astrocyte_vs_endothelial cell,astrocyte,endothelial cell
Hopx,-7.3218513,-2.7682397,2.4457336841033897e-13,2.1453804246520964e-12,astrocyte_vs_endothelial cell,astrocyte,endothelial cell
Id4,-7.4473567,-4.862663,9.522904029995338e-14,8.427348699110918e-13,astrocyte_vs_endothelial cell,astrocyte,endothelial cell
E130114P18Rik,-7.5449953,-6.7837768,4.523038469070023e-14,4.0932474833212876e-13,astrocyte_vs_endothelial cell,astrocyte,endothelial cell
Lfng,-7.58803,-2.907304,3.248064044650455e-14,2.993607414424383e-13,astrocyte_vs_endothelial cell,astrocyte,endothelial cell
Kcnn2,-7.690466,-6.803707,1.466003117721186e-14,1.370096371702043e-13,astrocyte_vs_endothelial cell,astrocyte,endothelial cell
Ptch1,-7.8744555,-3.7290428,3.4222953669684427e-15,3.2438818644250644e-14,astrocyte_vs_endothelial cell,astrocyte,endothelial cell
Grin2c,-7.8816514,-28.10318,3.2308185237902626e-15,3.076970022657393e-14,astrocyte_vs_endothelial cell,astrocyte,endothelial cell
Lrig1,-8.10395,-3.878925,5.320334867244585e-16,5.165373657519014e-15,astrocyte_vs_endothelial cell,astrocyte,endothelial cell
Lcat,-8.185503,-5.7917833,2.711687653091903e-16,2.6585173069528462e-15,astrocyte_vs_endothelial cell,astrocyte,endothelial cell
Sfxn5,-8.21344,-4.7376866,2.1494005896050868e-16,2.1281193956486007e-15,astrocyte_vs_endothelial cell,astrocyte,endothelial cell
Sox2,-8.277991,-5.131648,1.2526994726144856e-16,1.2526994726144855e-15,astrocyte_vs_endothelial cell,astrocyte,endothelial cell
Plxnb1,-8.3177805,-3.7787662,8.962547411523958e-17,9.007585338215033e-16,astrocyte_vs_endothelial cell,astrocyte,endothelial cell
Gjb6,-8.37676,-2.0161407,5.440496517752987e-17,5.523346718530951e-16,astrocyte_vs_endothelial cell,astrocyte,endothelial cell
Slc9a3r1,-8.438489,-3.287017,3.2146620633994525e-17,3.3140846014427347e-16,astrocyte_vs_endothelial cell,astrocyte,endothelial cell
Mdk,-8.483146,-1.9741743,2.1918525411982125e-17,2.2713497836250905e-16,astrocyte_vs_endothelial cell,astrocyte,endothelial cell
Car2,-8.522935,-1.3665876,1.555597375253135e-17,1.620413932555349e-16,astrocyte_vs_endothelial cell,astrocyte,endothelial cell
Sdc4,-8.664808,-3.4761863,4.522752833573214e-18,4.8371688059606564e-17,astrocyte_vs_endothelial cell,astrocyte,endothelial cell
Thrsp,-9.002311,-4.658366,2.210160631344948e-19,2.4421664434750807e-18,astrocyte_vs_endothelial cell,astrocyte,endothelial cell
Lxn,-9.451774,-2.4210303,3.3313714956217617e-21,3.896340930551768e-20,astrocyte_vs_endothelial cell,astrocyte,endothelial cell
Gstm1,-9.519641,-1.596884,1.737782124534095e-21,2.056546892939757e-20,astrocyte_vs_endothelial cell,astrocyte,endothelial cell
Gfap,-9.799153,-6.6522875,1.1353331845288987e-22,1.3761614357926044e-21,astrocyte_vs_endothelial cell,astrocyte,endothelial cell
AI464131,-9.949915,-6.9871144,2.5239890801869815e-23,3.096919116793842e-22,astrocyte_vs_endothelial cell,astrocyte,endothelial cell
Tlcd1,-9.962684,-4.958019,2.2198695240606343e-23,2.7405796593341164e-22,astrocyte_vs_endothelial cell,astrocyte,endothelial cell
Rcn2,-10.076408,-2.259164,7.024738766425118e-24,8.780923458031397e-23,astrocyte_vs_endothelial cell,astrocyte,endothelial cell
Dbx2,-10.161207,-6.4972434,2.953967082704943e-24,3.787137285519158e-23,astrocyte_vs_endothelial cell,astrocyte,endothelial cell
Phkg1,-10.308582,-5.4452596,6.4444960646162855e-25,8.479600085021428e-24,astrocyte_vs_endothelial cell,astrocyte,endothelial cell
Mfge8,-10.334615,-1.8723745,4.913834341494512e-25,6.508389856284122e-24,astrocyte_vs_endothelial cell,astrocyte,endothelial cell
S1pr1,-10.56051,-2.7808955,4.5418690359880146e-26,6.221738405463034e-25,astrocyte_vs_endothelial cell,astrocyte,endothelial cell
Ednrb,-10.697021,-4.5210686,1.0510300404578011e-26,1.4803240006447904e-25,astrocyte_vs_endothelial cell,astrocyte,endothelial cell
Adcyap1r1,-11.060274,-6.3076262,1.9549943235009112e-28,2.8540063116801623e-27,astrocyte_vs_endothelial cell,astrocyte,endothelial cell
Cmtm5,-11.083979,-5.3631005,1.5005383143746074e-28,2.223019724999418e-27,astrocyte_vs_endothelial cell,astrocyte,endothelial cell
Sox9,-11.122215,-2.862263,9.781257555979116e-29,1.4598891874595695e-27,astrocyte_vs_endothelial cell,astrocyte,endothelial cell
Fbxo2,-11.231565,-5.5374928,2.8537798892171697e-29,4.291398329649879e-28,astrocyte_vs_endothelial cell,astrocyte,endothelial cell
Fam107a,-11.377741,-4.291344,5.397979277883496e-30,8.368960120749605e-29,astrocyte_vs_endothelial cell,astrocyte,endothelial cell
F3,-11.568786,-4.049282,5.931611723535498e-31,9.268143318024215e-30,astrocyte_vs_endothelial cell,astrocyte,endothelial cell
Tmem47,-11.571537,-3.703603,5.7444125903497074e-31,9.046319039920799e-30,astrocyte_vs_endothelial cell,astrocyte,endothelial cell
Scrg1,-11.590303,-5.9764843,4.614967831520171e-31,7.383948530432274e-30,astrocyte_vs_endothelial cell,astrocyte,endothelial cell
Gstm5,-11.701417,-2.2971935,1.253434298460725e-31,2.02166822332375e-30,astrocyte_vs_endothelial cell,astrocyte,endothelial cell
Itih3,-11.726885,-5.7352962,9.281226657181569e-32,1.509142545883182e-30,astrocyte_vs_endothelial cell,astrocyte,endothelial cell
Agt,-11.737679,-6.6129785,8.169843309531376e-32,1.3393185753330126e-30,astrocyte_vs_endothelial cell,astrocyte,endothelial cell
Tubb2b,-11.869392,-3.9497511,1.7070374752059647e-32,2.821549545794983e-31,astrocyte_vs_endothelial cell,astrocyte,endothelial cell
Fjx1,-12.1114435,-5.2223825,9.186361470768615e-34,1.5703182001313871e-32,astrocyte_vs_endothelial cell,astrocyte,endothelial cell
Id2,-12.24224,-3.1345406,1.8486039905127053e-34,3.187248259504664e-33,astrocyte_vs_endothelial cell,astrocyte,endothelial cell
Metrn,-12.433707,-4.1453085,1.714922063403103e-35,3.1180401152783687e-34,astrocyte_vs_endothelial cell,astrocyte,endothelial cell
S100b,-12.459599,-3.7861223,1.2399295472794186e-35,2.275100086751227e-34,astrocyte_vs_endothelial cell,astrocyte,endothelial cell
Hes5,-12.6512785,-10.179801,1.1006917312990554e-36,2.0767768515076517e-35,astrocyte_vs_endothelial cell,astrocyte,endothelial cell
Nkain4,-13.085079,-4.586501,4.0074023830169065e-39,8.262685325808055e-38,astrocyte_vs_endothelial cell,astrocyte,endothelial cell
Luzp2,-13.142788,-6.834314,1.8719998549938776e-39,3.899999697903912e-38,astrocyte_vs_endothelial cell,astrocyte,endothelial cell
Ncan,-13.155275,-6.7675004,1.5870482059963872e-39,3.341154117887131e-38,astrocyte_vs_endothelial cell,astrocyte,endothelial cell
Slc25a18,-13.220462,-9.127498,6.685232938336251e-40,1.4223899868800534e-38,astrocyte_vs_endothelial cell,astrocyte,endothelial cell
Btbd17,-13.39528,-7.88483,6.443234120783476e-41,1.4318298046185503e-39,astrocyte_vs_endothelial cell,astrocyte,endothelial cell
Malat1,-13.910635,-1.1198765,5.459236079581576e-44,1.3315209950198965e-42,astrocyte_vs_endothelial cell,astrocyte,endothelial cell
Serpine2,-14.125878,-1.8671281,2.6309991142040392e-45,6.577497785510098e-44,astrocyte_vs_endothelial cell,astrocyte,endothelial cell
Timp4,-14.267892,-7.1545043,3.4690854882093365e-46,8.895090995408555e-45,astrocyte_vs_endothelial cell,astrocyte,endothelial cell
Acsl6,-14.836934,-5.8294125,8.45321326909507e-50,2.4152037911700198e-48,astrocyte_vs_endothelial cell,astrocyte,endothelial cell
Slc7a10,-15.197788,-5.520706,3.6576286394508124e-52,1.161151949032004e-50,astrocyte_vs_endothelial cell,astrocyte,endothelial cell
Tril,-16.127827,-3.9297884,1.6264559857401905e-58,5.914385402691602e-57,astrocyte_vs_endothelial cell,astrocyte,endothelial cell
Cldn10,-17.498085,-6.764658,1.4816799153770637e-68,6.442086588595929e-67,astrocyte_vs_endothelial cell,astrocyte,endothelial cell
Scg3,-17.638193,-6.641645,1.2540591130076514e-69,5.573596057811784e-68,astrocyte_vs_endothelial cell,astrocyte,endothelial cell
Cspg5,-17.792694,-5.4816127,8.051358777481667e-71,3.6597085352189396e-69,astrocyte_vs_endothelial cell,astrocyte,endothelial cell
Cxcl14,-18.545727,-8.3369665,8.829941510916161e-77,4.4149707554580807e-75,astrocyte_vs_endothelial cell,astrocyte,endothelial cell
Htra1,-18.57204,-3.429675,5.410658745739803e-77,2.7746967926870785e-75,astrocyte_vs_endothelial cell,astrocyte,endothelial cell
Acsbg1,-18.792856,-6.5331593,8.640008565955243e-79,4.670274900516348e-77,astrocyte_vs_endothelial cell,astrocyte,endothelial cell
Mlc1,-19.111313,-7.797654,2.032932589620698e-81,1.1616757654975415e-79,astrocyte_vs_endothelial cell,astrocyte,endothelial cell
Enho,-19.132406,-6.1424217,1.3566617003221862e-81,7.980362943071683e-80,astrocyte_vs_endothelial cell,astrocyte,endothelial cell
Fabp7,-19.38765,-7.4314437,9.811952341384005e-84,6.330291833150971e-82,astrocyte_vs_endothelial cell,astrocyte,endothelial cell
Dbi,-19.585466,-2.6287456,2.0571239438094675e-85,1.371415962539645e-83,astrocyte_vs_endothelial cell,astrocyte,endothelial cell
Fgfr3,-19.634993,-7.1352797,7.769355725039473e-86,5.358176362096188e-84,astrocyte_vs_endothelial cell,astrocyte,endothelial cell
Slc6a1,-20.366718,-5.8662586,3.3006952800721234e-92,2.3576394857658025e-90,astrocyte_vs_endothelial cell,astrocyte,endothelial cell
Pla2g7,-20.59233,-7.009832,3.2151843436827526e-94,2.572147474946202e-92,astrocyte_vs_endothelial cell,astrocyte,endothelial cell
Aqp4,-21.100702,-7.281243,7.836355903513465e-99,6.530296586261221e-97,astrocyte_vs_endothelial cell,astrocyte,endothelial cell
Ptprz1,-21.35771,-8.2996235,3.306299737380536e-101,2.8750432498961183e-99,astrocyte_vs_endothelial cell,astrocyte,endothelial cell
Slc4a4,-21.40152,-7.9969735,1.2932240931986113e-101,1.175658266544192e-99,astrocyte_vs_endothelial cell,astrocyte,endothelial cell
Prdx6,-21.42085,-3.590901,8.541542296921193e-102,8.134802187543993e-100,astrocyte_vs_endothelial cell,astrocyte,endothelial cell
Slc1a3,-22.000263,-4.902534,2.863125234581379e-107,2.863125234581379e-105,astrocyte_vs_endothelial cell,astrocyte,endothelial cell
Mmd2,-22.00245,-7.1564865,2.728352347017823e-107,2.863125234581379e-105,astrocyte_vs_endothelial cell,astrocyte,endothelial cell
Gja1,-22.07321,-4.860301,5.718408170002695e-108,6.35378685555855e-106,astrocyte_vs_endothelial cell,astrocyte,endothelial cell
Ndrg2,-22.121677,-3.894765,1.9552477215484593e-108,2.300291437115834e-106,astrocyte_vs_endothelial cell,astrocyte,endothelial cell
Tsc22d4,-22.49777,-4.389384,4.364660981190808e-112,5.45582622648851e-110,astrocyte_vs_endothelial cell,astrocyte,endothelial cell
Bcan,-22.90187,-6.922922,4.451049825221439e-116,5.934733100295253e-114,astrocyte_vs_endothelial cell,astrocyte,endothelial cell
Slc6a11,-23.045576,-7.441372,1.6290758414572022e-117,2.3272512020817173e-115,astrocyte_vs_endothelial cell,astrocyte,endothelial cell
Ntsr2,-23.95057,-7.3448267,9.114716194228005e-127,1.5191193657046674e-124,astrocyte_vs_endothelial cell,astrocyte,endothelial cell
Mt2,-24.083624,-4.2387695,3.7113036030824366e-128,6.747824732877158e-126,astrocyte_vs_endothelial cell,astrocyte,endothelial cell
Gpr37l1,-24.154526,-7.431356,6.692397375986841e-129,1.3384794751973682e-126,astrocyte_vs_endothelial cell,astrocyte,endothelial cell
Atp1b2,-24.549242,-4.233689,4.406331754626692e-133,1.101582938656673e-130,astrocyte_vs_endothelial cell,astrocyte,endothelial cell
Clu,-24.634817,-5.117645,5.353204419927279e-134,1.5294869771220797e-131,astrocyte_vs_endothelial cell,astrocyte,endothelial cell
Atp1a2,-25.374868,-3.7946117,4.7779250241179194e-142,1.5926416747059732e-139,astrocyte_vs_endothelial cell,astrocyte,endothelial cell
Mt3,-25.94271,-5.925068,2.1974318001760042e-148,8.789727200704017e-146,astrocyte_vs_endothelial cell,astrocyte,endothelial cell
Cst3,-26.57567,-3.1711252,1.297394427263357e-155,6.486972136316785e-153,astrocyte_vs_endothelial cell,astrocyte,endothelial cell
Slc1a2,-27.356852,-6.927689,8.951218645998363e-165,5.967479097332241e-162,astrocyte_vs_endothelial cell,astrocyte,endothelial cell
Mt1,-27.672766,-4.417341,1.4854971432297825e-168,1.4854971432297825e-165,astrocyte_vs_endothelial cell,astrocyte,endothelial cell
Aldoc,-28.198915,-7.5002728,6.029389377854289e-175,1.2058778755708578e-171,astrocyte_vs_endothelial cell,astrocyte,endothelial cell
