names,scores,logfoldchanges,pvals,pvals_adj,comparison,ref_group,target_group
Hexb,22.000135,8.158796,2.871146219869061e-107,3.8985046906861053e-104,endothelial cell_vs_microglial cell,endothelial cell,microglial cell
Cst3,21.986258,5.645166,3.8985046906861056e-107,3.8985046906861053e-104,endothelial cell_vs_microglial cell,endothelial cell,microglial cell
C1qa,21.921555,10.349924,1.618370253436372e-106,9.215311794235214e-104,endothelial cell_vs_microglial cell,endothelial cell,microglial cell
Ctss,21.915634,9.805744,1.843062358847043e-106,9.215311794235214e-104,endothelial cell_vs_microglial cell,endothelial cell,microglial cell
C1qb,21.754797,9.58315,6.22215261890535e-105,2.48886104756214e-102,endothelial cell_vs_microglial cell,endothelial cell,microglial cell
C1qc,21.735407,9.607102,9.493904704760377e-105,3.1646349015867925e-102,endothelial cell_vs_microglial cell,endothelial cell,microglial cell
Ctsd,21.691319,5.2016454,2.4778160061613255e-104,7.079474303318073e-102,endothelial cell_vs_microglial cell,endothelial cell,microglial cell
P2ry12,21.511906,10.167266,1.2045063274523476e-102,3.011265818630869e-100,endothelial cell_vs_microglial cell,endothelial cell,microglial cell
Tyrobp,21.344538,9.255741,4.382840771588395e-101,9.739646159085323e-99,endothelial cell_vs_microglial cell,endothelial cell,microglial cell
Lgmn,21.31739,6.4448075,7.830499348452665e-101,1.566099869690533e-98,endothelial cell_vs_microglial cell,endothelial cell,microglial cell
Tmem119,20.824467,7.9840655,2.598051901962749e-96,4.7237307308413624e-94,endothelial cell_vs_microglial cell,endothelial cell,microglial cell
Selplg,20.625051,10.091737,1.6355759142415454e-94,2.725959857069242e-92,endothelial cell_vs_microglial cell,endothelial cell,microglial cell
Fcer1g,20.464008,9.986668,4.50753617584325e-93,6.934671039758847e-91,endothelial cell_vs_microglial cell,endothelial cell,microglial cell
Trem2,20.31256,9.858901,9.957713454732344e-92,1.422530493533192e-89,endothelial cell_vs_microglial cell,endothelial cell,microglial cell
Csf1r,19.87454,9.021585,6.760201433006632e-88,9.01360191067551e-86,endothelial cell_vs_microglial cell,endothelial cell,microglial cell
Cx3cr1,19.115253,11.160381,1.8850029402727848e-81,2.356253675340981e-79,endothelial cell_vs_microglial cell,endothelial cell,microglial cell
Gpr34,18.509865,9.082514,1.7192952505960112e-76,2.0227002948188366e-74,endothelial cell_vs_microglial cell,endothelial cell,microglial cell
Laptm5,17.678732,7.866882,6.115622001504627e-70,6.437496843689081e-68,endothelial cell_vs_microglial cell,endothelial cell,microglial cell
Pld4,17.522385,30.53017,9.668727552899856e-69,9.668727552899856e-67,endothelial cell_vs_microglial cell,endothelial cell,microglial cell
Aif1,17.410328,9.52292,6.888799954607069e-68,6.560761861530542e-66,endothelial cell_vs_microglial cell,endothelial cell,microglial cell
Fcgr3,17.096203,9.756398,1.583915252062974e-65,1.4399229564208856e-63,endothelial cell_vs_microglial cell,endothelial cell,microglial cell
Ctsz,17.090693,3.7748253,1.7409330875141523e-65,1.5138548587079584e-63,endothelial cell_vs_microglial cell,endothelial cell,microglial cell
Ly86,16.402231,30.492645,1.8433979343542784e-60,1.4747183474834226e-58,endothelial cell_vs_microglial cell,endothelial cell,microglial cell
Lpcat2,16.253231,7.3523498,2.118935289418554e-59,1.5695816958655957e-57,endothelial cell_vs_microglial cell,endothelial cell,microglial cell
Fcrls,15.810518,9.4935465,2.632906193630224e-56,1.8157973749173958e-54,endothelial cell_vs_microglial cell,endothelial cell,microglial cell
Rnaset2a,15.648456,2.7120636,3.403793372592683e-55,2.1959957242533436e-53,endothelial cell_vs_microglial cell,endothelial cell,microglial cell
Unc93b1,15.042659,5.4098744,3.85739409445083e-51,2.4108713090317686e-49,endothelial cell_vs_microglial cell,endothelial cell,microglial cell
Ifngr1,14.744047,3.7629492,3.3603000800402657e-49,2.0365455030547064e-47,endothelial cell_vs_microglial cell,endothelial cell,microglial cell
Trf,14.649953,3.4515307,1.3480989784404988e-48,7.929993990826463e-47,endothelial cell_vs_microglial cell,endothelial cell,microglial cell
Hexa,14.266023,3.4237335,3.563294467385435e-46,2.0361682670773912e-44,endothelial cell_vs_microglial cell,endothelial cell,microglial cell
Rnase4,14.00211,5.7928896,1.5131231827995354e-44,8.406239904441864e-43,endothelial cell_vs_microglial cell,endothelial cell,microglial cell
B2m,13.662471,1.8540456,1.701112909898401e-42,9.195204918369736e-41,endothelial cell_vs_microglial cell,endothelial cell,microglial cell
Grn,13.630018,3.6659546,2.6551548294274375e-42,1.397449910224967e-40,endothelial cell_vs_microglial cell,endothelial cell,microglial cell
Irf8,13.449789,6.989376,3.0875116930680606e-41,1.506103264911249e-39,endothelial cell_vs_microglial cell,endothelial cell,microglial cell
Ftl1,13.137502,1.1450839,2.0074535031520137e-39,9.336993037916343e-38,endothelial cell_vs_microglial cell,endothelial cell,microglial cell
Cd53,13.034835,7.728145,7.753477739809563e-39,3.5243080635498015e-37,endothelial cell_vs_microglial cell,endothelial cell,microglial cell
Fam105a,12.990543,6.052629,1.384412287334361e-38,6.152943499263827e-37,endothelial cell_vs_microglial cell,endothelial cell,microglial cell
Siglech,12.64172,29.472696,1.2430449043993277e-36,5.404543062605773e-35,endothelial cell_vs_microglial cell,endothelial cell,microglial cell
Cd68,12.318411,6.805598,7.21011548933469e-35,2.8274962703273296e-33,endothelial cell_vs_microglial cell,endothelial cell,microglial cell
Fcgr1,12.126548,7.490013,7.640277068302313e-34,2.829732247519375e-32,endothelial cell_vs_microglial cell,endothelial cell,microglial cell
Cd9,11.757518,2.9217649,6.460552881390924e-32,2.2277768556520426e-30,endothelial cell_vs_microglial cell,endothelial cell,microglial cell
Cyth4,11.566268,5.788067,6.108247976284042e-31,1.9704025729948523e-29,endothelial cell_vs_microglial cell,endothelial cell,microglial cell
Hpgds,11.441149,7.8580985,2.6041494428461496e-30,8.137967008894217e-29,endothelial cell_vs_microglial cell,endothelial cell,microglial cell
Olfml3,11.255817,3.7757685,2.168070344157511e-29,6.47185177360451e-28,endothelial cell_vs_microglial cell,endothelial cell,microglial cell
Ctsa,11.231936,3.1693652,2.841811947952132e-29,8.358270435153328e-28,endothelial cell_vs_microglial cell,endothelial cell,microglial cell
Tmem176b,11.171724,3.1043766,5.608157974305272e-29,1.6255530360305135e-27,endothelial cell_vs_microglial cell,endothelial cell,microglial cell
Fau,11.015172,0.9286483,3.229184203794613e-28,9.096293531815812e-27,endothelial cell_vs_microglial cell,endothelial cell,microglial cell
Tgfbr1,10.846578,3.9809518,2.0703224962098377e-27,5.672116427972158e-26,endothelial cell_vs_microglial cell,endothelial cell,microglial cell
Cd14,10.772894,9.339215,4.622371955510306e-27,1.232632521469415e-25,endothelial cell_vs_microglial cell,endothelial cell,microglial cell
Cmtm6,10.707376,2.613694,9.398885433137284e-27,2.47339090345718e-25,endothelial cell_vs_microglial cell,endothelial cell,microglial cell
Junb,10.634712,1.8367898,2.054618605210628e-26,5.268252833873406e-25,endothelial cell_vs_microglial cell,endothelial cell,microglial cell
Man2b1,9.899102,5.0055647,4.200294580305449e-23,9.655849609897584e-22,endothelial cell_vs_microglial cell,endothelial cell,microglial cell
Rps29,9.673561,0.9949552,3.905465671209573e-22,8.583441035625435e-21,endothelial cell_vs_microglial cell,endothelial cell,microglial cell
P2ry13,9.521296,28.881561,1.710333984684279e-21,3.678137601471568e-20,endothelial cell_vs_microglial cell,endothelial cell,microglial cell
Ctsc,9.5139475,3.2235374,1.83561472112106e-21,3.9055632364277876e-20,endothelial cell_vs_microglial cell,endothelial cell,microglial cell
Rgs1,9.201252,29.3382,3.538032028753003e-20,6.80390774760193e-19,endothelial cell_vs_microglial cell,endothelial cell,microglial cell
Rac2,9.130222,7.8294563,6.835904431447826e-20,1.3020770345614908e-18,endothelial cell_vs_microglial cell,endothelial cell,microglial cell
Tmem176a,9.104913,3.3369431,8.633614759574227e-20,1.6289839169007976e-18,endothelial cell_vs_microglial cell,endothelial cell,microglial cell
Rps4x,8.976323,0.8356429,2.799656422605944e-19,5.136984261662283e-18,endothelial cell_vs_microglial cell,endothelial cell,microglial cell
Fgd2,8.591169,7.748822,8.608893861739784e-18,1.5236980286265103e-16,endothelial cell_vs_microglial cell,endothelial cell,microglial cell
Itgb5,8.589332,3.467057,8.747643975489383e-18,1.534674381664804e-16,endothelial cell_vs_microglial cell,endothelial cell,microglial cell
Rab3il1,8.571982,4.2479587,1.0171840629277814e-17,1.769015761613533e-16,endothelial cell_vs_microglial cell,endothelial cell,microglial cell
Ptgs1,8.192543,6.369788,2.5576321360609846e-16,4.125213122679007e-15,endothelial cell_vs_microglial cell,endothelial cell,microglial cell
Cd52,7.8851547,8.635472,3.1414655741064542e-15,4.724008382114968e-14,endothelial cell_vs_microglial cell,endothelial cell,microglial cell
Lair1,7.6236906,7.3990517,2.465242922960026e-14,3.521775604228608e-13,endothelial cell_vs_microglial cell,endothelial cell,microglial cell
Gna15,7.601034,28.28612,2.937733971296424e-14,4.1376534806991894e-13,endothelial cell_vs_microglial cell,endothelial cell,microglial cell
Rpl3,7.483263,0.6410266,7.249953385874119e-14,9.863882157651864e-13,endothelial cell_vs_microglial cell,endothelial cell,microglial cell
Ccl4,7.4410124,29.566042,9.991652735740669e-14,1.350223342667658e-12,endothelial cell_vs_microglial cell,endothelial cell,microglial cell
Ccl3,7.3610015,29.267086,1.8253542665117638e-13,2.4501399550493474e-12,endothelial cell_vs_microglial cell,endothelial cell,microglial cell
Nfkbia,7.296299,1.617685,2.9579144180017876e-13,3.91776744106197e-12,endothelial cell_vs_microglial cell,endothelial cell,microglial cell
Rpl23a,7.1895494,0.58383936,6.500537132703124e-13,8.553338332504111e-12,endothelial cell_vs_microglial cell,endothelial cell,microglial cell
Cd83,7.1615868,3.757583,7.974856474528564e-13,1.0424648986311849e-11,endothelial cell_vs_microglial cell,endothelial cell,microglial cell
Lag3,7.1407676,7.1471243,9.281121120089449e-13,1.1975640154954127e-11,endothelial cell_vs_microglial cell,endothelial cell,microglial cell
Susd3,7.125051,7.5235586,1.040420860175068e-12,1.3253768919427617e-11,endothelial cell_vs_microglial cell,endothelial cell,microglial cell
Rps23,6.964417,0.5215752,3.2976650649213507e-12,4.071191438174507e-11,endothelial cell_vs_microglial cell,endothelial cell,microglial cell
Slc2a5,6.880936,28.317553,5.946046014641107e-12,7.121013191186954e-11,endothelial cell_vs_microglial cell,endothelial cell,microglial cell
Itgam,6.8009253,28.14313,1.0394927225117435e-11,1.2087124680369111e-10,endothelial cell_vs_microglial cell,endothelial cell,microglial cell
P2ry6,6.670091,7.3201575,2.5564445796645945e-11,2.840493977405105e-10,endothelial cell_vs_microglial cell,endothelial cell,microglial cell
Slco2b1,6.354946,1.998904,2.084994315989828e-10,2.229940444908907e-09,endothelial cell_vs_microglial cell,endothelial cell,microglial cell
Rpl11,6.305144,0.5570746,2.8792679068110034e-10,3.0468443458317496e-09,endothelial cell_vs_microglial cell,endothelial cell,microglial cell
Ptpn6,6.2561574,6.0250797,3.9457863004262156e-10,4.13171340358766e-09,endothelial cell_vs_microglial cell,endothelial cell,microglial cell
Pla2g15,6.1059327,4.544579,1.0220198179894895e-09,1.0428773652953975e-08,endothelial cell_vs_microglial cell,endothelial cell,microglial cell
Jun,5.9934688,1.0815933,2.054118993669436e-09,2.0438994961884934e-08,endothelial cell_vs_microglial cell,endothelial cell,microglial cell
Rps27a,5.958974,0.45506293,2.5382637313001813e-09,2.513132407227902e-08,endothelial cell_vs_microglial cell,endothelial cell,microglial cell
Itgb2,5.7607837,27.881027,8.372421000294192e-09,8.011886124683438e-08,endothelial cell_vs_microglial cell,endothelial cell,microglial cell
Ctsh,5.7191453,0.9507209,1.0706108001422947e-08,1.0147969669595212e-07,endothelial cell_vs_microglial cell,endothelial cell,microglial cell
Sgk1,5.3925705,1.8345909,6.94568468196733e-08,6.257373587357955e-07,endothelial cell_vs_microglial cell,endothelial cell,microglial cell
Frmd4a,5.3868556,2.6908946,7.170107123388088e-08,6.373428554122745e-07,endothelial cell_vs_microglial cell,endothelial cell,microglial cell
Mpeg1,5.360729,27.731983,8.288659745773663e-08,7.302783916981201e-07,endothelial cell_vs_microglial cell,endothelial cell,microglial cell
Ncf1,5.2007074,27.643274,1.9853119750229373e-07,1.7263582391503802e-06,endothelial cell_vs_microglial cell,endothelial cell,microglial cell
Ccl12,5.0406857,27.845253,4.6386638645274234e-07,3.914484273862805e-06,endothelial cell_vs_microglial cell,endothelial cell,microglial cell
Gpx1,5.022724,0.80011606,5.094366755509372e-07,4.280980466814599e-06,endothelial cell_vs_microglial cell,endothelial cell,microglial cell
F11r,4.982311,1.6736195,6.28294884867864e-07,5.214479308253832e-06,endothelial cell_vs_microglial cell,endothelial cell,microglial cell
Mafb,4.981494,3.2494721,6.309519962987136e-07,5.214479308253832e-06,endothelial cell_vs_microglial cell,endothelial cell,microglial cell
Cd300a,4.9061775,6.7777276,9.286836634350918e-07,7.581091130082382e-06,endothelial cell_vs_microglial cell,endothelial cell,microglial cell
Prkcd,4.865152,2.6418984,1.1436901317940125e-06,9.298293754422866e-06,endothelial cell_vs_microglial cell,endothelial cell,microglial cell
Rps6ka1,4.8631105,3.930509,1.1555519280854562e-06,9.356695773971305e-06,endothelial cell_vs_microglial cell,endothelial cell,microglial cell
Ccl9,4.800653,27.52228,1.5814894107031108e-06,1.2702726190386432e-05,endothelial cell_vs_microglial cell,endothelial cell,microglial cell
Il10ra,4.720642,27.56561,2.3510105579832944e-06,1.8439298493986622e-05,endothelial cell_vs_microglial cell,endothelial cell,microglial cell
Gpr183,4.640631,27.535475,3.4734618597048027e-06,2.7030831593033483e-05,endothelial cell_vs_microglial cell,endothelial cell,microglial cell
Gpr84,4.640631,27.514105,3.4734618597048027e-06,2.7030831593033483e-05,endothelial cell_vs_microglial cell,endothelial cell,microglial cell
Lyn,4.5991974,2.4895492,4.241221406773498e-06,3.262478005210383e-05,endothelial cell_vs_microglial cell,endothelial cell,microglial cell
Tbxas1,4.5902166,6.777451,4.427867071604465e-06,3.3930015874363715e-05,endothelial cell_vs_microglial cell,endothelial cell,microglial cell
Adrb2,4.5773573,3.9607587,4.708863301353539e-06,3.594552138437816e-05,endothelial cell_vs_microglial cell,endothelial cell,microglial cell
Ppp1r15a,4.480814,1.682613,7.435897814844036e-06,5.5080724554400264e-05,endothelial cell_vs_microglial cell,endothelial cell,microglial cell
Blnk,4.4005985,27.412062,1.079525793784676e-05,7.8311538556022e-05,endothelial cell_vs_microglial cell,endothelial cell,microglial cell
Fermt3,4.240577,27.375935,2.2294594794623107e-05,0.00015536302992768717,endothelial cell_vs_microglial cell,endothelial cell,microglial cell
Tmem173,4.2377195,3.9731264,2.2580166841233697e-05,0.000156806714175234,endothelial cell_vs_microglial cell,endothelial cell,microglial cell
Syngr2,4.055654,1.7708501,4.9994248316192996e-05,0.00034360308121094844,endothelial cell_vs_microglial cell,endothelial cell,microglial cell
Atf3,4.04851,2.2075608,5.154472367174673e-05,0.0003530460525462105,endothelial cell_vs_microglial cell,endothelial cell,microglial cell
Cd86,3.9205334,27.165955,8.835317341903499e-05,0.0005793650716002294,endothelial cell_vs_microglial cell,endothelial cell,microglial cell
Tmem100,3.8946116,1.7955117,9.835622230800037e-05,0.0006407571485863217,endothelial cell_vs_microglial cell,endothelial cell,microglial cell
Tsc22d4,3.813376,1.5287776,0.00013708131513023384,0.0008843955814853795,endothelial cell_vs_microglial cell,endothelial cell,microglial cell
Pde3b,3.6004899,27.102663,0.0003176181722144186,0.001978929421896689,endothelial cell_vs_microglial cell,endothelial cell,microglial cell
Slc29a3,3.4220982,3.4207745,0.000621398487524517,0.0036988005209792675,endothelial cell_vs_microglial cell,endothelial cell,microglial cell
Rps6,3.3776023,0.381928,0.0007312071559207636,0.0043266695616613225,endothelial cell_vs_microglial cell,endothelial cell,microglial cell
Thrsp,3.3539257,3.1833167,0.0007967374335951135,0.004700515832419549,endothelial cell_vs_microglial cell,endothelial cell,microglial cell
C3ar1,3.2804463,26.852987,0.0010364297460039985,0.00606099266669005,endothelial cell_vs_microglial cell,endothelial cell,microglial cell
Mertk,3.2371752,2.1594718,0.0012071929164229104,0.0069779937365486155,endothelial cell_vs_microglial cell,endothelial cell,microglial cell
Slamf8,3.2004354,26.988136,0.0013722009574091217,0.007908939235787445,endothelial cell_vs_microglial cell,endothelial cell,microglial cell
Btg2,3.1416519,0.95763206,0.0016799760821441096,0.009572513288570426,endothelial cell_vs_microglial cell,endothelial cell,microglial cell
Lyz2,3.1049123,3.7129023,0.0019033547491099894,0.010814515619943123,endothelial cell_vs_microglial cell,endothelial cell,microglial cell
Ccl2,2.8558989,5.6463046,0.004291519137840536,0.022888102068482855,endothelial cell_vs_microglial cell,endothelial cell,microglial cell
Ubash3b,2.837529,4.434681,0.004546422481454586,0.0241830983056095,endothelial cell_vs_microglial cell,endothelial cell,microglial cell
Entpd1,2.7787454,2.7837195,0.005456927171668954,0.0284214956857758,endothelial cell_vs_microglial cell,endothelial cell,microglial cell
Tcn2,2.6015785,0.9328143,0.009279583313969782,0.04734481282637643,endothelial cell_vs_microglial cell,endothelial cell,microglial cell
Maf,2.5405498,1.5480232,0.011067834374822538,0.055510257150893076,endothelial cell_vs_microglial cell,endothelial cell,microglial cell
Ptpro,2.5021772,5.4157743,0.012343213166948737,0.06110501567796404,endothelial cell_vs_microglial cell,endothelial cell,microglial cell
Lpar6,2.4789088,1.3391924,0.013178502778252438,0.06507902606544413,endothelial cell_vs_microglial cell,endothelial cell,microglial cell
H2-DMa,2.4731936,4.504184,0.013391155739748818,0.06596628443226019,endothelial cell_vs_microglial cell,endothelial cell,microglial cell
Etv5,2.4470677,3.7052078,0.014402380310432712,0.07025551370942787,endothelial cell_vs_microglial cell,endothelial cell,microglial cell
Rpl9,2.3013334,0.1466181,0.02137278555552484,0.10129282253803241,endothelial cell_vs_microglial cell,endothelial cell,microglial cell
Aim2,2.2421417,4.6934404,0.02495220863309008,0.1141977511811903,endothelial cell_vs_microglial cell,endothelial cell,microglial cell
Csmd3,2.2403047,26.336414,0.025071140283296975,0.1144800926177944,endothelial cell_vs_microglial cell,endothelial cell,microglial cell
Egr1,2.1372297,0.9766811,0.03257932367526161,0.14675371024892617,endothelial cell_vs_microglial cell,endothelial cell,microglial cell
Id2,2.1000817,1.2091498,0.03572165805888669,0.159471687762887,endothelial cell_vs_microglial cell,endothelial cell,microglial cell
Cfh,1.9929242,0.8983887,0.046269745104792585,0.2016110897812313,endothelial cell_vs_microglial cell,endothelial cell,microglial cell
Slc11a1,1.9827187,3.4154787,0.04739885338565751,0.20563493876641,endothelial cell_vs_microglial cell,endothelial cell,microglial cell
Cd164,1.8741325,1.3303645,0.060912157598065404,0.258102362703667,endothelial cell_vs_microglial cell,endothelial cell,microglial cell
Il16,1.8690298,7.0037622,0.06161866612311447,0.25999437182748725,endothelial cell_vs_microglial cell,endothelial cell,microglial cell
Cd74,1.8690298,6.3169994,0.06161866612311447,0.25999437182748725,endothelial cell_vs_microglial cell,endothelial cell,microglial cell
Fchsd2,1.8439244,1.9656163,0.06519416433441953,0.2727789302695378,endothelial cell_vs_microglial cell,endothelial cell,microglial cell
March1,1.8071847,4.074909,0.07073349072073143,0.29411014852694983,endothelial cell_vs_microglial cell,endothelial cell,microglial cell
Tnfaip3,1.7679957,2.2587092,0.07706162886954046,0.31712604473061917,endothelial cell_vs_microglial cell,endothelial cell,microglial cell
Dusp2,1.7096204,2.1252604,0.08733609592613775,0.3480123302186329,endothelial cell_vs_microglial cell,endothelial cell,microglial cell
Ier3,1.7094163,0.7420224,0.0873738705805044,0.3480123302186329,endothelial cell_vs_microglial cell,endothelial cell,microglial cell
Ccr1,1.7085998,5.886378,0.08752510104998618,0.3480123302186329,endothelial cell_vs_microglial cell,endothelial cell,microglial cell
Ankrd44,1.6263437,2.0543737,0.10387655282586418,0.40418892150141705,endothelial cell_vs_microglial cell,endothelial cell,microglial cell
Slc46a1,1.5251055,3.3458173,0.12723279293825557,0.47921955908947483,endothelial cell_vs_microglial cell,endothelial cell,microglial cell
Dock2,1.5202068,25.630432,0.12845899762239454,0.48292856249020505,endothelial cell_vs_microglial cell,endothelial cell,microglial cell
Xist,1.4987754,0.39577875,0.13393191951743838,0.4988153427092677,endothelial cell_vs_microglial cell,endothelial cell,microglial cell
Pcp4,1.4789767,0.7951269,0.13914653012441186,0.5153575189793032,endothelial cell_vs_microglial cell,endothelial cell,microglial cell
Rps27,1.4118247,0.05845209,0.1580015687049402,0.5724694518294934,endothelial cell_vs_microglial cell,endothelial cell,microglial cell
Adap2,1.3665124,1.6917584,0.17177817168683673,0.6113102195261093,endothelial cell_vs_microglial cell,endothelial cell,microglial cell
Rpl36a,1.315077,0.10294604,0.18848406139762297,0.6613475838513088,endothelial cell_vs_microglial cell,endothelial cell,microglial cell
Pkib,1.2750715,2.906262,0.20228395348888195,0.697530874099593,endothelial cell_vs_microglial cell,endothelial cell,microglial cell
Sirt2,1.2283304,0.6040047,0.21932296481234037,0.7397064580517382,endothelial cell_vs_microglial cell,endothelial cell,microglial cell
Fcgr2b,1.2001632,25.095205,0.23007592602249094,0.7707736215158826,endothelial cell_vs_microglial cell,endothelial cell,microglial cell
C5ar1,1.2001632,25.369408,0.23007592602249094,0.7707736215158826,endothelial cell_vs_microglial cell,endothelial cell,microglial cell
Cxcl2,1.1203566,4.562147,0.2625618649697825,0.8486230016629189,endothelial cell_vs_microglial cell,endothelial cell,microglial cell
Csf2rb,1.1201524,25.213184,0.2626488190146734,0.8486230016629189,endothelial cell_vs_microglial cell,endothelial cell,microglial cell
H2-Ab1,1.1201524,25.285439,0.2626488190146734,0.8486230016629189,endothelial cell_vs_microglial cell,endothelial cell,microglial cell
Maml2,1.0768812,1.7477142,0.2815333348269484,0.8899985585318904,endothelial cell_vs_microglial cell,endothelial cell,microglial cell
Gapdh,0.94951695,0.38534784,0.3423577554534588,1.0,endothelial cell_vs_microglial cell,endothelial cell,microglial cell
H2-K1,0.9233909,0.44807452,0.355803508273034,1.0,endothelial cell_vs_microglial cell,endothelial cell,microglial cell
Ptprj,0.8964485,2.5263414,0.37001327151246144,1.0,endothelial cell_vs_microglial cell,endothelial cell,microglial cell
Cnp,0.8184787,0.5493136,0.4130838926771089,1.0,endothelial cell_vs_microglial cell,endothelial cell,microglial cell
Rrad,0.8058239,0.44010428,0.42034437850455075,1.0,endothelial cell_vs_microglial cell,endothelial cell,microglial cell
A930011G23Rik,0.7460199,4.833647,0.4556554099181793,1.0,endothelial cell_vs_microglial cell,endothelial cell,microglial cell
Cxcl10,0.72009796,24.429634,0.4714646716583485,1.0,endothelial cell_vs_microglial cell,endothelial cell,microglial cell
Itpr2,0.7056062,0.88894695,0.4804330604088801,1.0,endothelial cell_vs_microglial cell,endothelial cell,microglial cell
Slc1a3,0.693972,0.24734367,0.48769978401934244,1.0,endothelial cell_vs_microglial cell,endothelial cell,microglial cell
Cck,0.6815213,1.6214342,0.4955416926766961,1.0,endothelial cell_vs_microglial cell,endothelial cell,microglial cell
Ch25h,0.66580486,4.4783235,0.5055358268341466,1.0,endothelial cell_vs_microglial cell,endothelial cell,microglial cell
Tns3,0.6647843,1.1974812,0.5061884463100736,1.0,endothelial cell_vs_microglial cell,endothelial cell,microglial cell
Ctso,0.5911008,0.59405184,0.5544528600847136,1.0,endothelial cell_vs_microglial cell,endothelial cell,microglial cell
Suclg2,0.5855899,0.8282904,0.5581511496137166,1.0,endothelial cell_vs_microglial cell,endothelial cell,microglial cell
Ccl24,0.5600762,23.645842,0.5754274593168339,1.0,endothelial cell_vs_microglial cell,endothelial cell,microglial cell
Rpl35,0.5557899,0.05318476,0.5783544849860539,1.0,endothelial cell_vs_microglial cell,endothelial cell,microglial cell
Lgals9,0.5206831,0.6074613,0.6025875555123437,1.0,endothelial cell_vs_microglial cell,endothelial cell,microglial cell
Atp8a2,0.5053749,3.9426286,0.6132955548417416,1.0,endothelial cell_vs_microglial cell,endothelial cell,microglial cell
Mag,0.5049667,0.95263636,0.6135822482018716,1.0,endothelial cell_vs_microglial cell,endothelial cell,microglial cell
Ebf3,0.5041502,3.370742,0.6141558121990276,1.0,endothelial cell_vs_microglial cell,endothelial cell,microglial cell
Nav2,0.50006807,1.2197254,0.6170271684447666,1.0,endothelial cell_vs_microglial cell,endothelial cell,microglial cell
Gfap,0.49965984,2.0969312,0.6173146273737735,1.0,endothelial cell_vs_microglial cell,endothelial cell,microglial cell
Atp6v1f,0.49802694,0.17671543,0.6184650491213772,1.0,endothelial cell_vs_microglial cell,endothelial cell,microglial cell
Sik2,0.4972105,1.9310427,0.6190406111100188,1.0,endothelial cell_vs_microglial cell,endothelial cell,microglial cell
Serpine2,0.49537352,0.09911934,0.6203364795797992,1.0,endothelial cell_vs_microglial cell,endothelial cell,microglial cell
Rps7,0.4923119,0.021452598,0.6224988804376351,1.0,endothelial cell_vs_microglial cell,endothelial cell,microglial cell
Fos,0.47822833,0.20823088,0.6324876973858553,1.0,endothelial cell_vs_microglial cell,endothelial cell,microglial cell
Plxna4,0.46822697,1.4692678,0.6396222844344934,1.0,endothelial cell_vs_microglial cell,endothelial cell,microglial cell
Lsp1,0.46618587,1.555297,0.6410824554310237,1.0,endothelial cell_vs_microglial cell,endothelial cell,microglial cell
Aldoc,0.46598178,0.5938941,0.6412285490623661,1.0,endothelial cell_vs_microglial cell,endothelial cell,microglial cell
Zswim6,0.4408763,1.3412297,0.659302542169514,1.0,endothelial cell_vs_microglial cell,endothelial cell,microglial cell
Rgs9,0.42393523,3.1949832,0.6716130479227052,1.0,endothelial cell_vs_microglial cell,endothelial cell,microglial cell
Dusp5,0.42393523,3.0700097,0.6716130479227052,1.0,endothelial cell_vs_microglial cell,endothelial cell,microglial cell
Slc9a3r1,0.42332292,0.66391975,0.6720596849636847,1.0,endothelial cell_vs_microglial cell,endothelial cell,microglial cell
Eepd1,0.41638318,1.723906,0.6771296306111085,1.0,endothelial cell_vs_microglial cell,endothelial cell,microglial cell
Abcb8,0.41577086,1.2556685,0.6775776860741343,1.0,endothelial cell_vs_microglial cell,endothelial cell,microglial cell
Fam19a2,0.40005443,23.553976,0.6891164252088102,1.0,endothelial cell_vs_microglial cell,endothelial cell,microglial cell
Slc9a9,0.39474759,2.7840793,0.6930291784636903,1.0,endothelial cell_vs_microglial cell,endothelial cell,microglial cell
Dock4,0.3665805,1.967001,0.7139319629202172,1.0,endothelial cell_vs_microglial cell,endothelial cell,microglial cell
Rbm43,0.358212,1.2189766,0.7201846638985756,1.0,endothelial cell_vs_microglial cell,endothelial cell,microglial cell
Gad2,0.358212,1.0519485,0.7201846638985756,1.0,endothelial cell_vs_microglial cell,endothelial cell,microglial cell
Arhgap11a,0.3449449,4.5614433,0.7301357992925475,1.0,endothelial cell_vs_microglial cell,endothelial cell,microglial cell
Apoc1,0.28289562,1.6733583,0.7772568409819771,1.0,endothelial cell_vs_microglial cell,endothelial cell,microglial cell
Camk2a,0.28289562,1.3676008,0.7772568409819771,1.0,endothelial cell_vs_microglial cell,endothelial cell,microglial cell
Fhit,0.281671,1.4433291,0.778195809802165,1.0,endothelial cell_vs_microglial cell,endothelial cell,microglial cell
Pde1b,0.281671,1.3047385,0.778195809802165,1.0,endothelial cell_vs_microglial cell,endothelial cell,microglial cell
Fabp7,0.27758878,1.2784945,0.781328038241282,1.0,endothelial cell_vs_microglial cell,endothelial cell,microglial cell
Snx29,0.27064908,0.84702,0.7866609510918773,1.0,endothelial cell_vs_microglial cell,endothelial cell,microglial cell
Eps8,0.26860797,0.5773091,0.7882313735690339,1.0,endothelial cell_vs_microglial cell,endothelial cell,microglial cell
Msh5,0.2647299,4.027722,0.7912175439316307,1.0,endothelial cell_vs_microglial cell,endothelial cell,microglial cell
Calb1,0.2647299,3.1088662,0.7912175439316307,1.0,endothelial cell_vs_microglial cell,endothelial cell,microglial cell
Ly6g6e,0.26309702,1.8572397,0.792475798876089,1.0,endothelial cell_vs_microglial cell,endothelial cell,microglial cell
Hba-a1,0.25044224,0.65755117,0.8022453678311398,1.0,endothelial cell_vs_microglial cell,endothelial cell,microglial cell
1700011I03Rik,0.24003266,23.016493,0.8103049377982703,1.0,endothelial cell_vs_microglial cell,endothelial cell,microglial cell
Prox1,0.24003266,23.032738,0.8103049377982703,1.0,endothelial cell_vs_microglial cell,endothelial cell,microglial cell
Park2,0.24003266,23.217804,0.8103049377982703,1.0,endothelial cell_vs_microglial cell,endothelial cell,microglial cell
Ccl5,0.24003266,22.837019,0.8103049377982703,1.0,endothelial cell_vs_microglial cell,endothelial cell,microglial cell
Cdh23,0.24003266,22.720219,0.8103049377982703,1.0,endothelial cell_vs_microglial cell,endothelial cell,microglial cell
1700112E06Rik,0.24003266,22.991743,0.8103049377982703,1.0,endothelial cell_vs_microglial cell,endothelial cell,microglial cell
4933406I18Rik,0.24003266,22.826414,0.8103049377982703,1.0,endothelial cell_vs_microglial cell,endothelial cell,microglial cell
Pbxip1,0.24003266,0.25168973,0.8103049377982703,1.0,endothelial cell_vs_microglial cell,endothelial cell,microglial cell
Gpr158,0.24003266,23.034767,0.8103049377982703,1.0,endothelial cell_vs_microglial cell,endothelial cell,microglial cell
Folr2,0.24003266,22.980654,0.8103049377982703,1.0,endothelial cell_vs_microglial cell,endothelial cell,microglial cell
Gjb1,0.23309293,1.81868,0.8156892370167591,1.0,endothelial cell_vs_microglial cell,endothelial cell,microglial cell
Maml3,0.2320724,0.4920544,0.8164817867963738,1.0,endothelial cell_vs_microglial cell,endothelial cell,microglial cell
Ctnnd2,0.23064363,0.822804,0.8175916716997791,1.0,endothelial cell_vs_microglial cell,endothelial cell,microglial cell
Stab1,0.225745,0.6540831,0.8213997553177976,1.0,endothelial cell_vs_microglial cell,endothelial cell,microglial cell
Calb2,0.21594775,-0.20480153,0.8290284759931191,1.0,endothelial cell_vs_microglial cell,endothelial cell,microglial cell
Cacna1d,0.20553817,1.4887303,0.8371516790036767,1.0,endothelial cell_vs_microglial cell,endothelial cell,microglial cell
Phgdh,0.20288475,1.9619907,0.8392251156193358,1.0,endothelial cell_vs_microglial cell,endothelial cell,microglial cell
Parp8,0.19349572,0.6600271,0.846570761194235,1.0,endothelial cell_vs_microglial cell,endothelial cell,microglial cell
Ccdc162,0.1845149,3.2337048,0.853609537995016,1.0,endothelial cell_vs_microglial cell,endothelial cell,microglial cell
Cnnm4,0.1845149,2.885555,0.853609537995016,1.0,endothelial cell_vs_microglial cell,endothelial cell,microglial cell
Dph2,0.1845149,2.861253,0.853609537995016,1.0,endothelial cell_vs_microglial cell,endothelial cell,microglial cell
Plau,0.18410668,2.243259,0.8539297639109296,1.0,endothelial cell_vs_microglial cell,endothelial cell,microglial cell
Cenpe,0.18369846,1.6743342,0.8542500138945855,1.0,endothelial cell_vs_microglial cell,endothelial cell,microglial cell
Dpp6,0.18329024,1.4688169,0.8545702878944216,1.0,endothelial cell_vs_microglial cell,endothelial cell,microglial cell
Ccl7,0.17879984,2.3342104,0.8580948722018212,1.0,endothelial cell_vs_microglial cell,endothelial cell,microglial cell
Pid1,0.17839162,0.25860518,0.8584154303696545,1.0,endothelial cell_vs_microglial cell,endothelial cell,microglial cell
Iqcg,0.17757519,1.4989897,0.8590566166879878,1.0,endothelial cell_vs_microglial cell,endothelial cell,microglial cell
Ppp2r2b,0.17635052,1.0391817,0.860018570346087,1.0,endothelial cell_vs_microglial cell,endothelial cell,microglial cell
Gpd1,0.17512587,1.6164049,0.8609807317785771,1.0,endothelial cell_vs_microglial cell,endothelial cell,microglial cell
Prorsd1,0.17165601,0.7583585,0.8637079719284892,1.0,endothelial cell_vs_microglial cell,endothelial cell,microglial cell
Tec,0.16206287,0.46913177,0.8712563472664276,1.0,endothelial cell_vs_microglial cell,endothelial cell,microglial cell
Reln,0.16002177,22.283676,0.8728639227363237,1.0,endothelial cell_vs_microglial cell,endothelial cell,microglial cell
Pms1,0.16002177,22.356321,0.8728639227363237,1.0,endothelial cell_vs_microglial cell,endothelial cell,microglial cell
Adcy8,0.16002177,22.101465,0.8728639227363237,1.0,endothelial cell_vs_microglial cell,endothelial cell,microglial cell
Grik3,0.16002177,22.359102,0.8728639227363237,1.0,endothelial cell_vs_microglial cell,endothelial cell,microglial cell
Hmga2,0.16002177,22.301514,0.8728639227363237,1.0,endothelial cell_vs_microglial cell,endothelial cell,microglial cell
Mis18bp1,0.16002177,22.188358,0.8728639227363237,1.0,endothelial cell_vs_microglial cell,endothelial cell,microglial cell
Mid1,0.16002177,22.33568,0.8728639227363237,1.0,endothelial cell_vs_microglial cell,endothelial cell,microglial cell
Cntn5,0.16002177,22.52474,0.8728639227363237,1.0,endothelial cell_vs_microglial cell,endothelial cell,microglial cell
Rasd2,0.16002177,22.582113,0.8728639227363237,1.0,endothelial cell_vs_microglial cell,endothelial cell,microglial cell
Ralyl,0.16002177,22.723906,0.8728639227363237,1.0,endothelial cell_vs_microglial cell,endothelial cell,microglial cell
Ncam2,0.16002177,22.652777,0.8728639227363237,1.0,endothelial cell_vs_microglial cell,endothelial cell,microglial cell
Gm9999,0.16002177,22.356709,0.8728639227363237,1.0,endothelial cell_vs_microglial cell,endothelial cell,microglial cell
Tfec,0.16002177,22.150793,0.8728639227363237,1.0,endothelial cell_vs_microglial cell,endothelial cell,microglial cell
Nell1,0.16002177,22.254211,0.8728639227363237,1.0,endothelial cell_vs_microglial cell,endothelial cell,microglial cell
Cdca2,0.16002177,22.662638,0.8728639227363237,1.0,endothelial cell_vs_microglial cell,endothelial cell,microglial cell
Cd300ld,0.16002177,22.352184,0.8728639227363237,1.0,endothelial cell_vs_microglial cell,endothelial cell,microglial cell
H2-Q7,0.16002177,22.288239,0.8728639227363237,1.0,endothelial cell_vs_microglial cell,endothelial cell,microglial cell
Dusp27,0.15083686,0.96154004,0.8801044167594433,1.0,endothelial cell_vs_microglial cell,endothelial cell,microglial cell
Ifi27l2a,0.14450946,0.3397899,0.8850981881183194,1.0,endothelial cell_vs_microglial cell,endothelial cell,microglial cell
Pdzrn4,0.12899715,2.6012042,0.8973599089729558,1.0,endothelial cell_vs_microglial cell,endothelial cell,microglial cell
Slc25a18,0.12899715,2.8387842,0.8973599089729558,1.0,endothelial cell_vs_microglial cell,endothelial cell,microglial cell
Bdnf,0.12858893,1.926583,0.8976829302341064,1.0,endothelial cell_vs_microglial cell,endothelial cell,microglial cell
Lrfn5,0.12858893,1.7990118,0.8976829302341064,1.0,endothelial cell_vs_microglial cell,endothelial cell,microglial cell
Fastkd3,0.12818071,1.2114686,0.8980059684518686,1.0,endothelial cell_vs_microglial cell,endothelial cell,microglial cell
Kif5a,0.11266839,0.5072604,0.9102934617323069,1.0,endothelial cell_vs_microglial cell,endothelial cell,microglial cell
Dscaml1,0.1042999,2.3519058,0.916931352735288,1.0,endothelial cell_vs_microglial cell,endothelial cell,microglial cell
Csmd1,0.1042999,1.5388634,0.916931352735288,1.0,endothelial cell_vs_microglial cell,endothelial cell,microglial cell
Neu4,0.1042999,2.6599565,0.916931352735288,1.0,endothelial cell_vs_microglial cell,endothelial cell,microglial cell
Trhde,0.1042999,3.5459461,0.916931352735288,1.0,endothelial cell_vs_microglial cell,endothelial cell,microglial cell
Grm7,0.1042999,3.2086482,0.916931352735288,1.0,endothelial cell_vs_microglial cell,endothelial cell,microglial cell
Rmst,0.1042999,3.5615048,0.916931352735288,1.0,endothelial cell_vs_microglial cell,endothelial cell,microglial cell
Ston2,0.1042999,3.2024677,0.916931352735288,1.0,endothelial cell_vs_microglial cell,endothelial cell,microglial cell
Grik4,0.1042999,2.0420337,0.916931352735288,1.0,endothelial cell_vs_microglial cell,endothelial cell,microglial cell
Mdga1,0.1042999,1.873609,0.916931352735288,1.0,endothelial cell_vs_microglial cell,endothelial cell,microglial cell
Ttll3,0.1042999,1.7043804,0.916931352735288,1.0,endothelial cell_vs_microglial cell,endothelial cell,microglial cell
Ccnb1,0.103891686,1.7521245,0.9172553042959364,1.0,endothelial cell_vs_microglial cell,endothelial cell,microglial cell
Dbx2,0.103891686,1.3491641,0.9172553042959364,1.0,endothelial cell_vs_microglial cell,endothelial cell,microglial cell
Slc8a1,0.10348347,1.2377652,0.9175792695958367,1.0,endothelial cell_vs_microglial cell,endothelial cell,microglial cell
Disc1,0.098788954,1.4665802,0.9213058407741793,1.0,endothelial cell_vs_microglial cell,endothelial cell,microglial cell
Xrcc5,0.09797251,1.5072404,0.9219541188563564,1.0,endothelial cell_vs_microglial cell,endothelial cell,microglial cell
Chmp1a,0.09674786,0.355317,0.9229266330774138,1.0,endothelial cell_vs_microglial cell,endothelial cell,microglial cell
Stoml1,0.09021635,0.98920566,0.9281152864814962,1.0,endothelial cell_vs_microglial cell,endothelial cell,microglial cell
BC026585,0.08817526,0.7075066,0.9297373781822839,1.0,endothelial cell_vs_microglial cell,endothelial cell,microglial cell
A3galt2,0.08001088,21.200855,0.9362285974967626,1.0,endothelial cell_vs_microglial cell,endothelial cell,microglial cell
Olfm3,0.08001088,21.713861,0.9362285974967626,1.0,endothelial cell_vs_microglial cell,endothelial cell,microglial cell
Olfr287,0.08001088,20.674103,0.9362285974967626,1.0,endothelial cell_vs_microglial cell,endothelial cell,microglial cell
Ndc80,0.08001088,21.411854,0.9362285974967626,1.0,endothelial cell_vs_microglial cell,endothelial cell,microglial cell
Myo16,0.08001088,21.8135,0.9362285974967626,1.0,endothelial cell_vs_microglial cell,endothelial cell,microglial cell
Dcc,0.08001088,21.085188,0.9362285974967626,1.0,endothelial cell_vs_microglial cell,endothelial cell,microglial cell
Pax6,0.08001088,21.962122,0.9362285974967626,1.0,endothelial cell_vs_microglial cell,endothelial cell,microglial cell
Crtam,0.08001088,20.82168,0.9362285974967626,1.0,endothelial cell_vs_microglial cell,endothelial cell,microglial cell
Xkr6,0.08001088,21.142954,0.9362285974967626,1.0,endothelial cell_vs_microglial cell,endothelial cell,microglial cell
Zswim5,0.08001088,20.53276,0.9362285974967626,1.0,endothelial cell_vs_microglial cell,endothelial cell,microglial cell
Satb2,0.08001088,20.52266,0.9362285974967626,1.0,endothelial cell_vs_microglial cell,endothelial cell,microglial cell
Mrc1,0.08001088,21.641861,0.9362285974967626,1.0,endothelial cell_vs_microglial cell,endothelial cell,microglial cell
Sorcs3,0.08001088,21.397636,0.9362285974967626,1.0,endothelial cell_vs_microglial cell,endothelial cell,microglial cell
Sorcs2,0.08001088,21.38918,0.9362285974967626,1.0,endothelial cell_vs_microglial cell,endothelial cell,microglial cell
Il1rapl1,0.08001088,20.858673,0.9362285974967626,1.0,endothelial cell_vs_microglial cell,endothelial cell,microglial cell
Sox15,0.08001088,23.417631,0.9362285974967626,1.0,endothelial cell_vs_microglial cell,endothelial cell,microglial cell
Gpam,0.08001088,22.170885,0.9362285974967626,1.0,endothelial cell_vs_microglial cell,endothelial cell,microglial cell
Gnb5,0.08001088,21.253727,0.9362285974967626,1.0,endothelial cell_vs_microglial cell,endothelial cell,microglial cell
Abcc12,0.08001088,21.633354,0.9362285974967626,1.0,endothelial cell_vs_microglial cell,endothelial cell,microglial cell
Adamts3,0.08001088,21.085188,0.9362285974967626,1.0,endothelial cell_vs_microglial cell,endothelial cell,microglial cell
Shox2,0.08001088,21.725662,0.9362285974967626,1.0,endothelial cell_vs_microglial cell,endothelial cell,microglial cell
Neurod6,0.08001088,21.629967,0.9362285974967626,1.0,endothelial cell_vs_microglial cell,endothelial cell,microglial cell
Kcnq5,0.08001088,21.536226,0.9362285974967626,1.0,endothelial cell_vs_microglial cell,endothelial cell,microglial cell
Sgcz,0.08001088,22.33438,0.9362285974967626,1.0,endothelial cell_vs_microglial cell,endothelial cell,microglial cell
Grid1,0.08001088,21.633354,0.9362285974967626,1.0,endothelial cell_vs_microglial cell,endothelial cell,microglial cell
Grin2c,0.08001088,21.962122,0.9362285974967626,1.0,endothelial cell_vs_microglial cell,endothelial cell,microglial cell
Asxl3,0.08001088,21.205744,0.9362285974967626,1.0,endothelial cell_vs_microglial cell,endothelial cell,microglial cell
Mmp28,0.08001088,21.56003,0.9362285974967626,1.0,endothelial cell_vs_microglial cell,endothelial cell,microglial cell
Baalc,0.08001088,20.851574,0.9362285974967626,1.0,endothelial cell_vs_microglial cell,endothelial cell,microglial cell
B3galt1,0.08001088,21.405437,0.9362285974967626,1.0,endothelial cell_vs_microglial cell,endothelial cell,microglial cell
Fmn2,0.08001088,20.52266,0.9362285974967626,1.0,endothelial cell_vs_microglial cell,endothelial cell,microglial cell
Fstl4,0.08001088,21.280643,0.9362285974967626,1.0,endothelial cell_vs_microglial cell,endothelial cell,microglial cell
Sln,0.08001088,21.132477,0.9362285974967626,1.0,endothelial cell_vs_microglial cell,endothelial cell,microglial cell
Grik2,0.08001088,21.560831,0.9362285974967626,1.0,endothelial cell_vs_microglial cell,endothelial cell,microglial cell
H2-Aa,0.08001088,21.320063,0.9362285974967626,1.0,endothelial cell_vs_microglial cell,endothelial cell,microglial cell
Enox1,0.08001088,21.615671,0.9362285974967626,1.0,endothelial cell_vs_microglial cell,endothelial cell,microglial cell
Clstn2,0.08001088,21.508997,0.9362285974967626,1.0,endothelial cell_vs_microglial cell,endothelial cell,microglial cell
Mastl,0.08001088,21.641861,0.9362285974967626,1.0,endothelial cell_vs_microglial cell,endothelial cell,microglial cell
C1ql3,0.08001088,21.195377,0.9362285974967626,1.0,endothelial cell_vs_microglial cell,endothelial cell,microglial cell
Gabrg3,0.08001088,21.11691,0.9362285974967626,1.0,endothelial cell_vs_microglial cell,endothelial cell,microglial cell
Rfx4,0.08001088,21.862413,0.9362285974967626,1.0,endothelial cell_vs_microglial cell,endothelial cell,microglial cell
Lrrc7,0.08001088,21.633354,0.9362285974967626,1.0,endothelial cell_vs_microglial cell,endothelial cell,microglial cell
Calca,0.08001088,21.046003,0.9362285974967626,1.0,endothelial cell_vs_microglial cell,endothelial cell,microglial cell
Cartpt,0.08001088,20.722721,0.9362285974967626,1.0,endothelial cell_vs_microglial cell,endothelial cell,microglial cell
Fam19a1,0.08001088,21.508997,0.9362285974967626,1.0,endothelial cell_vs_microglial cell,endothelial cell,microglial cell
Fam189a1,0.08001088,21.753326,0.9362285974967626,1.0,endothelial cell_vs_microglial cell,endothelial cell,microglial cell
Klhl1,0.08001088,21.142954,0.9362285974967626,1.0,endothelial cell_vs_microglial cell,endothelial cell,microglial cell
Kif15,0.08001088,21.188711,0.9362285974967626,1.0,endothelial cell_vs_microglial cell,endothelial cell,microglial cell
Ankle1,0.08001088,21.195986,0.9362285974967626,1.0,endothelial cell_vs_microglial cell,endothelial cell,microglial cell
Slc25a31,0.08001088,20.956512,0.9362285974967626,1.0,endothelial cell_vs_microglial cell,endothelial cell,microglial cell
Gm2694,0.08001088,21.962122,0.9362285974967626,1.0,endothelial cell_vs_microglial cell,endothelial cell,microglial cell
Gm16386,0.08001088,21.324738,0.9362285974967626,1.0,endothelial cell_vs_microglial cell,endothelial cell,microglial cell
Casc5,0.08001088,20.798769,0.9362285974967626,1.0,endothelial cell_vs_microglial cell,endothelial cell,microglial cell
Nos1,0.07307117,1.4062209,0.9417494858478562,1.0,endothelial cell_vs_microglial cell,endothelial cell,microglial cell
Racgap1,0.07225473,-0.13443398,0.9423991913428836,1.0,endothelial cell_vs_microglial cell,endothelial cell,microglial cell
Sag,0.07143829,0.30772236,0.9430489351661274,1.0,endothelial cell_vs_microglial cell,endothelial cell,microglial cell
Timp4,0.07143829,0.45419332,0.9430489351661274,1.0,endothelial cell_vs_microglial cell,endothelial cell,microglial cell
Agt,0.070621856,0.26731607,0.9436987168867235,1.0,endothelial cell_vs_microglial cell,endothelial cell,microglial cell
Nefm,0.070621856,0.2621559,0.9436987168867235,1.0,endothelial cell_vs_microglial cell,endothelial cell,microglial cell
Peli2,0.06858076,0.22988193,0.9453233341609022,1.0,endothelial cell_vs_microglial cell,endothelial cell,microglial cell
Slc39a11,0.066947885,0.7117198,0.9466231920528174,1.0,endothelial cell_vs_microglial cell,endothelial cell,microglial cell
1110008F13Rik,0.048782147,0.14094792,0.9610929093201516,1.0,endothelial cell_vs_microglial cell,endothelial cell,microglial cell
E130114P18Rik,0.04857804,1.4443433,0.9612555722129162,1.0,endothelial cell_vs_microglial cell,endothelial cell,microglial cell
Srrm4,0.04857804,2.0477765,0.9612555722129162,1.0,endothelial cell_vs_microglial cell,endothelial cell,microglial cell
Fam155a,0.0477616,0.81787616,0.9619062398448532,1.0,endothelial cell_vs_microglial cell,endothelial cell,microglial cell
Sox11,0.0477616,0.4433119,0.9619062398448532,1.0,endothelial cell_vs_microglial cell,endothelial cell,microglial cell
Sst,0.0477616,0.6562339,0.9619062398448532,1.0,endothelial cell_vs_microglial cell,endothelial cell,microglial cell
Nr4a1,0.046536945,0.31416333,0.9628822887316469,1.0,endothelial cell_vs_microglial cell,endothelial cell,microglial cell
Sncaip,0.042658865,1.0498209,0.9659734702381212,1.0,endothelial cell_vs_microglial cell,endothelial cell,microglial cell
Plac8,0.04102599,0.83339363,0.9672751760294964,1.0,endothelial cell_vs_microglial cell,endothelial cell,microglial cell
Gtdc1,0.039189007,0.81343454,0.9687396991089523,1.0,endothelial cell_vs_microglial cell,endothelial cell,microglial cell
Lfng,0.035310928,0.5567366,0.9718318102926058,1.0,endothelial cell_vs_microglial cell,endothelial cell,microglial cell
Cdc14a,0.033473942,0.32634637,0.9732966451815006,1.0,endothelial cell_vs_microglial cell,endothelial cell,microglial cell
Zfp804a,0.024084909,1.6131482,0.9807848801194936,1.0,endothelial cell_vs_microglial cell,endothelial cell,microglial cell
9530059O14Rik,0.024084909,1.892901,0.9807848801194936,1.0,endothelial cell_vs_microglial cell,endothelial cell,microglial cell
Fam183b,0.024084909,1.0669405,0.9807848801194936,1.0,endothelial cell_vs_microglial cell,endothelial cell,microglial cell
Hes5,0.024084909,1.611288,0.9807848801194936,1.0,endothelial cell_vs_microglial cell,endothelial cell,microglial cell
Elfn1,0.024084909,2.2994044,0.9807848801194936,1.0,endothelial cell_vs_microglial cell,endothelial cell,microglial cell
Megf11,0.024084909,1.4025384,0.9807848801194936,1.0,endothelial cell_vs_microglial cell,endothelial cell,microglial cell
Zmat4,0.024084909,0.8828093,0.9807848801194936,1.0,endothelial cell_vs_microglial cell,endothelial cell,microglial cell
Smad9,0.024084909,0.89726126,0.9807848801194936,1.0,endothelial cell_vs_microglial cell,endothelial cell,microglial cell
Kif20b,0.024084909,1.1130923,0.9807848801194936,1.0,endothelial cell_vs_microglial cell,endothelial cell,microglial cell
Kcnip1,0.024084909,1.2850881,0.9807848801194936,1.0,endothelial cell_vs_microglial cell,endothelial cell,microglial cell
Gm10069,0.024084909,0.64600325,0.9807848801194936,1.0,endothelial cell_vs_microglial cell,endothelial cell,microglial cell
Gal,0.024084909,0.77481204,0.9807848801194936,1.0,endothelial cell_vs_microglial cell,endothelial cell,microglial cell
Sntg1,0.024084909,1.9249591,0.9807848801194936,1.0,endothelial cell_vs_microglial cell,endothelial cell,microglial cell
Slc17a6,0.024084909,1.8389273,0.9807848801194936,1.0,endothelial cell_vs_microglial cell,endothelial cell,microglial cell
Nxph1,0.024084909,2.1345885,0.9807848801194936,1.0,endothelial cell_vs_microglial cell,endothelial cell,microglial cell
Crhbp,0.024084909,0.78899384,0.9807848801194936,1.0,endothelial cell_vs_microglial cell,endothelial cell,microglial cell
Ccdc18,0.024084909,1.620623,0.9807848801194936,1.0,endothelial cell_vs_microglial cell,endothelial cell,microglial cell
Ccdc60,0.024084909,1.3712406,0.9807848801194936,1.0,endothelial cell_vs_microglial cell,endothelial cell,microglial cell
Pbk,0.024084909,0.7667433,0.9807848801194936,1.0,endothelial cell_vs_microglial cell,endothelial cell,microglial cell
Dcx,0.024084909,1.2292191,0.9807848801194936,1.0,endothelial cell_vs_microglial cell,endothelial cell,microglial cell
Slc18a2,0.024084909,0.88196874,0.9807848801194936,1.0,endothelial cell_vs_microglial cell,endothelial cell,microglial cell
Dlgap5,0.024084909,0.81718075,0.9807848801194936,1.0,endothelial cell_vs_microglial cell,endothelial cell,microglial cell
Doc2g,0.024084909,1.1130805,0.9807848801194936,1.0,endothelial cell_vs_microglial cell,endothelial cell,microglial cell
Tac2,0.024084909,1.6734775,0.9807848801194936,1.0,endothelial cell_vs_microglial cell,endothelial cell,microglial cell
Rgs20,0.024084909,2.0575922,0.9807848801194936,1.0,endothelial cell_vs_microglial cell,endothelial cell,microglial cell
Ptprn2,0.024084909,1.403638,0.9807848801194936,1.0,endothelial cell_vs_microglial cell,endothelial cell,microglial cell
Grm1,0.024084909,0.7494492,0.9807848801194936,1.0,endothelial cell_vs_microglial cell,endothelial cell,microglial cell
Adcy2,0.024084909,0.7790673,0.9807848801194936,1.0,endothelial cell_vs_microglial cell,endothelial cell,microglial cell
C130071C03Rik,0.024084909,1.8971411,0.9807848801194936,1.0,endothelial cell_vs_microglial cell,endothelial cell,microglial cell
Zfpm2,0.023676692,-0.23015064,0.9811104987402228,1.0,endothelial cell_vs_microglial cell,endothelial cell,microglial cell
Cdca3,0.023676692,-0.21793783,0.9811104987402228,1.0,endothelial cell_vs_microglial cell,endothelial cell,microglial cell
Cenpf,0.023676692,-0.105642445,0.9811104987402228,1.0,endothelial cell_vs_microglial cell,endothelial cell,microglial cell
Scg2,0.023676692,-0.59210324,0.9811104987402228,1.0,endothelial cell_vs_microglial cell,endothelial cell,microglial cell
Hcn1,0.023676692,0.16074696,0.9811104987402228,1.0,endothelial cell_vs_microglial cell,endothelial cell,microglial cell
Pcp2,0.023676692,0.089180656,0.9811104987402228,1.0,endothelial cell_vs_microglial cell,endothelial cell,microglial cell
Dqx1,0.023676692,-0.36824867,0.9811104987402228,1.0,endothelial cell_vs_microglial cell,endothelial cell,microglial cell
Dgki,0.023676692,0.49681714,0.9811104987402228,1.0,endothelial cell_vs_microglial cell,endothelial cell,microglial cell
Aurkb,0.023676692,0.032034244,0.9811104987402228,1.0,endothelial cell_vs_microglial cell,endothelial cell,microglial cell
Slc26a2,0.020206831,0.30433404,0.9838783786105662,1.0,endothelial cell_vs_microglial cell,endothelial cell,microglial cell
Ntng1,0.017961627,0.5983996,0.9856694652093497,1.0,endothelial cell_vs_microglial cell,endothelial cell,microglial cell
Rpap2,0.01755341,1.3099704,0.9859951253431026,1.0,endothelial cell_vs_microglial cell,endothelial cell,microglial cell
S100a4,0.01714519,0.4249235,0.9863207878104244,1.0,endothelial cell_vs_microglial cell,endothelial cell,microglial cell
Adcyap1r1,0.016736971,0.5662889,0.9866464525570622,1.0,endothelial cell_vs_microglial cell,endothelial cell,microglial cell
Olig2,0.016328752,0.32190672,0.9869721195287618,1.0,endothelial cell_vs_microglial cell,endothelial cell,microglial cell
Cadps,0.015512315,0.06810233,0.9876234599303254,1.0,endothelial cell_vs_microglial cell,endothelial cell,microglial cell
Cdk5rap2,0.015512315,0.43911812,0.9876234599303254,1.0,endothelial cell_vs_microglial cell,endothelial cell,microglial cell
Ncan,0.014695877,-0.04048971,0.9882748085810609,1.0,endothelial cell_vs_microglial cell,endothelial cell,microglial cell
Nlgn1,0.014287658,0.07060291,0.9886004858642217,1.0,endothelial cell_vs_microglial cell,endothelial cell,microglial cell
Inpp4b,0.0057150633,-0.21675833,0.9954400640302622,1.0,endothelial cell_vs_microglial cell,endothelial cell,microglial cell
Anln,0.0,0.0,1.0,1.0,endothelial cell_vs_microglial cell,endothelial cell,microglial cell
Ano5,0.0,0.0,1.0,1.0,endothelial cell_vs_microglial cell,endothelial cell,microglial cell
Apoa1,0.0,0.0,1.0,1.0,endothelial cell_vs_microglial cell,endothelial cell,microglial cell
Gli2,0.0,0.0,1.0,1.0,endothelial cell_vs_microglial cell,endothelial cell,microglial cell
Hes3,0.0,0.0,1.0,1.0,endothelial cell_vs_microglial cell,endothelial cell,microglial cell
Kcnk10,0.0,0.0,1.0,1.0,endothelial cell_vs_microglial cell,endothelial cell,microglial cell
Neil3,0.0,0.0,1.0,1.0,endothelial cell_vs_microglial cell,endothelial cell,microglial cell
Kcnh7,0.0,0.0,1.0,1.0,endothelial cell_vs_microglial cell,endothelial cell,microglial cell
Kcnh8,0.0,0.0,1.0,1.0,endothelial cell_vs_microglial cell,endothelial cell,microglial cell
Fbxo43,0.0,0.0,1.0,1.0,endothelial cell_vs_microglial cell,endothelial cell,microglial cell
Kif24,0.0,0.0,1.0,1.0,endothelial cell_vs_microglial cell,endothelial cell,microglial cell
Kif26b,0.0,0.0,1.0,1.0,endothelial cell_vs_microglial cell,endothelial cell,microglial cell
Klf12,0.0,0.0,1.0,1.0,endothelial cell_vs_microglial cell,endothelial cell,microglial cell
Fanca,0.0,0.0,1.0,1.0,endothelial cell_vs_microglial cell,endothelial cell,microglial cell
Sds,0.0,0.0,1.0,1.0,endothelial cell_vs_microglial cell,endothelial cell,microglial cell
Sdsl,0.0,0.0,1.0,1.0,endothelial cell_vs_microglial cell,endothelial cell,microglial cell
Selenbp2,0.0,0.0,1.0,1.0,endothelial cell_vs_microglial cell,endothelial cell,microglial cell
Samd3,0.0,0.0,1.0,1.0,endothelial cell_vs_microglial cell,endothelial cell,microglial cell
Schip1,0.0,0.0,1.0,1.0,endothelial cell_vs_microglial cell,endothelial cell,microglial cell
Fbxl13,0.0,0.0,1.0,1.0,endothelial cell_vs_microglial cell,endothelial cell,microglial cell
Fbxl7,0.0,0.0,1.0,1.0,endothelial cell_vs_microglial cell,endothelial cell,microglial cell
Alpk3,0.0,0.0,1.0,1.0,endothelial cell_vs_microglial cell,endothelial cell,microglial cell
L3mbtl4,0.0,0.0,1.0,1.0,endothelial cell_vs_microglial cell,endothelial cell,microglial cell
Scn4a,0.0,0.0,1.0,1.0,endothelial cell_vs_microglial cell,endothelial cell,microglial cell
Rufy4,0.0,0.0,1.0,1.0,endothelial cell_vs_microglial cell,endothelial cell,microglial cell
Ryr3,0.0,0.0,1.0,1.0,endothelial cell_vs_microglial cell,endothelial cell,microglial cell
S100a14,0.0,0.0,1.0,1.0,endothelial cell_vs_microglial cell,endothelial cell,microglial cell
Kctd16,0.0,0.0,1.0,1.0,endothelial cell_vs_microglial cell,endothelial cell,microglial cell
Kctd8,0.0,0.0,1.0,1.0,endothelial cell_vs_microglial cell,endothelial cell,microglial cell
Ccdc150,0.0,0.0,1.0,1.0,endothelial cell_vs_microglial cell,endothelial cell,microglial cell
Kif11,0.0,0.0,1.0,1.0,endothelial cell_vs_microglial cell,endothelial cell,microglial cell
Kcnh5,0.0,0.0,1.0,1.0,endothelial cell_vs_microglial cell,endothelial cell,microglial cell
Kcnh6,0.0,0.0,1.0,1.0,endothelial cell_vs_microglial cell,endothelial cell,microglial cell
Siglec1,0.0,0.0,1.0,1.0,endothelial cell_vs_microglial cell,endothelial cell,microglial cell
Car3,0.0,0.0,1.0,1.0,endothelial cell_vs_microglial cell,endothelial cell,microglial cell
Cd160,0.0,0.0,1.0,1.0,endothelial cell_vs_microglial cell,endothelial cell,microglial cell
Cd163,0.0,0.0,1.0,1.0,endothelial cell_vs_microglial cell,endothelial cell,microglial cell
Cd163l1,0.0,0.0,1.0,1.0,endothelial cell_vs_microglial cell,endothelial cell,microglial cell
Cd209a,0.0,0.0,1.0,1.0,endothelial cell_vs_microglial cell,endothelial cell,microglial cell
Fam110c,0.0,0.0,1.0,1.0,endothelial cell_vs_microglial cell,endothelial cell,microglial cell
Kntc1,0.0,0.0,1.0,1.0,endothelial cell_vs_microglial cell,endothelial cell,microglial cell
Hist1h2bg,0.0,0.0,1.0,1.0,endothelial cell_vs_microglial cell,endothelial cell,microglial cell
Gm10863,0.0,0.0,1.0,1.0,endothelial cell_vs_microglial cell,endothelial cell,microglial cell
Tfap2d,0.0,0.0,1.0,1.0,endothelial cell_vs_microglial cell,endothelial cell,microglial cell
Tgm5,0.0,0.0,1.0,1.0,endothelial cell_vs_microglial cell,endothelial cell,microglial cell
Thbs4,0.0,0.0,1.0,1.0,endothelial cell_vs_microglial cell,endothelial cell,microglial cell
Alpk1,0.0,0.0,1.0,1.0,endothelial cell_vs_microglial cell,endothelial cell,microglial cell
Gm15987,0.0,0.0,1.0,1.0,endothelial cell_vs_microglial cell,endothelial cell,microglial cell
Gm2897,0.0,0.0,1.0,1.0,endothelial cell_vs_microglial cell,endothelial cell,microglial cell
Rpe65,0.0,0.0,1.0,1.0,endothelial cell_vs_microglial cell,endothelial cell,microglial cell
Ccr2,0.0,0.0,1.0,1.0,endothelial cell_vs_microglial cell,endothelial cell,microglial cell
Cbln3,0.0,0.0,1.0,1.0,endothelial cell_vs_microglial cell,endothelial cell,microglial cell
Serpina3g,0.0,0.0,1.0,1.0,endothelial cell_vs_microglial cell,endothelial cell,microglial cell
Sgcd,0.0,0.0,1.0,1.0,endothelial cell_vs_microglial cell,endothelial cell,microglial cell
Slc13a1,0.0,0.0,1.0,1.0,endothelial cell_vs_microglial cell,endothelial cell,microglial cell
Sh2d2a,0.0,0.0,1.0,1.0,endothelial cell_vs_microglial cell,endothelial cell,microglial cell
Sh3rf3,0.0,0.0,1.0,1.0,endothelial cell_vs_microglial cell,endothelial cell,microglial cell
Shc3,0.0,0.0,1.0,1.0,endothelial cell_vs_microglial cell,endothelial cell,microglial cell
Shcbp1,0.0,0.0,1.0,1.0,endothelial cell_vs_microglial cell,endothelial cell,microglial cell
Shisa6,0.0,0.0,1.0,1.0,endothelial cell_vs_microglial cell,endothelial cell,microglial cell
Shisa9,0.0,0.0,1.0,1.0,endothelial cell_vs_microglial cell,endothelial cell,microglial cell
Siah3,0.0,0.0,1.0,1.0,endothelial cell_vs_microglial cell,endothelial cell,microglial cell
Lgr5,0.0,0.0,1.0,1.0,endothelial cell_vs_microglial cell,endothelial cell,microglial cell
Lgr6,0.0,0.0,1.0,1.0,endothelial cell_vs_microglial cell,endothelial cell,microglial cell
Fabp4,0.0,0.0,1.0,1.0,endothelial cell_vs_microglial cell,endothelial cell,microglial cell
Rgs22,0.0,0.0,1.0,1.0,endothelial cell_vs_microglial cell,endothelial cell,microglial cell
Rhbg,0.0,0.0,1.0,1.0,endothelial cell_vs_microglial cell,endothelial cell,microglial cell
Rims1,0.0,0.0,1.0,1.0,endothelial cell_vs_microglial cell,endothelial cell,microglial cell
Rlbp1,0.0,0.0,1.0,1.0,endothelial cell_vs_microglial cell,endothelial cell,microglial cell
Cd209f,0.0,0.0,1.0,1.0,endothelial cell_vs_microglial cell,endothelial cell,microglial cell
Als2cr12,0.0,0.0,1.0,1.0,endothelial cell_vs_microglial cell,endothelial cell,microglial cell
Angptl1,0.0,0.0,1.0,1.0,endothelial cell_vs_microglial cell,endothelial cell,microglial cell
Tjp3,0.0,0.0,1.0,1.0,endothelial cell_vs_microglial cell,endothelial cell,microglial cell
Tmem132d,0.0,0.0,1.0,1.0,endothelial cell_vs_microglial cell,endothelial cell,microglial cell
Gm11190,0.0,0.0,1.0,1.0,endothelial cell_vs_microglial cell,endothelial cell,microglial cell
Gm11747,0.0,0.0,1.0,1.0,endothelial cell_vs_microglial cell,endothelial cell,microglial cell
Gm12253,0.0,0.0,1.0,1.0,endothelial cell_vs_microglial cell,endothelial cell,microglial cell
Gm12295,0.0,0.0,1.0,1.0,endothelial cell_vs_microglial cell,endothelial cell,microglial cell
Gm4952,0.0,0.0,1.0,1.0,endothelial cell_vs_microglial cell,endothelial cell,microglial cell
Akap14,0.0,0.0,1.0,1.0,endothelial cell_vs_microglial cell,endothelial cell,microglial cell
Alas2,0.0,0.0,1.0,1.0,endothelial cell_vs_microglial cell,endothelial cell,microglial cell
Alb,0.0,0.0,1.0,1.0,endothelial cell_vs_microglial cell,endothelial cell,microglial cell
Aldob,0.0,0.0,1.0,1.0,endothelial cell_vs_microglial cell,endothelial cell,microglial cell
Tmprss11d,0.0,0.0,1.0,1.0,endothelial cell_vs_microglial cell,endothelial cell,microglial cell
Tmprss7,0.0,0.0,1.0,1.0,endothelial cell_vs_microglial cell,endothelial cell,microglial cell
Tnc,0.0,0.0,1.0,1.0,endothelial cell_vs_microglial cell,endothelial cell,microglial cell
Tnnc2,0.0,0.0,1.0,1.0,endothelial cell_vs_microglial cell,endothelial cell,microglial cell
Alk,0.0,0.0,1.0,1.0,endothelial cell_vs_microglial cell,endothelial cell,microglial cell
Cd36,0.0,0.0,1.0,1.0,endothelial cell_vs_microglial cell,endothelial cell,microglial cell
Cd3g,0.0,0.0,1.0,1.0,endothelial cell_vs_microglial cell,endothelial cell,microglial cell
Rbp3,0.0,0.0,1.0,1.0,endothelial cell_vs_microglial cell,endothelial cell,microglial cell
F13a1,0.0,0.0,1.0,1.0,endothelial cell_vs_microglial cell,endothelial cell,microglial cell
Ldoc1,0.0,0.0,1.0,1.0,endothelial cell_vs_microglial cell,endothelial cell,microglial cell
Lgals12,0.0,0.0,1.0,1.0,endothelial cell_vs_microglial cell,endothelial cell,microglial cell
Cdc25c,0.0,0.0,1.0,1.0,endothelial cell_vs_microglial cell,endothelial cell,microglial cell
Cdc6,0.0,0.0,1.0,1.0,endothelial cell_vs_microglial cell,endothelial cell,microglial cell
Cd209g,0.0,0.0,1.0,1.0,endothelial cell_vs_microglial cell,endothelial cell,microglial cell
Cd226,0.0,0.0,1.0,1.0,endothelial cell_vs_microglial cell,endothelial cell,microglial cell
Slc1a7,0.0,0.0,1.0,1.0,endothelial cell_vs_microglial cell,endothelial cell,microglial cell
Slc25a21,0.0,0.0,1.0,1.0,endothelial cell_vs_microglial cell,endothelial cell,microglial cell
Ska1,0.0,0.0,1.0,1.0,endothelial cell_vs_microglial cell,endothelial cell,microglial cell
Skor1,0.0,0.0,1.0,1.0,endothelial cell_vs_microglial cell,endothelial cell,microglial cell
Slc10a4,0.0,0.0,1.0,1.0,endothelial cell_vs_microglial cell,endothelial cell,microglial cell
Cabp2,0.0,0.0,1.0,1.0,endothelial cell_vs_microglial cell,endothelial cell,microglial cell
Calr4,0.0,0.0,1.0,1.0,endothelial cell_vs_microglial cell,endothelial cell,microglial cell
Cd28,0.0,0.0,1.0,1.0,endothelial cell_vs_microglial cell,endothelial cell,microglial cell
Gm4070,0.0,0.0,1.0,1.0,endothelial cell_vs_microglial cell,endothelial cell,microglial cell
Treml4,0.0,0.0,1.0,1.0,endothelial cell_vs_microglial cell,endothelial cell,microglial cell
H2-Q10,0.0,0.0,1.0,1.0,endothelial cell_vs_microglial cell,endothelial cell,microglial cell
Hapln1,0.0,0.0,1.0,1.0,endothelial cell_vs_microglial cell,endothelial cell,microglial cell
Has2,0.0,0.0,1.0,1.0,endothelial cell_vs_microglial cell,endothelial cell,microglial cell
Hcrt,0.0,0.0,1.0,1.0,endothelial cell_vs_microglial cell,endothelial cell,microglial cell
Lhx4,0.0,0.0,1.0,1.0,endothelial cell_vs_microglial cell,endothelial cell,microglial cell
Lmod3,0.0,0.0,1.0,1.0,endothelial cell_vs_microglial cell,endothelial cell,microglial cell
Cdh18,0.0,0.0,1.0,1.0,endothelial cell_vs_microglial cell,endothelial cell,microglial cell
Pzp,0.0,0.0,1.0,1.0,endothelial cell_vs_microglial cell,endothelial cell,microglial cell
Cdh6,0.0,0.0,1.0,1.0,endothelial cell_vs_microglial cell,endothelial cell,microglial cell
Cd8b1,0.0,0.0,1.0,1.0,endothelial cell_vs_microglial cell,endothelial cell,microglial cell
Slc17a8,0.0,0.0,1.0,1.0,endothelial cell_vs_microglial cell,endothelial cell,microglial cell
Prokr2,0.0,0.0,1.0,1.0,endothelial cell_vs_microglial cell,endothelial cell,microglial cell
Epha6,0.0,0.0,1.0,1.0,endothelial cell_vs_microglial cell,endothelial cell,microglial cell
Ephb2,0.0,0.0,1.0,1.0,endothelial cell_vs_microglial cell,endothelial cell,microglial cell
Lrfn2,0.0,0.0,1.0,1.0,endothelial cell_vs_microglial cell,endothelial cell,microglial cell
Lrg1,0.0,0.0,1.0,1.0,endothelial cell_vs_microglial cell,endothelial cell,microglial cell
Lrguk,0.0,0.0,1.0,1.0,endothelial cell_vs_microglial cell,endothelial cell,microglial cell
Lrp2,0.0,0.0,1.0,1.0,endothelial cell_vs_microglial cell,endothelial cell,microglial cell
Cdhr3,0.0,0.0,1.0,1.0,endothelial cell_vs_microglial cell,endothelial cell,microglial cell
Ptpn20,0.0,0.0,1.0,1.0,endothelial cell_vs_microglial cell,endothelial cell,microglial cell
Lrrtm4,0.0,0.0,1.0,1.0,endothelial cell_vs_microglial cell,endothelial cell,microglial cell
Trdn,0.0,0.0,1.0,1.0,endothelial cell_vs_microglial cell,endothelial cell,microglial cell
Ltbp4,0.0,0.0,1.0,1.0,endothelial cell_vs_microglial cell,endothelial cell,microglial cell
Ltf,0.0,0.0,1.0,1.0,endothelial cell_vs_microglial cell,endothelial cell,microglial cell
Ly6d,0.0,0.0,1.0,1.0,endothelial cell_vs_microglial cell,endothelial cell,microglial cell
Eomes,0.0,0.0,1.0,1.0,endothelial cell_vs_microglial cell,endothelial cell,microglial cell
Ces1d,0.0,0.0,1.0,1.0,endothelial cell_vs_microglial cell,endothelial cell,microglial cell
Cfi,0.0,0.0,1.0,1.0,endothelial cell_vs_microglial cell,endothelial cell,microglial cell
Galntl6,0.0,0.0,1.0,1.0,endothelial cell_vs_microglial cell,endothelial cell,microglial cell
Apon,0.0,0.0,1.0,1.0,endothelial cell_vs_microglial cell,endothelial cell,microglial cell
Aqp6,0.0,0.0,1.0,1.0,endothelial cell_vs_microglial cell,endothelial cell,microglial cell
Arg1,0.0,0.0,1.0,1.0,endothelial cell_vs_microglial cell,endothelial cell,microglial cell
Arhgap36,0.0,0.0,1.0,1.0,endothelial cell_vs_microglial cell,endothelial cell,microglial cell
Dct,0.0,0.0,1.0,1.0,endothelial cell_vs_microglial cell,endothelial cell,microglial cell
Gdf10,0.0,0.0,1.0,1.0,endothelial cell_vs_microglial cell,endothelial cell,microglial cell
Gen1,0.0,0.0,1.0,1.0,endothelial cell_vs_microglial cell,endothelial cell,microglial cell
Hist1h4c,0.0,0.0,1.0,1.0,endothelial cell_vs_microglial cell,endothelial cell,microglial cell
Steap4,0.0,0.0,1.0,1.0,endothelial cell_vs_microglial cell,endothelial cell,microglial cell
Stil,0.0,0.0,1.0,1.0,endothelial cell_vs_microglial cell,endothelial cell,microglial cell
Stk33,0.0,0.0,1.0,1.0,endothelial cell_vs_microglial cell,endothelial cell,microglial cell
Grm4,0.0,0.0,1.0,1.0,endothelial cell_vs_microglial cell,endothelial cell,microglial cell
Ube2u,0.0,0.0,1.0,1.0,endothelial cell_vs_microglial cell,endothelial cell,microglial cell
Trh,0.0,0.0,1.0,1.0,endothelial cell_vs_microglial cell,endothelial cell,microglial cell
Ttc21a,0.0,0.0,1.0,1.0,endothelial cell_vs_microglial cell,endothelial cell,microglial cell
2900079G21Rik,0.0,0.0,1.0,1.0,endothelial cell_vs_microglial cell,endothelial cell,microglial cell
4930415F15Rik,0.0,0.0,1.0,1.0,endothelial cell_vs_microglial cell,endothelial cell,microglial cell
Greb1l,0.0,0.0,1.0,1.0,endothelial cell_vs_microglial cell,endothelial cell,microglial cell
Prr11,0.0,0.0,1.0,1.0,endothelial cell_vs_microglial cell,endothelial cell,microglial cell
Prss56,0.0,0.0,1.0,1.0,endothelial cell_vs_microglial cell,endothelial cell,microglial cell
Ppp1r17,0.0,0.0,1.0,1.0,endothelial cell_vs_microglial cell,endothelial cell,microglial cell
Prdm13,0.0,0.0,1.0,1.0,endothelial cell_vs_microglial cell,endothelial cell,microglial cell
Prg4,0.0,0.0,1.0,1.0,endothelial cell_vs_microglial cell,endothelial cell,microglial cell
En2,0.0,0.0,1.0,1.0,endothelial cell_vs_microglial cell,endothelial cell,microglial cell
Chsy3,0.0,0.0,1.0,1.0,endothelial cell_vs_microglial cell,endothelial cell,microglial cell
Ciita,0.0,0.0,1.0,1.0,endothelial cell_vs_microglial cell,endothelial cell,microglial cell
Pm20d2,0.0,0.0,1.0,1.0,endothelial cell_vs_microglial cell,endothelial cell,microglial cell
Polq,0.0,0.0,1.0,1.0,endothelial cell_vs_microglial cell,endothelial cell,microglial cell
Pou2af1,0.0,0.0,1.0,1.0,endothelial cell_vs_microglial cell,endothelial cell,microglial cell
Ppef2,0.0,0.0,1.0,1.0,endothelial cell_vs_microglial cell,endothelial cell,microglial cell
Slc1a6,0.0,0.0,1.0,1.0,endothelial cell_vs_microglial cell,endothelial cell,microglial cell
Bub1,0.0,0.0,1.0,1.0,endothelial cell_vs_microglial cell,endothelial cell,microglial cell
C130060C02Rik,0.0,0.0,1.0,1.0,endothelial cell_vs_microglial cell,endothelial cell,microglial cell
4932443I19Rik,0.0,0.0,1.0,1.0,endothelial cell_vs_microglial cell,endothelial cell,microglial cell
Slc35f4,0.0,0.0,1.0,1.0,endothelial cell_vs_microglial cell,endothelial cell,microglial cell
Slc44a5,0.0,0.0,1.0,1.0,endothelial cell_vs_microglial cell,endothelial cell,microglial cell
Slc5a7,0.0,0.0,1.0,1.0,endothelial cell_vs_microglial cell,endothelial cell,microglial cell
Fcna,0.0,0.0,1.0,1.0,endothelial cell_vs_microglial cell,endothelial cell,microglial cell
Fgf14,0.0,0.0,1.0,1.0,endothelial cell_vs_microglial cell,endothelial cell,microglial cell
Itga2,0.0,0.0,1.0,1.0,endothelial cell_vs_microglial cell,endothelial cell,microglial cell
Mgl2,0.0,0.0,1.0,1.0,endothelial cell_vs_microglial cell,endothelial cell,microglial cell
Cntn4,0.0,0.0,1.0,1.0,endothelial cell_vs_microglial cell,endothelial cell,microglial cell
Cntnap3,0.0,0.0,1.0,1.0,endothelial cell_vs_microglial cell,endothelial cell,microglial cell
Cntnap4,0.0,0.0,1.0,1.0,endothelial cell_vs_microglial cell,endothelial cell,microglial cell
Cntnap5b,0.0,0.0,1.0,1.0,endothelial cell_vs_microglial cell,endothelial cell,microglial cell
Cntnap5c,0.0,0.0,1.0,1.0,endothelial cell_vs_microglial cell,endothelial cell,microglial cell
Pklr,0.0,0.0,1.0,1.0,endothelial cell_vs_microglial cell,endothelial cell,microglial cell
Eda2r,0.0,0.0,1.0,1.0,endothelial cell_vs_microglial cell,endothelial cell,microglial cell
Egfem1,0.0,0.0,1.0,1.0,endothelial cell_vs_microglial cell,endothelial cell,microglial cell
4933415F23Rik,0.0,0.0,1.0,1.0,endothelial cell_vs_microglial cell,endothelial cell,microglial cell
Plcxd3,0.0,0.0,1.0,1.0,endothelial cell_vs_microglial cell,endothelial cell,microglial cell
Clec10a,0.0,0.0,1.0,1.0,endothelial cell_vs_microglial cell,endothelial cell,microglial cell
Clec4n,0.0,0.0,1.0,1.0,endothelial cell_vs_microglial cell,endothelial cell,microglial cell
Cnpy1,0.0,0.0,1.0,1.0,endothelial cell_vs_microglial cell,endothelial cell,microglial cell
Chrm2,0.0,0.0,1.0,1.0,endothelial cell_vs_microglial cell,endothelial cell,microglial cell
Chst5,0.0,0.0,1.0,1.0,endothelial cell_vs_microglial cell,endothelial cell,microglial cell
Adamts6,0.0,0.0,1.0,1.0,endothelial cell_vs_microglial cell,endothelial cell,microglial cell
Ttc29,0.0,0.0,1.0,1.0,endothelial cell_vs_microglial cell,endothelial cell,microglial cell
Ttk,0.0,0.0,1.0,1.0,endothelial cell_vs_microglial cell,endothelial cell,microglial cell
Arhgef33,0.0,0.0,1.0,1.0,endothelial cell_vs_microglial cell,endothelial cell,microglial cell
Gabrr1,0.0,0.0,1.0,1.0,endothelial cell_vs_microglial cell,endothelial cell,microglial cell
Hs6st3,0.0,0.0,1.0,1.0,endothelial cell_vs_microglial cell,endothelial cell,microglial cell
Hus1b,0.0,0.0,1.0,1.0,endothelial cell_vs_microglial cell,endothelial cell,microglial cell
Itgal,0.0,0.0,1.0,1.0,endothelial cell_vs_microglial cell,endothelial cell,microglial cell
Slc6a4,0.0,0.0,1.0,1.0,endothelial cell_vs_microglial cell,endothelial cell,microglial cell
Bmpr1b,0.0,0.0,1.0,1.0,endothelial cell_vs_microglial cell,endothelial cell,microglial cell
Brca1,0.0,0.0,1.0,1.0,endothelial cell_vs_microglial cell,endothelial cell,microglial cell
Brip1,0.0,0.0,1.0,1.0,endothelial cell_vs_microglial cell,endothelial cell,microglial cell
Inmt,0.0,0.0,1.0,1.0,endothelial cell_vs_microglial cell,endothelial cell,microglial cell
E330013P04Rik,0.0,0.0,1.0,1.0,endothelial cell_vs_microglial cell,endothelial cell,microglial cell
Ect2l,0.0,0.0,1.0,1.0,endothelial cell_vs_microglial cell,endothelial cell,microglial cell
4933427E11Rik,0.0,0.0,1.0,1.0,endothelial cell_vs_microglial cell,endothelial cell,microglial cell
Mmp9,0.0,0.0,1.0,1.0,endothelial cell_vs_microglial cell,endothelial cell,microglial cell
Pla2g3,0.0,0.0,1.0,1.0,endothelial cell_vs_microglial cell,endothelial cell,microglial cell
Phox2b,0.0,0.0,1.0,1.0,endothelial cell_vs_microglial cell,endothelial cell,microglial cell
Gabra6,0.0,0.0,1.0,1.0,endothelial cell_vs_microglial cell,endothelial cell,microglial cell
Gabrb2,0.0,0.0,1.0,1.0,endothelial cell_vs_microglial cell,endothelial cell,microglial cell
Asmt,0.0,0.0,1.0,1.0,endothelial cell_vs_microglial cell,endothelial cell,microglial cell
Aspm,0.0,0.0,1.0,1.0,endothelial cell_vs_microglial cell,endothelial cell,microglial cell
Astn2,0.0,0.0,1.0,1.0,endothelial cell_vs_microglial cell,endothelial cell,microglial cell
Spn,0.0,0.0,1.0,1.0,endothelial cell_vs_microglial cell,endothelial cell,microglial cell
St18,0.0,0.0,1.0,1.0,endothelial cell_vs_microglial cell,endothelial cell,microglial cell
5730522E02Rik,0.0,0.0,1.0,1.0,endothelial cell_vs_microglial cell,endothelial cell,microglial cell
Iqck,0.0,0.0,1.0,1.0,endothelial cell_vs_microglial cell,endothelial cell,microglial cell
Grid2ip,0.0,0.0,1.0,1.0,endothelial cell_vs_microglial cell,endothelial cell,microglial cell
Grik1,0.0,0.0,1.0,1.0,endothelial cell_vs_microglial cell,endothelial cell,microglial cell
Gm5087,0.0,0.0,1.0,1.0,endothelial cell_vs_microglial cell,endothelial cell,microglial cell
Adamts18,0.0,0.0,1.0,1.0,endothelial cell_vs_microglial cell,endothelial cell,microglial cell
Colq,0.0,0.0,1.0,1.0,endothelial cell_vs_microglial cell,endothelial cell,microglial cell
Cpa6,0.0,0.0,1.0,1.0,endothelial cell_vs_microglial cell,endothelial cell,microglial cell
Fibcd1,0.0,0.0,1.0,1.0,endothelial cell_vs_microglial cell,endothelial cell,microglial cell
Slfn3,0.0,0.0,1.0,1.0,endothelial cell_vs_microglial cell,endothelial cell,microglial cell
9330111N05Rik,0.0,0.0,1.0,1.0,endothelial cell_vs_microglial cell,endothelial cell,microglial cell
Barhl2,0.0,0.0,1.0,1.0,endothelial cell_vs_microglial cell,endothelial cell,microglial cell
Bcl2l15,0.0,0.0,1.0,1.0,endothelial cell_vs_microglial cell,endothelial cell,microglial cell
Nr1i2,0.0,0.0,1.0,1.0,endothelial cell_vs_microglial cell,endothelial cell,microglial cell
B230323A14Rik,0.0,0.0,1.0,1.0,endothelial cell_vs_microglial cell,endothelial cell,microglial cell
BC039966,0.0,0.0,1.0,1.0,endothelial cell_vs_microglial cell,endothelial cell,microglial cell
Nt5c1a,0.0,0.0,1.0,1.0,endothelial cell_vs_microglial cell,endothelial cell,microglial cell
Crabp1,0.0,0.0,1.0,1.0,endothelial cell_vs_microglial cell,endothelial cell,microglial cell
Crb1,0.0,0.0,1.0,1.0,endothelial cell_vs_microglial cell,endothelial cell,microglial cell
P4ha3,0.0,0.0,1.0,1.0,endothelial cell_vs_microglial cell,endothelial cell,microglial cell
Ms4a7,0.0,0.0,1.0,1.0,endothelial cell_vs_microglial cell,endothelial cell,microglial cell
Msr1,0.0,0.0,1.0,1.0,endothelial cell_vs_microglial cell,endothelial cell,microglial cell
Cxcr3,0.0,0.0,1.0,1.0,endothelial cell_vs_microglial cell,endothelial cell,microglial cell
Pcsk4,0.0,0.0,1.0,1.0,endothelial cell_vs_microglial cell,endothelial cell,microglial cell
Igfbpl1,0.0,0.0,1.0,1.0,endothelial cell_vs_microglial cell,endothelial cell,microglial cell
Ikbke,0.0,0.0,1.0,1.0,endothelial cell_vs_microglial cell,endothelial cell,microglial cell
Il17f,0.0,0.0,1.0,1.0,endothelial cell_vs_microglial cell,endothelial cell,microglial cell
Il18r1,0.0,0.0,1.0,1.0,endothelial cell_vs_microglial cell,endothelial cell,microglial cell
Il1rapl2,0.0,0.0,1.0,1.0,endothelial cell_vs_microglial cell,endothelial cell,microglial cell
Il20rb,0.0,0.0,1.0,1.0,endothelial cell_vs_microglial cell,endothelial cell,microglial cell
St8sia2,0.0,0.0,1.0,1.0,endothelial cell_vs_microglial cell,endothelial cell,microglial cell
Stab2,0.0,0.0,1.0,1.0,endothelial cell_vs_microglial cell,endothelial cell,microglial cell
Dok6,0.0,0.0,1.0,1.0,endothelial cell_vs_microglial cell,endothelial cell,microglial cell
Dpp10,0.0,0.0,1.0,1.0,endothelial cell_vs_microglial cell,endothelial cell,microglial cell
Cxcr6,0.0,0.0,1.0,1.0,endothelial cell_vs_microglial cell,endothelial cell,microglial cell
Drd2,0.0,0.0,1.0,1.0,endothelial cell_vs_microglial cell,endothelial cell,microglial cell
Ms4a4b,0.0,0.0,1.0,1.0,endothelial cell_vs_microglial cell,endothelial cell,microglial cell
Pdyn,0.0,0.0,1.0,1.0,endothelial cell_vs_microglial cell,endothelial cell,microglial cell
Myb,0.0,0.0,1.0,1.0,endothelial cell_vs_microglial cell,endothelial cell,microglial cell
Ucp3,0.0,0.0,1.0,1.0,endothelial cell_vs_microglial cell,endothelial cell,microglial cell
Vdr,0.0,0.0,1.0,1.0,endothelial cell_vs_microglial cell,endothelial cell,microglial cell
Acss3,0.0,0.0,1.0,1.0,endothelial cell_vs_microglial cell,endothelial cell,microglial cell
Adam32,0.0,0.0,1.0,1.0,endothelial cell_vs_microglial cell,endothelial cell,microglial cell
Gm5089,0.0,0.0,1.0,1.0,endothelial cell_vs_microglial cell,endothelial cell,microglial cell
Gm6994,0.0,0.0,1.0,1.0,endothelial cell_vs_microglial cell,endothelial cell,microglial cell
Gpc2,0.0,0.0,1.0,1.0,endothelial cell_vs_microglial cell,endothelial cell,microglial cell
Mybpc1,0.0,0.0,1.0,1.0,endothelial cell_vs_microglial cell,endothelial cell,microglial cell
Myl1,0.0,0.0,1.0,1.0,endothelial cell_vs_microglial cell,endothelial cell,microglial cell
Myoc,0.0,0.0,1.0,1.0,endothelial cell_vs_microglial cell,endothelial cell,microglial cell
Pax2,0.0,0.0,1.0,1.0,endothelial cell_vs_microglial cell,endothelial cell,microglial cell
Pax6os1,0.0,0.0,1.0,1.0,endothelial cell_vs_microglial cell,endothelial cell,microglial cell
Kcnj6,0.0,0.0,1.0,1.0,endothelial cell_vs_microglial cell,endothelial cell,microglial cell
Ctla4,0.0,0.0,1.0,1.0,endothelial cell_vs_microglial cell,endothelial cell,microglial cell
Pcdha2,0.0,0.0,1.0,1.0,endothelial cell_vs_microglial cell,endothelial cell,microglial cell
Hs3st5,0.0,0.0,1.0,1.0,endothelial cell_vs_microglial cell,endothelial cell,microglial cell
Cytl1,0.0,0.0,1.0,1.0,endothelial cell_vs_microglial cell,endothelial cell,microglial cell
D930020B18Rik,0.0,0.0,1.0,1.0,endothelial cell_vs_microglial cell,endothelial cell,microglial cell
Dao,0.0,0.0,1.0,1.0,endothelial cell_vs_microglial cell,endothelial cell,microglial cell
Gpr156,0.0,0.0,1.0,1.0,endothelial cell_vs_microglial cell,endothelial cell,microglial cell
A330050F15Rik,0.0,0.0,1.0,1.0,endothelial cell_vs_microglial cell,endothelial cell,microglial cell
A730056A06Rik,0.0,0.0,1.0,1.0,endothelial cell_vs_microglial cell,endothelial cell,microglial cell
Veph1,0.0,0.0,1.0,1.0,endothelial cell_vs_microglial cell,endothelial cell,microglial cell
Vip,0.0,0.0,1.0,1.0,endothelial cell_vs_microglial cell,endothelial cell,microglial cell
Vmn1r4,0.0,0.0,1.0,1.0,endothelial cell_vs_microglial cell,endothelial cell,microglial cell
Vwc2,0.0,0.0,1.0,1.0,endothelial cell_vs_microglial cell,endothelial cell,microglial cell
Gpr179,0.0,0.0,1.0,1.0,endothelial cell_vs_microglial cell,endothelial cell,microglial cell
Tdrd1,0.0,0.0,1.0,1.0,endothelial cell_vs_microglial cell,endothelial cell,microglial cell
Cubn,0.0,0.0,1.0,1.0,endothelial cell_vs_microglial cell,endothelial cell,microglial cell
P2rx3,0.0,0.0,1.0,1.0,endothelial cell_vs_microglial cell,endothelial cell,microglial cell
Ndst4,0.0,0.0,1.0,1.0,endothelial cell_vs_microglial cell,endothelial cell,microglial cell
Neurod4,0.0,0.0,1.0,1.0,endothelial cell_vs_microglial cell,endothelial cell,microglial cell
Neurog2,0.0,0.0,1.0,1.0,endothelial cell_vs_microglial cell,endothelial cell,microglial cell
Tead2,0.0,0.0,1.0,1.0,endothelial cell_vs_microglial cell,endothelial cell,microglial cell
Cyp24a1,0.0,0.0,1.0,1.0,endothelial cell_vs_microglial cell,endothelial cell,microglial cell
Cyp2e1,0.0,0.0,1.0,1.0,endothelial cell_vs_microglial cell,endothelial cell,microglial cell
Cyp2j8,0.0,0.0,1.0,1.0,endothelial cell_vs_microglial cell,endothelial cell,microglial cell
Cyp4f17,0.0,0.0,1.0,1.0,endothelial cell_vs_microglial cell,endothelial cell,microglial cell
Nrg1,0.0,0.0,1.0,1.0,endothelial cell_vs_microglial cell,endothelial cell,microglial cell
Nrg3,0.0,0.0,1.0,1.0,endothelial cell_vs_microglial cell,endothelial cell,microglial cell
Nphs1,0.0,0.0,1.0,1.0,endothelial cell_vs_microglial cell,endothelial cell,microglial cell
Neb,0.0,0.0,1.0,1.0,endothelial cell_vs_microglial cell,endothelial cell,microglial cell
1700007G11Rik,0.0,0.0,1.0,1.0,endothelial cell_vs_microglial cell,endothelial cell,microglial cell
Xcl1,0.0,0.0,1.0,1.0,endothelial cell_vs_microglial cell,endothelial cell,microglial cell
Xkr4,0.0,0.0,1.0,1.0,endothelial cell_vs_microglial cell,endothelial cell,microglial cell
Xkr7,0.0,0.0,1.0,1.0,endothelial cell_vs_microglial cell,endothelial cell,microglial cell
Zbbx,0.0,0.0,1.0,1.0,endothelial cell_vs_microglial cell,endothelial cell,microglial cell
Tecta,0.0,0.0,1.0,1.0,endothelial cell_vs_microglial cell,endothelial cell,microglial cell
Dlk1,0.0,0.0,1.0,1.0,endothelial cell_vs_microglial cell,endothelial cell,microglial cell
Dmc1,0.0,0.0,1.0,1.0,endothelial cell_vs_microglial cell,endothelial cell,microglial cell
Dnmbp,0.0,0.0,1.0,1.0,endothelial cell_vs_microglial cell,endothelial cell,microglial cell
Tex11,0.0,0.0,1.0,1.0,endothelial cell_vs_microglial cell,endothelial cell,microglial cell
Gpnmb,0.0,0.0,1.0,1.0,endothelial cell_vs_microglial cell,endothelial cell,microglial cell
Gpr137c,0.0,0.0,1.0,1.0,endothelial cell_vs_microglial cell,endothelial cell,microglial cell
Spata17,0.0,0.0,1.0,1.0,endothelial cell_vs_microglial cell,endothelial cell,microglial cell
Spata20,0.0,0.0,1.0,1.0,endothelial cell_vs_microglial cell,endothelial cell,microglial cell
Spata22,0.0,0.0,1.0,1.0,endothelial cell_vs_microglial cell,endothelial cell,microglial cell
Atp6v0d2,0.0,0.0,1.0,1.0,endothelial cell_vs_microglial cell,endothelial cell,microglial cell
Nhlh2,0.0,0.0,1.0,1.0,endothelial cell_vs_microglial cell,endothelial cell,microglial cell
Nkain3,0.0,0.0,1.0,1.0,endothelial cell_vs_microglial cell,endothelial cell,microglial cell
Nkg7,0.0,0.0,1.0,1.0,endothelial cell_vs_microglial cell,endothelial cell,microglial cell
Tex16,0.0,0.0,1.0,1.0,endothelial cell_vs_microglial cell,endothelial cell,microglial cell
Zfp957,0.0,0.0,1.0,1.0,endothelial cell_vs_microglial cell,endothelial cell,microglial cell
Smyd3,-0.0004082188,0.09278606,0.9996742885238689,1.0,endothelial cell_vs_microglial cell,endothelial cell,microglial cell
Dscam,-0.007143829,0.6355274,0.9943000974911874,1.0,endothelial cell_vs_microglial cell,endothelial cell,microglial cell
Col25a1,-0.007143829,0.27920026,0.9943000974911874,1.0,endothelial cell_vs_microglial cell,endothelial cell,microglial cell
Ptar1,-0.007143829,1.2836655,0.9943000974911874,1.0,endothelial cell_vs_microglial cell,endothelial cell,microglial cell
Herc3,-0.007143829,0.65403265,0.9943000974911874,1.0,endothelial cell_vs_microglial cell,endothelial cell,microglial cell
Gria4,-0.007960266,-0.08720752,0.9936486931151014,1.0,endothelial cell_vs_microglial cell,endothelial cell,microglial cell
Rprm,-0.007960266,0.103907116,0.9936486931151014,1.0,endothelial cell_vs_microglial cell,endothelial cell,microglial cell
Scn4b,-0.007960266,0.032604937,0.9936486931151014,1.0,endothelial cell_vs_microglial cell,endothelial cell,microglial cell
Ly6e,-0.009184923,-0.066078216,0.9926715946244699,1.0,endothelial cell_vs_microglial cell,endothelial cell,microglial cell
Thada,-0.012246564,1.0005832,0.9902288996875163,1.0,endothelial cell_vs_microglial cell,endothelial cell,microglial cell
Opalin,-0.013471221,0.7237146,0.9892518460748279,1.0,endothelial cell_vs_microglial cell,endothelial cell,microglial cell
Tac1,-0.016328752,-0.024709038,0.9869721195287618,1.0,endothelial cell_vs_microglial cell,endothelial cell,microglial cell
Slc10a7,-0.021839706,0.17172112,0.9825758206971975,1.0,endothelial cell_vs_microglial cell,endothelial cell,microglial cell
Dph5,-0.024493128,0.16448794,0.9804592647002025,1.0,endothelial cell_vs_microglial cell,endothelial cell,microglial cell
Mmp24,-0.031841066,0.071478024,0.9745987964120938,1.0,endothelial cell_vs_microglial cell,endothelial cell,microglial cell
Six3,-0.031841066,1.4428382,0.9745987964120938,1.0,endothelial cell_vs_microglial cell,endothelial cell,microglial cell
Cpne9,-0.031841066,-0.34906447,0.9745987964120938,1.0,endothelial cell_vs_microglial cell,endothelial cell,microglial cell
Kcnip4,-0.031841066,0.35514078,0.9745987964120938,1.0,endothelial cell_vs_microglial cell,endothelial cell,microglial cell
Cybb,-0.031841066,0.995045,0.9745987964120938,1.0,endothelial cell_vs_microglial cell,endothelial cell,microglial cell
Rgs7,-0.031841066,0.1559099,0.9745987964120938,1.0,endothelial cell_vs_microglial cell,endothelial cell,microglial cell
Dab1,-0.031841066,1.1404842,0.9745987964120938,1.0,endothelial cell_vs_microglial cell,endothelial cell,microglial cell
Adarb2,-0.031841066,0.052591264,0.9745987964120938,1.0,endothelial cell_vs_microglial cell,endothelial cell,microglial cell
Igsf11,-0.031841066,0.9200113,0.9745987964120938,1.0,endothelial cell_vs_microglial cell,endothelial cell,microglial cell
2610020C07Rik,-0.031841066,0.3196391,0.9745987964120938,1.0,endothelial cell_vs_microglial cell,endothelial cell,microglial cell
Ptpn22,-0.031841066,-0.2509311,0.9745987964120938,1.0,endothelial cell_vs_microglial cell,endothelial cell,microglial cell
Tox,-0.031841066,0.5398967,0.9745987964120938,1.0,endothelial cell_vs_microglial cell,endothelial cell,microglial cell
1700113A16Rik,-0.031841066,0.08205451,0.9745987964120938,1.0,endothelial cell_vs_microglial cell,endothelial cell,microglial cell
Resp18,-0.032249287,-0.55321985,0.9742732521217256,1.0,endothelial cell_vs_microglial cell,endothelial cell,microglial cell
Lck,-0.032249287,-0.51703876,0.9742732521217256,1.0,endothelial cell_vs_microglial cell,endothelial cell,microglial cell
Lingo2,-0.032249287,-0.07430273,0.9742732521217256,1.0,endothelial cell_vs_microglial cell,endothelial cell,microglial cell
Unc5d,-0.032249287,-0.51493204,0.9742732521217256,1.0,endothelial cell_vs_microglial cell,endothelial cell,microglial cell
Mtap7d3,-0.032249287,-0.14546186,0.9742732521217256,1.0,endothelial cell_vs_microglial cell,endothelial cell,microglial cell
Cxcl14,-0.032249287,-0.081071086,0.9742732521217256,1.0,endothelial cell_vs_microglial cell,endothelial cell,microglial cell
Rims2,-0.032249287,-0.47721377,0.9742732521217256,1.0,endothelial cell_vs_microglial cell,endothelial cell,microglial cell
Ube2c,-0.032657504,-1.8220031,0.9739477121170432,1.0,endothelial cell_vs_microglial cell,endothelial cell,microglial cell
Wnt7a,-0.032657504,-1.1371099,0.9739477121170432,1.0,endothelial cell_vs_microglial cell,endothelial cell,microglial cell
Ier2,-0.032861613,0.14452894,0.9737849437387692,1.0,endothelial cell_vs_microglial cell,endothelial cell,microglial cell
Tpk1,-0.03755613,0.41515604,0.9700415860679014,1.0,endothelial cell_vs_microglial cell,endothelial cell,microglial cell
Nova1,-0.03755613,1.2003131,0.9700415860679014,1.0,endothelial cell_vs_microglial cell,endothelial cell,microglial cell
Synpr,-0.03755613,0.4789419,0.9700415860679014,1.0,endothelial cell_vs_microglial cell,endothelial cell,microglial cell
Ptprz1,-0.037964348,0.4592094,0.9697161067077624,1.0,endothelial cell_vs_microglial cell,endothelial cell,microglial cell
2610037D02Rik,-0.038780786,0.45132908,0.9690651631741303,1.0,endothelial cell_vs_microglial cell,endothelial cell,microglial cell
Lrp1b,-0.039597224,0.105340794,0.9684142402504056,1.0,endothelial cell_vs_microglial cell,endothelial cell,microglial cell
Scrg1,-0.039597224,0.28414,0.9684142402504056,1.0,endothelial cell_vs_microglial cell,endothelial cell,microglial cell
D930015E06Rik,-0.04000544,-0.09700543,0.9680887866526412,1.0,endothelial cell_vs_microglial cell,endothelial cell,microglial cell
Ampd3,-0.046128724,0.80719626,0.9632076507945652,1.0,endothelial cell_vs_microglial cell,endothelial cell,microglial cell
Tnfaip8,-0.049394477,0.49910918,0.9606049303865546,1.0,endothelial cell_vs_microglial cell,endothelial cell,microglial cell
Aff2,-0.056130085,-21.071775,0.955238176354787,1.0,endothelial cell_vs_microglial cell,endothelial cell,microglial cell
Hp,-0.056130085,-19.5235,0.955238176354787,1.0,endothelial cell_vs_microglial cell,endothelial cell,microglial cell
Otud7a,-0.056130085,-21.565825,0.955238176354787,1.0,endothelial cell_vs_microglial cell,endothelial cell,microglial cell
Stxbp5l,-0.056130085,-21.637497,0.955238176354787,1.0,endothelial cell_vs_microglial cell,endothelial cell,microglial cell
Frmpd1,-0.056130085,-20.010912,0.955238176354787,1.0,endothelial cell_vs_microglial cell,endothelial cell,microglial cell
Bmp6,-0.056130085,-19.329311,0.955238176354787,1.0,endothelial cell_vs_microglial cell,endothelial cell,microglial cell
Sult6b1,-0.056130085,-21.16433,0.955238176354787,1.0,endothelial cell_vs_microglial cell,endothelial cell,microglial cell
Fstl5,-0.056130085,-20.034973,0.955238176354787,1.0,endothelial cell_vs_microglial cell,endothelial cell,microglial cell
Igdcc4,-0.056130085,-20.195953,0.955238176354787,1.0,endothelial cell_vs_microglial cell,endothelial cell,microglial cell
Armc4,-0.056130085,-19.329311,0.955238176354787,1.0,endothelial cell_vs_microglial cell,endothelial cell,microglial cell
Ifitm6,-0.056130085,-18.942522,0.955238176354787,1.0,endothelial cell_vs_microglial cell,endothelial cell,microglial cell
Myh13,-0.056130085,-19.055695,0.955238176354787,1.0,endothelial cell_vs_microglial cell,endothelial cell,microglial cell
Myo1a,-0.056130085,-21.060814,0.955238176354787,1.0,endothelial cell_vs_microglial cell,endothelial cell,microglial cell
Npas3,-0.056130085,-18.955235,0.955238176354787,1.0,endothelial cell_vs_microglial cell,endothelial cell,microglial cell
Depdc1b,-0.056130085,-19.935799,0.955238176354787,1.0,endothelial cell_vs_microglial cell,endothelial cell,microglial cell
Dmp1,-0.056130085,-21.578081,0.955238176354787,1.0,endothelial cell_vs_microglial cell,endothelial cell,microglial cell
Dlx1,-0.056130085,-19.257866,0.955238176354787,1.0,endothelial cell_vs_microglial cell,endothelial cell,microglial cell
Dlgap2,-0.056130085,-20.985441,0.955238176354787,1.0,endothelial cell_vs_microglial cell,endothelial cell,microglial cell
Gm7854,-0.056130085,-19.950005,0.955238176354787,1.0,endothelial cell_vs_microglial cell,endothelial cell,microglial cell
Myt1,-0.056130085,-20.093437,0.955238176354787,1.0,endothelial cell_vs_microglial cell,endothelial cell,microglial cell
Xk,-0.056130085,-20.102161,0.955238176354787,1.0,endothelial cell_vs_microglial cell,endothelial cell,microglial cell
Cyp2j9,-0.056130085,-20.121794,0.955238176354787,1.0,endothelial cell_vs_microglial cell,endothelial cell,microglial cell
D430041D05Rik,-0.056130085,-20.907715,0.955238176354787,1.0,endothelial cell_vs_microglial cell,endothelial cell,microglial cell
Zpbp2,-0.056130085,-19.206007,0.955238176354787,1.0,endothelial cell_vs_microglial cell,endothelial cell,microglial cell
Zfp182,-0.056130085,-19.987257,0.955238176354787,1.0,endothelial cell_vs_microglial cell,endothelial cell,microglial cell
Wdr63,-0.056130085,-18.99735,0.955238176354787,1.0,endothelial cell_vs_microglial cell,endothelial cell,microglial cell
Spef2,-0.056130085,-19.329311,0.955238176354787,1.0,endothelial cell_vs_microglial cell,endothelial cell,microglial cell
Galnt13,-0.056130085,-18.636692,0.955238176354787,1.0,endothelial cell_vs_microglial cell,endothelial cell,microglial cell
Spata18,-0.056130085,-18.621151,0.955238176354787,1.0,endothelial cell_vs_microglial cell,endothelial cell,microglial cell
Hsd11b1,-0.056130085,-21.785667,0.955238176354787,1.0,endothelial cell_vs_microglial cell,endothelial cell,microglial cell
Dnaic1,-0.056130085,-19.891624,0.955238176354787,1.0,endothelial cell_vs_microglial cell,endothelial cell,microglial cell
Nkain2,-0.056130085,-19.812721,0.955238176354787,1.0,endothelial cell_vs_microglial cell,endothelial cell,microglial cell
Hpx,-0.056130085,-20.55108,0.955238176354787,1.0,endothelial cell_vs_microglial cell,endothelial cell,microglial cell
Sele,-0.056130085,-20.927994,0.955238176354787,1.0,endothelial cell_vs_microglial cell,endothelial cell,microglial cell
Sema3d,-0.056130085,-20.093437,0.955238176354787,1.0,endothelial cell_vs_microglial cell,endothelial cell,microglial cell
Cort,-0.056130085,-21.0062,0.955238176354787,1.0,endothelial cell_vs_microglial cell,endothelial cell,microglial cell
Cpne7,-0.056130085,-18.939362,0.955238176354787,1.0,endothelial cell_vs_microglial cell,endothelial cell,microglial cell
Cntn3,-0.056130085,-20.681618,0.955238176354787,1.0,endothelial cell_vs_microglial cell,endothelial cell,microglial cell
Cntn6,-0.056130085,-20.106546,0.955238176354787,1.0,endothelial cell_vs_microglial cell,endothelial cell,microglial cell
Ccdc153,-0.056130085,-20.659962,0.955238176354787,1.0,endothelial cell_vs_microglial cell,endothelial cell,microglial cell
Masp1,-0.056130085,-20.147448,0.955238176354787,1.0,endothelial cell_vs_microglial cell,endothelial cell,microglial cell
S100a8,-0.056130085,-23.071995,0.955238176354787,1.0,endothelial cell_vs_microglial cell,endothelial cell,microglial cell
Sctr,-0.056130085,-21.058392,0.955238176354787,1.0,endothelial cell_vs_microglial cell,endothelial cell,microglial cell
Kirrel3,-0.056130085,-20.423424,0.955238176354787,1.0,endothelial cell_vs_microglial cell,endothelial cell,microglial cell
Kirrel,-0.056130085,-21.138296,0.955238176354787,1.0,endothelial cell_vs_microglial cell,endothelial cell,microglial cell
Cadps2,-0.056130085,-21.000788,0.955238176354787,1.0,endothelial cell_vs_microglial cell,endothelial cell,microglial cell
Scara3,-0.056130085,-19.976667,0.955238176354787,1.0,endothelial cell_vs_microglial cell,endothelial cell,microglial cell
Il2ra,-0.056130085,-20.381435,0.955238176354787,1.0,endothelial cell_vs_microglial cell,endothelial cell,microglial cell
Oxt,-0.056130085,-21.001558,0.955238176354787,1.0,endothelial cell_vs_microglial cell,endothelial cell,microglial cell
Mms22l,-0.056130085,-20.188738,0.955238176354787,1.0,endothelial cell_vs_microglial cell,endothelial cell,microglial cell
Pcdhga9,-0.056130085,-20.475044,0.955238176354787,1.0,endothelial cell_vs_microglial cell,endothelial cell,microglial cell
Bub1b,-0.056130085,-21.016706,0.955238176354787,1.0,endothelial cell_vs_microglial cell,endothelial cell,microglial cell
Khdrbs2,-0.056130085,-19.746618,0.955238176354787,1.0,endothelial cell_vs_microglial cell,endothelial cell,microglial cell
Ccdc67,-0.056130085,-19.816936,0.955238176354787,1.0,endothelial cell_vs_microglial cell,endothelial cell,microglial cell
Hist1h3h,-0.056130085,-21.124628,0.955238176354787,1.0,endothelial cell_vs_microglial cell,endothelial cell,microglial cell
Iqgap3,-0.056130085,-18.818481,0.955238176354787,1.0,endothelial cell_vs_microglial cell,endothelial cell,microglial cell
Iqca,-0.056130085,-19.815475,0.955238176354787,1.0,endothelial cell_vs_microglial cell,endothelial cell,microglial cell
Pde1c,-0.056130085,-21.000788,0.955238176354787,1.0,endothelial cell_vs_microglial cell,endothelial cell,microglial cell
Il31ra,-0.056130085,-20.475044,0.955238176354787,1.0,endothelial cell_vs_microglial cell,endothelial cell,microglial cell
Tacstd2,-0.056130085,-20.366917,0.955238176354787,1.0,endothelial cell_vs_microglial cell,endothelial cell,microglial cell
Slc14a1,-0.056130085,-18.955235,0.955238176354787,1.0,endothelial cell_vs_microglial cell,endothelial cell,microglial cell
Sfrp5,-0.056130085,-19.612572,0.955238176354787,1.0,endothelial cell_vs_microglial cell,endothelial cell,microglial cell
Hmmr,-0.056130085,-20.281513,0.955238176354787,1.0,endothelial cell_vs_microglial cell,endothelial cell,microglial cell
Cdh26,-0.056130085,-18.636692,0.955238176354787,1.0,endothelial cell_vs_microglial cell,endothelial cell,microglial cell
Kif14,-0.056130085,-20.281513,0.955238176354787,1.0,endothelial cell_vs_microglial cell,endothelial cell,microglial cell
Kif18a,-0.056130085,-19.935799,0.955238176354787,1.0,endothelial cell_vs_microglial cell,endothelial cell,microglial cell
Kif4,-0.056130085,-20.281513,0.955238176354787,1.0,endothelial cell_vs_microglial cell,endothelial cell,microglial cell
Rnf180,-0.056130085,-21.376925,0.955238176354787,1.0,endothelial cell_vs_microglial cell,endothelial cell,microglial cell
Hipk4,-0.056130085,-19.850124,0.955238176354787,1.0,endothelial cell_vs_microglial cell,endothelial cell,microglial cell
Glis3,-0.056130085,-18.939362,0.955238176354787,1.0,endothelial cell_vs_microglial cell,endothelial cell,microglial cell
Gli1,-0.056130085,-21.27324,0.955238176354787,1.0,endothelial cell_vs_microglial cell,endothelial cell,microglial cell
Fanci,-0.056130085,-20.220423,0.955238176354787,1.0,endothelial cell_vs_microglial cell,endothelial cell,microglial cell
Syt2,-0.056130085,-18.955235,0.955238176354787,1.0,endothelial cell_vs_microglial cell,endothelial cell,microglial cell
Gata3,-0.056130085,-18.955235,0.955238176354787,1.0,endothelial cell_vs_microglial cell,endothelial cell,microglial cell
S100a9,-0.056130085,-23.03786,0.955238176354787,1.0,endothelial cell_vs_microglial cell,endothelial cell,microglial cell
Adamts17,-0.056130085,-20.014645,0.955238176354787,1.0,endothelial cell_vs_microglial cell,endothelial cell,microglial cell
Adamts20,-0.056130085,-20.664745,0.955238176354787,1.0,endothelial cell_vs_microglial cell,endothelial cell,microglial cell
Ak7,-0.056130085,-19.88105,0.955238176354787,1.0,endothelial cell_vs_microglial cell,endothelial cell,microglial cell
Kcnn2,-0.056130085,-21.24301,0.955238176354787,1.0,endothelial cell_vs_microglial cell,endothelial cell,microglial cell
Kcnc1,-0.056130085,-22.615711,0.955238176354787,1.0,endothelial cell_vs_microglial cell,endothelial cell,microglial cell
Car8,-0.056130085,-19.64039,0.955238176354787,1.0,endothelial cell_vs_microglial cell,endothelial cell,microglial cell
Ltbp2,-0.056130085,-20.959017,0.955238176354787,1.0,endothelial cell_vs_microglial cell,endothelial cell,microglial cell
Cdh20,-0.056130085,-20.463633,0.955238176354787,1.0,endothelial cell_vs_microglial cell,endothelial cell,microglial cell
Ccna2,-0.056130085,-20.463633,0.955238176354787,1.0,endothelial cell_vs_microglial cell,endothelial cell,microglial cell
Ly6c2,-0.056130085,-19.206007,0.955238176354787,1.0,endothelial cell_vs_microglial cell,endothelial cell,microglial cell
Cited1,-0.056130085,-20.664146,0.955238176354787,1.0,endothelial cell_vs_microglial cell,endothelial cell,microglial cell
Mctp1,-0.056130085,-21.138296,0.955238176354787,1.0,endothelial cell_vs_microglial cell,endothelial cell,microglial cell
Col19a1,-0.056130085,-20.034973,0.955238176354787,1.0,endothelial cell_vs_microglial cell,endothelial cell,microglial cell
E2f8,-0.056130085,-20.766733,0.955238176354787,1.0,endothelial cell_vs_microglial cell,endothelial cell,microglial cell
Ppara,-0.056130085,-20.95827,0.955238176354787,1.0,endothelial cell_vs_microglial cell,endothelial cell,microglial cell
Tph2,-0.056130085,-19.631247,0.955238176354787,1.0,endothelial cell_vs_microglial cell,endothelial cell,microglial cell
Tox3,-0.056130085,-20.269346,0.955238176354787,1.0,endothelial cell_vs_microglial cell,endothelial cell,microglial cell
Edar,-0.056130085,-19.891624,0.955238176354787,1.0,endothelial cell_vs_microglial cell,endothelial cell,microglial cell
Mab21l1,-0.056130085,-20.93899,0.955238176354787,1.0,endothelial cell_vs_microglial cell,endothelial cell,microglial cell
Cntnap5a,-0.056130085,-20.693802,0.955238176354787,1.0,endothelial cell_vs_microglial cell,endothelial cell,microglial cell
Hba-a2,-0.056130085,-19.257866,0.955238176354787,1.0,endothelial cell_vs_microglial cell,endothelial cell,microglial cell
Esco2,-0.056130085,-21.430092,0.955238176354787,1.0,endothelial cell_vs_microglial cell,endothelial cell,microglial cell
Esrrb,-0.056130085,-19.257866,0.955238176354787,1.0,endothelial cell_vs_microglial cell,endothelial cell,microglial cell
Cdh8,-0.056130085,-20.449245,0.955238176354787,1.0,endothelial cell_vs_microglial cell,endothelial cell,microglial cell
Gja6,-0.056130085,-20.102161,0.955238176354787,1.0,endothelial cell_vs_microglial cell,endothelial cell,microglial cell
Magee2,-0.056130085,-19.117907,0.955238176354787,1.0,endothelial cell_vs_microglial cell,endothelial cell,microglial cell
Rsph4a,-0.056130085,-19.612572,0.955238176354787,1.0,endothelial cell_vs_microglial cell,endothelial cell,microglial cell
Tfap2a,-0.056130085,-20.180298,0.955238176354787,1.0,endothelial cell_vs_microglial cell,endothelial cell,microglial cell
Cdh10,-0.056130085,-20.18156,0.955238176354787,1.0,endothelial cell_vs_microglial cell,endothelial cell,microglial cell
Cdh13,-0.056130085,-20.853504,0.955238176354787,1.0,endothelial cell_vs_microglial cell,endothelial cell,microglial cell
Rorc,-0.056130085,-19.631247,0.955238176354787,1.0,endothelial cell_vs_microglial cell,endothelial cell,microglial cell
Hs3st3a1,-0.056130085,-20.304327,0.955238176354787,1.0,endothelial cell_vs_microglial cell,endothelial cell,microglial cell
Cdrt4,-0.056130085,-19.055695,0.955238176354787,1.0,endothelial cell_vs_microglial cell,endothelial cell,microglial cell
Gm17660,-0.056130085,-20.093437,0.955238176354787,1.0,endothelial cell_vs_microglial cell,endothelial cell,microglial cell
Tll1,-0.056130085,-18.982452,0.955238176354787,1.0,endothelial cell_vs_microglial cell,endothelial cell,microglial cell
H2-Q1,-0.056130085,-20.92909,0.955238176354787,1.0,endothelial cell_vs_microglial cell,endothelial cell,microglial cell
Ppp1r36,-0.056130085,-18.621151,0.955238176354787,1.0,endothelial cell_vs_microglial cell,endothelial cell,microglial cell
Lhx1,-0.056130085,-20.352072,0.955238176354787,1.0,endothelial cell_vs_microglial cell,endothelial cell,microglial cell
Cenpi,-0.056130085,-20.93752,0.955238176354787,1.0,endothelial cell_vs_microglial cell,endothelial cell,microglial cell
Cenpk,-0.056130085,-20.959017,0.955238176354787,1.0,endothelial cell_vs_microglial cell,endothelial cell,microglial cell
Cerkl,-0.056130085,-18.818481,0.955238176354787,1.0,endothelial cell_vs_microglial cell,endothelial cell,microglial cell
Cenpp,-0.056130085,-20.468288,0.955238176354787,1.0,endothelial cell_vs_microglial cell,endothelial cell,microglial cell
2610035D17Rik,-0.056130085,-20.076147,0.955238176354787,1.0,endothelial cell_vs_microglial cell,endothelial cell,microglial cell
En1,-0.056130085,-20.463633,0.955238176354787,1.0,endothelial cell_vs_microglial cell,endothelial cell,microglial cell
AU019990,-0.056130085,-21.393686,0.955238176354787,1.0,endothelial cell_vs_microglial cell,endothelial cell,microglial cell
Vit,-0.056130085,-19.976667,0.955238176354787,1.0,endothelial cell_vs_microglial cell,endothelial cell,microglial cell
Nr2e1,-0.056130085,-19.52482,0.955238176354787,1.0,endothelial cell_vs_microglial cell,endothelial cell,microglial cell
Neurod1,-0.056130085,-21.349154,0.955238176354787,1.0,endothelial cell_vs_microglial cell,endothelial cell,microglial cell
Dio2,-0.056130085,-18.982452,0.955238176354787,1.0,endothelial cell_vs_microglial cell,endothelial cell,microglial cell
Ttn,-0.056130085,-19.17776,0.955238176354787,1.0,endothelial cell_vs_microglial cell,endothelial cell,microglial cell
Adamtsl3,-0.056130085,-20.463633,0.955238176354787,1.0,endothelial cell_vs_microglial cell,endothelial cell,microglial cell
1700109H08Rik,-0.056130085,-20.728516,0.955238176354787,1.0,endothelial cell_vs_microglial cell,endothelial cell,microglial cell
Etv4,-0.0628657,-0.13461456,0.9498734509426341,1.0,endothelial cell_vs_microglial cell,endothelial cell,microglial cell
Ccdc146,-0.0628657,0.7199853,0.9498734509426341,1.0,endothelial cell_vs_microglial cell,endothelial cell,microglial cell
Cntnap2,-0.0628657,0.803138,0.9498734509426341,1.0,endothelial cell_vs_microglial cell,endothelial cell,microglial cell
Chd7,-0.063273914,0.5579833,0.949548386623562,1.0,endothelial cell_vs_microglial cell,endothelial cell,microglial cell
Pcdh11x,-0.06368213,-0.2593618,0.9492233307006634,1.0,endothelial cell_vs_microglial cell,endothelial cell,microglial cell
Npy,-0.06449857,-0.38358885,0.9485732442591823,1.0,endothelial cell_vs_microglial cell,endothelial cell,microglial cell
Nrxn3,-0.06531501,-1.0793333,0.9479231920497392,1.0,endothelial cell_vs_microglial cell,endothelial cell,microglial cell
Cldn10,-0.069601305,0.33690038,0.9445109966741028,1.0,endothelial cell_vs_microglial cell,endothelial cell,microglial cell
Ppm1h,-0.073479384,0.37123662,0.9414246476080479,1.0,endothelial cell_vs_microglial cell,endothelial cell,microglial cell
Etv6,-0.07572459,0.49971357,0.9396382128992085,1.0,endothelial cell_vs_microglial cell,endothelial cell,microglial cell
Tmem164,-0.07572459,0.4316162,0.9396382128992085,1.0,endothelial cell_vs_microglial cell,endothelial cell,microglial cell
Cyp7b1,-0.08776704,0.35212383,0.930061831772294,1.0,endothelial cell_vs_microglial cell,endothelial cell,microglial cell
Kcnc2,-0.08776704,-0.4410413,0.930061831772294,1.0,endothelial cell_vs_microglial cell,endothelial cell,microglial cell
AI854517,-0.08776704,-0.6402241,0.930061831772294,1.0,endothelial cell_vs_microglial cell,endothelial cell,microglial cell
Slc15a2,-0.08776704,-0.07595286,0.930061831772294,1.0,endothelial cell_vs_microglial cell,endothelial cell,microglial cell
Wdpcp,-0.08776704,0.2806546,0.930061831772294,1.0,endothelial cell_vs_microglial cell,endothelial cell,microglial cell
Dpf3,-0.08817526,-0.408358,0.9297373781822839,1.0,endothelial cell_vs_microglial cell,endothelial cell,microglial cell
Tnr,-0.08817526,-0.67749226,0.9297373781822839,1.0,endothelial cell_vs_microglial cell,endothelial cell,microglial cell
2610020H08Rik,-0.08817526,-0.52330685,0.9297373781822839,1.0,endothelial cell_vs_microglial cell,endothelial cell,microglial cell
Grid2,-0.08817526,-0.9333768,0.9297373781822839,1.0,endothelial cell_vs_microglial cell,endothelial cell,microglial cell
2810417H13Rik,-0.088583484,-2.0845454,0.9294129362707059,1.0,endothelial cell_vs_microglial cell,endothelial cell,microglial cell
Cnr1,-0.088583484,-0.965991,0.9294129362707059,1.0,endothelial cell_vs_microglial cell,endothelial cell,microglial cell
Nr3c2,-0.088583484,-1.3049927,0.9294129362707059,1.0,endothelial cell_vs_microglial cell,endothelial cell,microglial cell
Arhgef11,-0.0955232,-0.073623426,0.9238992625315748,1.0,endothelial cell_vs_microglial cell,endothelial cell,microglial cell
Zfp407,-0.0955232,-0.065857485,0.9238992625315748,1.0,endothelial cell_vs_microglial cell,endothelial cell,microglial cell
Cdyl,-0.100013606,0.339448,0.9203335218185565,1.0,endothelial cell_vs_microglial cell,endothelial cell,microglial cell
Fgf13,-0.10327936,0.13453427,0.9177412573813173,1.0,endothelial cell_vs_microglial cell,endothelial cell,microglial cell
Bcan,-0.104095794,-0.40818065,0.917093326794868,1.0,endothelial cell_vs_microglial cell,endothelial cell,microglial cell
Fam107b,-0.1042999,0.033909082,0.916931352735288,1.0,endothelial cell_vs_microglial cell,endothelial cell,microglial cell
Enkur,-0.11226017,-21.74601,0.910617119880466,1.0,endothelial cell_vs_microglial cell,endothelial cell,microglial cell
Chrdl1,-0.11226017,-20.65533,0.910617119880466,1.0,endothelial cell_vs_microglial cell,endothelial cell,microglial cell
Tpx2,-0.11226017,-22.293865,0.910617119880466,1.0,endothelial cell_vs_microglial cell,endothelial cell,microglial cell
Chst3,-0.11226017,-21.6967,0.910617119880466,1.0,endothelial cell_vs_microglial cell,endothelial cell,microglial cell
Thsd7b,-0.11226017,-20.819263,0.910617119880466,1.0,endothelial cell_vs_microglial cell,endothelial cell,microglial cell
Ephx3,-0.11226017,-21.892323,0.910617119880466,1.0,endothelial cell_vs_microglial cell,endothelial cell,microglial cell
Papss2,-0.11226017,-21.361788,0.910617119880466,1.0,endothelial cell_vs_microglial cell,endothelial cell,microglial cell
Pcdh15,-0.11226017,-21.255838,0.910617119880466,1.0,endothelial cell_vs_microglial cell,endothelial cell,microglial cell
Plbd1,-0.11226017,-21.366127,0.910617119880466,1.0,endothelial cell_vs_microglial cell,endothelial cell,microglial cell
Rttn,-0.11226017,-21.122242,0.910617119880466,1.0,endothelial cell_vs_microglial cell,endothelial cell,microglial cell
Fads2,-0.11226017,-20.14788,0.910617119880466,1.0,endothelial cell_vs_microglial cell,endothelial cell,microglial cell
Hs3st4,-0.11226017,-22.03133,0.910617119880466,1.0,endothelial cell_vs_microglial cell,endothelial cell,microglial cell
Enpp6,-0.11226017,-20.312468,0.910617119880466,1.0,endothelial cell_vs_microglial cell,endothelial cell,microglial cell
Rerg,-0.11226017,-21.5692,0.910617119880466,1.0,endothelial cell_vs_microglial cell,endothelial cell,microglial cell
AI464131,-0.11226017,-21.581602,0.910617119880466,1.0,endothelial cell_vs_microglial cell,endothelial cell,microglial cell
Zmynd12,-0.11226017,-21.353212,0.910617119880466,1.0,endothelial cell_vs_microglial cell,endothelial cell,microglial cell
Nek5,-0.11226017,-20.885645,0.910617119880466,1.0,endothelial cell_vs_microglial cell,endothelial cell,microglial cell
Lhcgr,-0.11226017,-22.052986,0.910617119880466,1.0,endothelial cell_vs_microglial cell,endothelial cell,microglial cell
Unc5c,-0.11226017,-21.777023,0.910617119880466,1.0,endothelial cell_vs_microglial cell,endothelial cell,microglial cell
Lrrc4c,-0.11226017,-21.652477,0.910617119880466,1.0,endothelial cell_vs_microglial cell,endothelial cell,microglial cell
Ptk6,-0.11226017,-20.910545,0.910617119880466,1.0,endothelial cell_vs_microglial cell,endothelial cell,microglial cell
Tfap2b,-0.11226017,-21.566097,0.910617119880466,1.0,endothelial cell_vs_microglial cell,endothelial cell,microglial cell
Th,-0.11226017,-20.672924,0.910617119880466,1.0,endothelial cell_vs_microglial cell,endothelial cell,microglial cell
H2-Eb1,-0.11226017,-21.698689,0.910617119880466,1.0,endothelial cell_vs_microglial cell,endothelial cell,microglial cell
Lrrtm3,-0.11226017,-21.579954,0.910617119880466,1.0,endothelial cell_vs_microglial cell,endothelial cell,microglial cell
Gpc5,-0.11226017,-21.462746,0.910617119880466,1.0,endothelial cell_vs_microglial cell,endothelial cell,microglial cell
Unc79,-0.11226017,-21.23796,0.910617119880466,1.0,endothelial cell_vs_microglial cell,endothelial cell,microglial cell
1700028P14Rik,-0.11226017,-20.625536,0.910617119880466,1.0,endothelial cell_vs_microglial cell,endothelial cell,microglial cell
1700012B09Rik,-0.11226017,-20.92049,0.910617119880466,1.0,endothelial cell_vs_microglial cell,endothelial cell,microglial cell
Spag8,-0.11226017,-20.846691,0.910617119880466,1.0,endothelial cell_vs_microglial cell,endothelial cell,microglial cell
Dach2,-0.11226017,-20.681314,0.910617119880466,1.0,endothelial cell_vs_microglial cell,endothelial cell,microglial cell
Gm973,-0.11226017,-19.821806,0.910617119880466,1.0,endothelial cell_vs_microglial cell,endothelial cell,microglial cell
Gnmt,-0.11226017,-20.533846,0.910617119880466,1.0,endothelial cell_vs_microglial cell,endothelial cell,microglial cell
Col6a6,-0.11226017,-21.339706,0.910617119880466,1.0,endothelial cell_vs_microglial cell,endothelial cell,microglial cell
Nwd1,-0.11226017,-20.268393,0.910617119880466,1.0,endothelial cell_vs_microglial cell,endothelial cell,microglial cell
Sorcs1,-0.11226017,-21.08178,0.910617119880466,1.0,endothelial cell_vs_microglial cell,endothelial cell,microglial cell
Vav3,-0.11226017,-20.065321,0.910617119880466,1.0,endothelial cell_vs_microglial cell,endothelial cell,microglial cell
Ddx11,-0.11226017,-21.351063,0.910617119880466,1.0,endothelial cell_vs_microglial cell,endothelial cell,microglial cell
Zfp385b,-0.11226017,-21.078773,0.910617119880466,1.0,endothelial cell_vs_microglial cell,endothelial cell,microglial cell
Atp1a4,-0.11226017,-21.502268,0.910617119880466,1.0,endothelial cell_vs_microglial cell,endothelial cell,microglial cell
Hydin,-0.11226017,-20.643827,0.910617119880466,1.0,endothelial cell_vs_microglial cell,endothelial cell,microglial cell
Spag1,-0.11226017,-21.454952,0.910617119880466,1.0,endothelial cell_vs_microglial cell,endothelial cell,microglial cell
Btbd17,-0.11226017,-21.495573,0.910617119880466,1.0,endothelial cell_vs_microglial cell,endothelial cell,microglial cell
Bmx,-0.11226017,-20.845343,0.910617119880466,1.0,endothelial cell_vs_microglial cell,endothelial cell,microglial cell
Ect2,-0.11226017,-21.767752,0.910617119880466,1.0,endothelial cell_vs_microglial cell,endothelial cell,microglial cell
Grm8,-0.11226017,-20.256123,0.910617119880466,1.0,endothelial cell_vs_microglial cell,endothelial cell,microglial cell
Tsku,-0.11226017,-22.239477,0.910617119880466,1.0,endothelial cell_vs_microglial cell,endothelial cell,microglial cell
Sspo,-0.11226017,-20.853262,0.910617119880466,1.0,endothelial cell_vs_microglial cell,endothelial cell,microglial cell
Igsf21,-0.11226017,-21.457531,0.910617119880466,1.0,endothelial cell_vs_microglial cell,endothelial cell,microglial cell
Bhmt,-0.11226017,-22.285551,0.910617119880466,1.0,endothelial cell_vs_microglial cell,endothelial cell,microglial cell
Tmem30b,-0.11226017,-22.198511,0.910617119880466,1.0,endothelial cell_vs_microglial cell,endothelial cell,microglial cell
Kcnn3,-0.11226017,-20.94461,0.910617119880466,1.0,endothelial cell_vs_microglial cell,endothelial cell,microglial cell
Agbl4,-0.11226017,-20.406353,0.910617119880466,1.0,endothelial cell_vs_microglial cell,endothelial cell,microglial cell
Saa2,-0.11226017,-21.727161,0.910617119880466,1.0,endothelial cell_vs_microglial cell,endothelial cell,microglial cell
Kcnmb2,-0.11226017,-21.759548,0.910617119880466,1.0,endothelial cell_vs_microglial cell,endothelial cell,microglial cell
Apoa2,-0.11226017,-21.268919,0.910617119880466,1.0,endothelial cell_vs_microglial cell,endothelial cell,microglial cell
Efhb,-0.11226017,-21.507954,0.910617119880466,1.0,endothelial cell_vs_microglial cell,endothelial cell,microglial cell
Pla1a,-0.11226017,-21.403229,0.910617119880466,1.0,endothelial cell_vs_microglial cell,endothelial cell,microglial cell
Gli3,-0.11226017,-21.891386,0.910617119880466,1.0,endothelial cell_vs_microglial cell,endothelial cell,microglial cell
Lyve1,-0.11226017,-21.143435,0.910617119880466,1.0,endothelial cell_vs_microglial cell,endothelial cell,microglial cell
Cacna2d3,-0.11226017,-20.783861,0.910617119880466,1.0,endothelial cell_vs_microglial cell,endothelial cell,microglial cell
Grip1,-0.11226017,-20.49516,0.910617119880466,1.0,endothelial cell_vs_microglial cell,endothelial cell,microglial cell
Napsa,-0.11226017,-20.324364,0.910617119880466,1.0,endothelial cell_vs_microglial cell,endothelial cell,microglial cell
Opn1sw,-0.11226017,-21.33975,0.910617119880466,1.0,endothelial cell_vs_microglial cell,endothelial cell,microglial cell
Foxm1,-0.11226017,-21.624279,0.910617119880466,1.0,endothelial cell_vs_microglial cell,endothelial cell,microglial cell
Syn3,-0.11226017,-21.765263,0.910617119880466,1.0,endothelial cell_vs_microglial cell,endothelial cell,microglial cell
Per2,-0.11226017,-20.771976,0.910617119880466,1.0,endothelial cell_vs_microglial cell,endothelial cell,microglial cell
Jazf1,-0.11226017,-21.29127,0.910617119880466,1.0,endothelial cell_vs_microglial cell,endothelial cell,microglial cell
Sema5b,-0.11226017,-21.901594,0.910617119880466,1.0,endothelial cell_vs_microglial cell,endothelial cell,microglial cell
Pdf,-0.11226017,-21.355536,0.910617119880466,1.0,endothelial cell_vs_microglial cell,endothelial cell,microglial cell
Mki67,-0.11226017,-21.898525,0.910617119880466,1.0,endothelial cell_vs_microglial cell,endothelial cell,microglial cell
Crh,-0.11226017,-21.937511,0.910617119880466,1.0,endothelial cell_vs_microglial cell,endothelial cell,microglial cell
Cbln1,-0.11226017,-21.782719,0.910617119880466,1.0,endothelial cell_vs_microglial cell,endothelial cell,microglial cell
Melk,-0.11226017,-21.545498,0.910617119880466,1.0,endothelial cell_vs_microglial cell,endothelial cell,microglial cell
Ranbp17,-0.11226017,-20.892366,0.910617119880466,1.0,endothelial cell_vs_microglial cell,endothelial cell,microglial cell
Pkp3,-0.11226017,-21.095861,0.910617119880466,1.0,endothelial cell_vs_microglial cell,endothelial cell,microglial cell
Olig1,-0.114301264,-0.6304451,0.9089989785299103,1.0,endothelial cell_vs_microglial cell,endothelial cell,microglial cell
Efna5,-0.118995786,0.18342383,0.9052786968487041,1.0,endothelial cell_vs_microglial cell,endothelial cell,microglial cell
Egfr,-0.119404,-0.24324428,0.9049552911200838,1.0,endothelial cell_vs_microglial cell,endothelial cell,microglial cell
Zfp940,-0.119404,-0.1077345,0.9049552911200838,1.0,endothelial cell_vs_microglial cell,endothelial cell,microglial cell
Mgat4c,-0.11981222,-0.14538899,0.9046319011548313,1.0,endothelial cell_vs_microglial cell,endothelial cell,microglial cell
Kcnd3,-0.12022044,-0.22373672,0.9043085270060662,1.0,endothelial cell_vs_microglial cell,endothelial cell,microglial cell
Pla2g7,-0.12103688,-1.1349082,0.9036618263704377,1.0,endothelial cell_vs_microglial cell,endothelial cell,microglial cell
Wwox,-0.12389441,0.92975044,0.9013988801699314,1.0,endothelial cell_vs_microglial cell,endothelial cell,microglial cell
Nudt1,-0.12695605,-0.26844674,0.8989751843153381,1.0,endothelial cell_vs_microglial cell,endothelial cell,microglial cell
Foxj2,-0.13348755,0.2672618,0.8938078093703522,1.0,endothelial cell_vs_microglial cell,endothelial cell,microglial cell
Mlc1,-0.14369301,-0.5205047,0.8857428826075352,1.0,endothelial cell_vs_microglial cell,endothelial cell,microglial cell
Lypd1,-0.14369301,-0.0030156341,0.8857428826075352,1.0,endothelial cell_vs_microglial cell,endothelial cell,microglial cell
Top2a,-0.14369301,-0.21356346,0.8857428826075352,1.0,endothelial cell_vs_microglial cell,endothelial cell,microglial cell
Sybu,-0.14369301,0.19278376,0.8857428826075352,1.0,endothelial cell_vs_microglial cell,endothelial cell,microglial cell
Spc25,-0.14369301,-0.9899806,0.8857428826075352,1.0,endothelial cell_vs_microglial cell,endothelial cell,microglial cell
Zdhhc24,-0.14369301,-0.7652318,0.8857428826075352,1.0,endothelial cell_vs_microglial cell,endothelial cell,microglial cell
Gpld1,-0.14450946,-1.4540362,0.8850981881183194,1.0,endothelial cell_vs_microglial cell,endothelial cell,microglial cell
Meis1,-0.14450946,-1.6640694,0.8850981881183194,1.0,endothelial cell_vs_microglial cell,endothelial cell,microglial cell
Neil1,-0.14450946,-3.0090766,0.8850981881183194,1.0,endothelial cell_vs_microglial cell,endothelial cell,microglial cell
Kcnd2,-0.14491768,-1.6663862,0.8847758693693436,1.0,endothelial cell_vs_microglial cell,endothelial cell,microglial cell
9930111J21Rik2,-0.15022452,-0.11478643,0.8805874798772803,1.0,endothelial cell_vs_microglial cell,endothelial cell,microglial cell
Lipt2,-0.15022452,-0.03444918,0.8805874798772803,1.0,endothelial cell_vs_microglial cell,endothelial cell,microglial cell
Fbxo2,-0.15185739,-0.63983315,0.8792994107936626,1.0,endothelial cell_vs_microglial cell,endothelial cell,microglial cell
Arl15,-0.15389849,0.24058814,0.8776897739256153,1.0,endothelial cell_vs_microglial cell,endothelial cell,microglial cell
Pvalb,-0.15471493,-1.0479987,0.8770460603635134,1.0,endothelial cell_vs_microglial cell,endothelial cell,microglial cell
Mmd2,-0.15471493,-0.7646708,0.8770460603635134,1.0,endothelial cell_vs_microglial cell,endothelial cell,microglial cell
Gad1,-0.16165465,-0.521359,0.8715778200350972,1.0,endothelial cell_vs_microglial cell,endothelial cell,microglial cell
Tbc1d9,-0.16818614,0.26069483,0.8664368369656807,1.0,endothelial cell_vs_microglial cell,endothelial cell,microglial cell
Ttll8,-0.16839026,-21.554417,0.8662762710845535,1.0,endothelial cell_vs_microglial cell,endothelial cell,microglial cell
Adamts7,-0.16839026,-22.161844,0.8662762710845535,1.0,endothelial cell_vs_microglial cell,endothelial cell,microglial cell
Ngfr,-0.16839026,-22.034975,0.8662762710845535,1.0,endothelial cell_vs_microglial cell,endothelial cell,microglial cell
Cdh1,-0.16839026,-21.477594,0.8662762710845535,1.0,endothelial cell_vs_microglial cell,endothelial cell,microglial cell
Ckap2l,-0.16839026,-22.35409,0.8662762710845535,1.0,endothelial cell_vs_microglial cell,endothelial cell,microglial cell
Ckap2,-0.16839026,-22.417929,0.8662762710845535,1.0,endothelial cell_vs_microglial cell,endothelial cell,microglial cell
Celsr1,-0.16839026,-21.259798,0.8662762710845535,1.0,endothelial cell_vs_microglial cell,endothelial cell,microglial cell
Tcte2,-0.16839026,-22.077955,0.8662762710845535,1.0,endothelial cell_vs_microglial cell,endothelial cell,microglial cell
Apcdd1,-0.16839026,-20.927456,0.8662762710845535,1.0,endothelial cell_vs_microglial cell,endothelial cell,microglial cell
Anxa9,-0.16839026,-22.21526,0.8662762710845535,1.0,endothelial cell_vs_microglial cell,endothelial cell,microglial cell
Ano4,-0.16839026,-21.405668,0.8662762710845535,1.0,endothelial cell_vs_microglial cell,endothelial cell,microglial cell
Erbb4,-0.16839026,-21.336004,0.8662762710845535,1.0,endothelial cell_vs_microglial cell,endothelial cell,microglial cell
Ankrd28,-0.16839026,-21.041533,0.8662762710845535,1.0,endothelial cell_vs_microglial cell,endothelial cell,microglial cell
Gm13154,-0.16839026,-21.537361,0.8662762710845535,1.0,endothelial cell_vs_microglial cell,endothelial cell,microglial cell
Tmem163,-0.16839026,-22.659119,0.8662762710845535,1.0,endothelial cell_vs_microglial cell,endothelial cell,microglial cell
Rfx2,-0.16839026,-22.297611,0.8662762710845535,1.0,endothelial cell_vs_microglial cell,endothelial cell,microglial cell
Gkn3,-0.16839026,-22.617384,0.8662762710845535,1.0,endothelial cell_vs_microglial cell,endothelial cell,microglial cell
Kif23,-0.16839026,-22.04056,0.8662762710845535,1.0,endothelial cell_vs_microglial cell,endothelial cell,microglial cell
March3,-0.16839026,-22.271841,0.8662762710845535,1.0,endothelial cell_vs_microglial cell,endothelial cell,microglial cell
Phf21b,-0.16839026,-21.8184,0.8662762710845535,1.0,endothelial cell_vs_microglial cell,endothelial cell,microglial cell
Pcsk5,-0.16839026,-22.28461,0.8662762710845535,1.0,endothelial cell_vs_microglial cell,endothelial cell,microglial cell
Crym,-0.16839026,-21.920218,0.8662762710845535,1.0,endothelial cell_vs_microglial cell,endothelial cell,microglial cell
Ctnna2,-0.16839026,-22.677828,0.8662762710845535,1.0,endothelial cell_vs_microglial cell,endothelial cell,microglial cell
Pla2r1,-0.16839026,-22.994932,0.8662762710845535,1.0,endothelial cell_vs_microglial cell,endothelial cell,microglial cell
Scube2,-0.16839026,-22.071886,0.8662762710845535,1.0,endothelial cell_vs_microglial cell,endothelial cell,microglial cell
Ccdc68,-0.16839026,-20.86461,0.8662762710845535,1.0,endothelial cell_vs_microglial cell,endothelial cell,microglial cell
Ccdc63,-0.16839026,-20.887232,0.8662762710845535,1.0,endothelial cell_vs_microglial cell,endothelial cell,microglial cell
Kcnb2,-0.16839026,-22.40831,0.8662762710845535,1.0,endothelial cell_vs_microglial cell,endothelial cell,microglial cell
Cpne4,-0.16839026,-22.10877,0.8662762710845535,1.0,endothelial cell_vs_microglial cell,endothelial cell,microglial cell
Cbr2,-0.16839026,-22.260927,0.8662762710845535,1.0,endothelial cell_vs_microglial cell,endothelial cell,microglial cell
Shroom3,-0.16839026,-20.994165,0.8662762710845535,1.0,endothelial cell_vs_microglial cell,endothelial cell,microglial cell
Saa1,-0.16839026,-23.003418,0.8662762710845535,1.0,endothelial cell_vs_microglial cell,endothelial cell,microglial cell
Klk6,-0.16839026,-21.444242,0.8662762710845535,1.0,endothelial cell_vs_microglial cell,endothelial cell,microglial cell
Adamts12,-0.16839026,-22.306173,0.8662762710845535,1.0,endothelial cell_vs_microglial cell,endothelial cell,microglial cell
Slco5a1,-0.16839026,-22.013523,0.8662762710845535,1.0,endothelial cell_vs_microglial cell,endothelial cell,microglial cell
Serpinc1,-0.16839026,-20.950941,0.8662762710845535,1.0,endothelial cell_vs_microglial cell,endothelial cell,microglial cell
Bnc2,-0.16839026,-22.292295,0.8662762710845535,1.0,endothelial cell_vs_microglial cell,endothelial cell,microglial cell
Atp13a4,-0.16839026,-21.736757,0.8662762710845535,1.0,endothelial cell_vs_microglial cell,endothelial cell,microglial cell
Spon1,-0.16839026,-21.70014,0.8662762710845535,1.0,endothelial cell_vs_microglial cell,endothelial cell,microglial cell
Ccbe1,-0.16839026,-20.893682,0.8662762710845535,1.0,endothelial cell_vs_microglial cell,endothelial cell,microglial cell
Hook1,-0.16839026,-21.554127,0.8662762710845535,1.0,endothelial cell_vs_microglial cell,endothelial cell,microglial cell
Trp73,-0.16839026,-21.045944,0.8662762710845535,1.0,endothelial cell_vs_microglial cell,endothelial cell,microglial cell
Adhfe1,-0.16839026,-22.370304,0.8662762710845535,1.0,endothelial cell_vs_microglial cell,endothelial cell,microglial cell
Dpyd,-0.16839026,-21.530268,0.8662762710845535,1.0,endothelial cell_vs_microglial cell,endothelial cell,microglial cell
Ntf3,-0.16839026,-22.505703,0.8662762710845535,1.0,endothelial cell_vs_microglial cell,endothelial cell,microglial cell
Bcl11b,-0.16839026,-21.820875,0.8662762710845535,1.0,endothelial cell_vs_microglial cell,endothelial cell,microglial cell
Arhgef26,-0.16839026,-21.859657,0.8662762710845535,1.0,endothelial cell_vs_microglial cell,endothelial cell,microglial cell
Nckap5,-0.16839026,-21.804972,0.8662762710845535,1.0,endothelial cell_vs_microglial cell,endothelial cell,microglial cell
Spag17,-0.16839026,-21.724958,0.8662762710845535,1.0,endothelial cell_vs_microglial cell,endothelial cell,microglial cell
Zcchc16,-0.16839026,-21.975231,0.8662762710845535,1.0,endothelial cell_vs_microglial cell,endothelial cell,microglial cell
Zbtb7c,-0.16839026,-21.262257,0.8662762710845535,1.0,endothelial cell_vs_microglial cell,endothelial cell,microglial cell
Frmd5,-0.16839026,-21.732159,0.8662762710845535,1.0,endothelial cell_vs_microglial cell,endothelial cell,microglial cell
Aspa,-0.17430943,-0.062094867,0.8616222874732251,1.0,endothelial cell_vs_microglial cell,endothelial cell,microglial cell
Aldh1l1,-0.17430943,0.29930347,0.8616222874732251,1.0,endothelial cell_vs_microglial cell,endothelial cell,microglial cell
2210408I21Rik,-0.17471765,-0.44331568,0.861301498186477,1.0,endothelial cell_vs_microglial cell,endothelial cell,microglial cell
AW554918,-0.17512587,-0.46708694,0.8609807317785771,1.0,endothelial cell_vs_microglial cell,endothelial cell,microglial cell
Meis2,-0.17716697,-1.4104977,0.8593772447350236,1.0,endothelial cell_vs_microglial cell,endothelial cell,microglial cell
Dock11,-0.18308614,-0.34248462,0.8547304338842906,1.0,endothelial cell_vs_microglial cell,endothelial cell,microglial cell
Slc1a2,-0.18696421,-0.33246508,0.8516886908081179,1.0,endothelial cell_vs_microglial cell,endothelial cell,microglial cell
Gab2,-0.19043407,-0.10413657,0.8489689986632594,1.0,endothelial cell_vs_microglial cell,endothelial cell,microglial cell
2810408A11Rik,-0.199619,-1.0303972,0.8417785688543549,1.0,endothelial cell_vs_microglial cell,endothelial cell,microglial cell
Gab3,-0.199619,0.766308,0.8417785688543549,1.0,endothelial cell_vs_microglial cell,endothelial cell,microglial cell
Hipk2,-0.199619,-0.06112488,0.8417785688543549,1.0,endothelial cell_vs_microglial cell,endothelial cell,microglial cell
Matn4,-0.199619,-1.0080369,0.8417785688543549,1.0,endothelial cell_vs_microglial cell,endothelial cell,microglial cell
Luzp2,-0.199619,-0.6446006,0.8417785688543549,1.0,endothelial cell_vs_microglial cell,endothelial cell,microglial cell
Zfp608,-0.199619,-0.75280255,0.8417785688543549,1.0,endothelial cell_vs_microglial cell,endothelial cell,microglial cell
Zfp28,-0.199619,-1.1818808,0.8417785688543549,1.0,endothelial cell_vs_microglial cell,endothelial cell,microglial cell
Rps6ka5,-0.199619,-0.8303107,0.8417785688543549,1.0,endothelial cell_vs_microglial cell,endothelial cell,microglial cell
Lcat,-0.20002721,-1.3750514,0.8414592956005876,1.0,endothelial cell_vs_microglial cell,endothelial cell,microglial cell
Gpr88,-0.20002721,-0.97053057,0.8414592956005876,1.0,endothelial cell_vs_microglial cell,endothelial cell,microglial cell
Tiam2,-0.20002721,-1.3457626,0.8414592956005876,1.0,endothelial cell_vs_microglial cell,endothelial cell,microglial cell
Cux2,-0.20002721,-1.1067666,0.8414592956005876,1.0,endothelial cell_vs_microglial cell,endothelial cell,microglial cell
Dnmt3b,-0.20002721,-1.5649749,0.8414592956005876,1.0,endothelial cell_vs_microglial cell,endothelial cell,microglial cell
Scml4,-0.20002721,-1.0963483,0.8414592956005876,1.0,endothelial cell_vs_microglial cell,endothelial cell,microglial cell
Nts,-0.20002721,-1.6773483,0.8414592956005876,1.0,endothelial cell_vs_microglial cell,endothelial cell,microglial cell
Scg3,-0.20043543,-1.7157437,0.8411400484159726,1.0,endothelial cell_vs_microglial cell,endothelial cell,microglial cell
Opcml,-0.20043543,-1.5696652,0.8411400484159726,1.0,endothelial cell_vs_microglial cell,endothelial cell,microglial cell
Gpr17,-0.2016601,-2.8188357,0.840182463787647,1.0,endothelial cell_vs_microglial cell,endothelial cell,microglial cell
Zfp609,-0.20574228,-0.23151128,0.8369922305267428,1.0,endothelial cell_vs_microglial cell,endothelial cell,microglial cell
Mbd5,-0.20574228,-0.41658768,0.8369922305267428,1.0,endothelial cell_vs_microglial cell,endothelial cell,microglial cell
Lars2,-0.20655872,-0.68678266,0.8363545036398954,1.0,endothelial cell_vs_microglial cell,endothelial cell,microglial cell
Slc27a1,-0.20696694,-0.84420574,0.8360356804980383,1.0,endothelial cell_vs_microglial cell,endothelial cell,microglial cell
Spp1,-0.20696694,-0.98854035,0.8360356804980383,1.0,endothelial cell_vs_microglial cell,endothelial cell,microglial cell
Gpr37l1,-0.20778337,-1.0631177,0.8353981150717482,1.0,endothelial cell_vs_microglial cell,endothelial cell,microglial cell
Sox5,-0.20778337,-0.6929675,0.8353981150717482,1.0,endothelial cell_vs_microglial cell,endothelial cell,microglial cell
Bcas1,-0.20819159,-0.7060442,0.8350793728889917,1.0,endothelial cell_vs_microglial cell,endothelial cell,microglial cell
Tmeff2,-0.2106409,-8.6507316e-05,0.8331674904186019,1.0,endothelial cell_vs_microglial cell,endothelial cell,microglial cell
Alms1,-0.22452034,-22.57083,0.8223524379645997,1.0,endothelial cell_vs_microglial cell,endothelial cell,microglial cell
Nrk,-0.22452034,-22.129026,0.8223524379645997,1.0,endothelial cell_vs_microglial cell,endothelial cell,microglial cell
Nrg2,-0.22452034,-22.026112,0.8223524379645997,1.0,endothelial cell_vs_microglial cell,endothelial cell,microglial cell
Mmp16,-0.22452034,-22.31451,0.8223524379645997,1.0,endothelial cell_vs_microglial cell,endothelial cell,microglial cell
Ctxn3,-0.22452034,-22.87841,0.8223524379645997,1.0,endothelial cell_vs_microglial cell,endothelial cell,microglial cell
Ust,-0.22452034,-22.489315,0.8223524379645997,1.0,endothelial cell_vs_microglial cell,endothelial cell,microglial cell
Adh1,-0.22452034,-22.467419,0.8223524379645997,1.0,endothelial cell_vs_microglial cell,endothelial cell,microglial cell
Cdr1,-0.22452034,-22.02924,0.8223524379645997,1.0,endothelial cell_vs_microglial cell,endothelial cell,microglial cell
Lcn2,-0.22452034,-22.504436,0.8223524379645997,1.0,endothelial cell_vs_microglial cell,endothelial cell,microglial cell
Ldb2,-0.22452034,-22.433926,0.8223524379645997,1.0,endothelial cell_vs_microglial cell,endothelial cell,microglial cell
Ptprt,-0.22452034,-22.581594,0.8223524379645997,1.0,endothelial cell_vs_microglial cell,endothelial cell,microglial cell
Hdc,-0.22452034,-22.332178,0.8223524379645997,1.0,endothelial cell_vs_microglial cell,endothelial cell,microglial cell
Synpo2l,-0.22452034,-23.224442,0.8223524379645997,1.0,endothelial cell_vs_microglial cell,endothelial cell,microglial cell
Fat4,-0.22452034,-22.065205,0.8223524379645997,1.0,endothelial cell_vs_microglial cell,endothelial cell,microglial cell
Arhgap24,-0.22452034,-21.784266,0.8223524379645997,1.0,endothelial cell_vs_microglial cell,endothelial cell,microglial cell
Eya1,-0.22452034,-22.416798,0.8223524379645997,1.0,endothelial cell_vs_microglial cell,endothelial cell,microglial cell
Shank2,-0.22452034,-21.284094,0.8223524379645997,1.0,endothelial cell_vs_microglial cell,endothelial cell,microglial cell
Itih3,-0.22452034,-23.382824,0.8223524379645997,1.0,endothelial cell_vs_microglial cell,endothelial cell,microglial cell
Il13ra2,-0.22452034,-22.26788,0.8223524379645997,1.0,endothelial cell_vs_microglial cell,endothelial cell,microglial cell
Ror1,-0.22452034,-22.319239,0.8223524379645997,1.0,endothelial cell_vs_microglial cell,endothelial cell,microglial cell
Ror2,-0.22452034,-21.694761,0.8223524379645997,1.0,endothelial cell_vs_microglial cell,endothelial cell,microglial cell
Gbp5,-0.22452034,-21.920498,0.8223524379645997,1.0,endothelial cell_vs_microglial cell,endothelial cell,microglial cell
Slit3,-0.22452034,-22.95971,0.8223524379645997,1.0,endothelial cell_vs_microglial cell,endothelial cell,microglial cell
Plch1,-0.22452034,-22.08812,0.8223524379645997,1.0,endothelial cell_vs_microglial cell,endothelial cell,microglial cell
Eda,-0.22452034,-22.89536,0.8223524379645997,1.0,endothelial cell_vs_microglial cell,endothelial cell,microglial cell
E2f7,-0.22452034,-21.856358,0.8223524379645997,1.0,endothelial cell_vs_microglial cell,endothelial cell,microglial cell
Grm3,-0.22452034,-22.554605,0.8223524379645997,1.0,endothelial cell_vs_microglial cell,endothelial cell,microglial cell
Grin3a,-0.22452034,-22.667704,0.8223524379645997,1.0,endothelial cell_vs_microglial cell,endothelial cell,microglial cell
Pf4,-0.22452034,-22.625097,0.8223524379645997,1.0,endothelial cell_vs_microglial cell,endothelial cell,microglial cell
Aff3,-0.22452034,-21.709795,0.8223524379645997,1.0,endothelial cell_vs_microglial cell,endothelial cell,microglial cell
D630045J12Rik,-0.2300313,-0.19525868,0.8180674487652155,1.0,endothelial cell_vs_microglial cell,endothelial cell,microglial cell
Ext1,-0.23166418,-1.1103312,0.8167988593164562,1.0,endothelial cell_vs_microglial cell,endothelial cell,microglial cell
Smpd4,-0.23839979,-0.39703837,0.8115710345597333,1.0,endothelial cell_vs_microglial cell,endothelial cell,microglial cell
Mrps30,-0.24044088,0.34631237,0.8099884910056863,1.0,endothelial cell_vs_microglial cell,endothelial cell,microglial cell
Dock7,-0.24799293,-0.42864436,0.8041398797233827,1.0,endothelial cell_vs_microglial cell,endothelial cell,microglial cell
Pde7b,-0.25554496,-1.3393259,0.7983022117360914,1.0,endothelial cell_vs_microglial cell,endothelial cell,microglial cell
Eml6,-0.25554496,-1.2614056,0.7983022117360914,1.0,endothelial cell_vs_microglial cell,endothelial cell,microglial cell
Pknox2,-0.25554496,-1.3339512,0.7983022117360914,1.0,endothelial cell_vs_microglial cell,endothelial cell,microglial cell
Xylt1,-0.25554496,-0.9252217,0.7983022117360914,1.0,endothelial cell_vs_microglial cell,endothelial cell,microglial cell
Fgfr3,-0.25554496,-0.718791,0.7983022117360914,1.0,endothelial cell_vs_microglial cell,endothelial cell,microglial cell
Frem2,-0.25554496,-0.3631983,0.7983022117360914,1.0,endothelial cell_vs_microglial cell,endothelial cell,microglial cell
Rrm2,-0.25554496,-0.4736306,0.7983022117360914,1.0,endothelial cell_vs_microglial cell,endothelial cell,microglial cell
Inadl,-0.2559532,-1.3055294,0.7979869799581399,1.0,endothelial cell_vs_microglial cell,endothelial cell,microglial cell
Dlg2,-0.2559532,-1.4309572,0.7979869799581399,1.0,endothelial cell_vs_microglial cell,endothelial cell,microglial cell
Ephb1,-0.2559532,-1.3888233,0.7979869799581399,1.0,endothelial cell_vs_microglial cell,endothelial cell,microglial cell
Penk,-0.2559532,-1.7207968,0.7979869799581399,1.0,endothelial cell_vs_microglial cell,endothelial cell,microglial cell
Zhx2,-0.25636142,-2.1422226,0.7976717811154306,1.0,endothelial cell_vs_microglial cell,endothelial cell,microglial cell
Dclk2,-0.2604436,-0.1741436,0.7945216149160335,1.0,endothelial cell_vs_microglial cell,endothelial cell,microglial cell
Map2k6,-0.26126003,-0.15238093,0.7938919818003718,1.0,endothelial cell_vs_microglial cell,endothelial cell,microglial cell
Plekhb1,-0.26207647,-0.61779016,0.7932624829727123,1.0,endothelial cell_vs_microglial cell,endothelial cell,microglial cell
Cenpa,-0.26207647,-0.4048206,0.7932624829727123,1.0,endothelial cell_vs_microglial cell,endothelial cell,microglial cell
Ptpn4,-0.26411757,0.109527215,0.7916893259780403,1.0,endothelial cell_vs_microglial cell,endothelial cell,microglial cell
Dera,-0.26534224,-0.271797,0.7907458383556383,1.0,endothelial cell_vs_microglial cell,endothelial cell,microglial cell
Adamts1,-0.26656687,0.22342074,0.7898026572725818,1.0,endothelial cell_vs_microglial cell,endothelial cell,microglial cell
Chn2,-0.27024084,0.13161007,0.7869749663978372,1.0,endothelial cell_vs_microglial cell,endothelial cell,microglial cell
Angpt1,-0.28065044,-23.160017,0.7789785313383495,1.0,endothelial cell_vs_microglial cell,endothelial cell,microglial cell
Robo2,-0.28065044,-23.193161,0.7789785313383495,1.0,endothelial cell_vs_microglial cell,endothelial cell,microglial cell
Cecr2,-0.28065044,-22.575146,0.7789785313383495,1.0,endothelial cell_vs_microglial cell,endothelial cell,microglial cell
Samd12,-0.28065044,-22.209034,0.7789785313383495,1.0,endothelial cell_vs_microglial cell,endothelial cell,microglial cell
Lepr,-0.28065044,-23.081963,0.7789785313383495,1.0,endothelial cell_vs_microglial cell,endothelial cell,microglial cell
Klhl29,-0.28065044,-22.67466,0.7789785313383495,1.0,endothelial cell_vs_microglial cell,endothelial cell,microglial cell
Sdk2,-0.28065044,-22.313711,0.7789785313383495,1.0,endothelial cell_vs_microglial cell,endothelial cell,microglial cell
Sdk1,-0.28065044,-22.33099,0.7789785313383495,1.0,endothelial cell_vs_microglial cell,endothelial cell,microglial cell
Sntb1,-0.28065044,-22.917274,0.7789785313383495,1.0,endothelial cell_vs_microglial cell,endothelial cell,microglial cell
Zfp366,-0.28065044,-22.326109,0.7789785313383495,1.0,endothelial cell_vs_microglial cell,endothelial cell,microglial cell
Aass,-0.28065044,-21.730341,0.7789785313383495,1.0,endothelial cell_vs_microglial cell,endothelial cell,microglial cell
Btbd7,-0.28065044,-22.65617,0.7789785313383495,1.0,endothelial cell_vs_microglial cell,endothelial cell,microglial cell
Spag16,-0.28065044,-21.730066,0.7789785313383495,1.0,endothelial cell_vs_microglial cell,endothelial cell,microglial cell
Svep1,-0.28065044,-22.783066,0.7789785313383495,1.0,endothelial cell_vs_microglial cell,endothelial cell,microglial cell
Ccdc108,-0.28065044,-21.986698,0.7789785313383495,1.0,endothelial cell_vs_microglial cell,endothelial cell,microglial cell
Sox2,-0.28065044,-23.02461,0.7789785313383495,1.0,endothelial cell_vs_microglial cell,endothelial cell,microglial cell
Pi16,-0.28065044,-22.390776,0.7789785313383495,1.0,endothelial cell_vs_microglial cell,endothelial cell,microglial cell
Col4a4,-0.28065044,-22.143198,0.7789785313383495,1.0,endothelial cell_vs_microglial cell,endothelial cell,microglial cell
Rep15,-0.28065044,-23.71801,0.7789785313383495,1.0,endothelial cell_vs_microglial cell,endothelial cell,microglial cell
Epha3,-0.28065044,-22.500278,0.7789785313383495,1.0,endothelial cell_vs_microglial cell,endothelial cell,microglial cell
Ppp1r14c,-0.28065044,-23.030704,0.7789785313383495,1.0,endothelial cell_vs_microglial cell,endothelial cell,microglial cell
Prr16,-0.28065044,-23.28779,0.7789785313383495,1.0,endothelial cell_vs_microglial cell,endothelial cell,microglial cell
Cdk15,-0.28065044,-23.390034,0.7789785313383495,1.0,endothelial cell_vs_microglial cell,endothelial cell,microglial cell
Pld5,-0.28065044,-22.228388,0.7789785313383495,1.0,endothelial cell_vs_microglial cell,endothelial cell,microglial cell
Prc1,-0.28065044,-23.22779,0.7789785313383495,1.0,endothelial cell_vs_microglial cell,endothelial cell,microglial cell
Utp14b,-0.28065044,-23.100922,0.7789785313383495,1.0,endothelial cell_vs_microglial cell,endothelial cell,microglial cell
Ebf2,-0.28065044,-22.570261,0.7789785313383495,1.0,endothelial cell_vs_microglial cell,endothelial cell,microglial cell
Adam12,-0.28065044,-22.414642,0.7789785313383495,1.0,endothelial cell_vs_microglial cell,endothelial cell,microglial cell
Ndst3,-0.28065044,-22.658352,0.7789785313383495,1.0,endothelial cell_vs_microglial cell,endothelial cell,microglial cell
Mycbpap,-0.28065044,-22.267262,0.7789785313383495,1.0,endothelial cell_vs_microglial cell,endothelial cell,microglial cell
Pacrg,-0.28065044,-22.25249,0.7789785313383495,1.0,endothelial cell_vs_microglial cell,endothelial cell,microglial cell
D630003M21Rik,-0.28065044,-22.82719,0.7789785313383495,1.0,endothelial cell_vs_microglial cell,endothelial cell,microglial cell
Itpripl1,-0.28575316,-0.043914076,0.77506718083074,1.0,endothelial cell_vs_microglial cell,endothelial cell,microglial cell
Ccnjl,-0.2865696,-0.69510317,0.7744418911943585,1.0,endothelial cell_vs_microglial cell,endothelial cell,microglial cell
Naalad2,-0.28820246,-1.215251,0.773191751142546,1.0,endothelial cell_vs_microglial cell,endothelial cell,microglial cell
Cdk6,-0.292897,0.2559261,0.7696008854428127,1.0,endothelial cell_vs_microglial cell,endothelial cell,microglial cell
Actg1,-0.2955504,-0.20431982,0.7675734436253633,1.0,endothelial cell_vs_microglial cell,endothelial cell,microglial cell
Lmbr1l,-0.29595864,-0.19548357,0.7672616702389802,1.0,endothelial cell_vs_microglial cell,endothelial cell,microglial cell
Ppm1l,-0.30942985,-0.025592005,0.7569945612363156,1.0,endothelial cell_vs_microglial cell,endothelial cell,microglial cell
Msra,-0.3104504,-0.55291945,0.7562184691158872,1.0,endothelial cell_vs_microglial cell,endothelial cell,microglial cell
Magi2,-0.31147096,-0.90947574,0.7554426228451625,1.0,endothelial cell_vs_microglial cell,endothelial cell,microglial cell
Ifit3,-0.31187916,-2.0721054,0.7551323533383169,1.0,endothelial cell_vs_microglial cell,endothelial cell,microglial cell
C1ql1,-0.31187916,-1.9503074,0.7551323533383169,1.0,endothelial cell_vs_microglial cell,endothelial cell,microglial cell
Sacs,-0.3122874,-2.0402315,0.7548221233309009,1.0,endothelial cell_vs_microglial cell,endothelial cell,microglial cell
Serpini1,-0.31269562,-2.5790703,0.754511932869577,1.0,endothelial cell_vs_microglial cell,endothelial cell,microglial cell
Cacnb2,-0.31269562,-2.2433636,0.754511932869577,1.0,endothelial cell_vs_microglial cell,endothelial cell,microglial cell
Apba1,-0.3143285,-2.7374694,0.75327156741778,1.0,endothelial cell_vs_microglial cell,endothelial cell,microglial cell
Zfp868,-0.32045177,-1.045891,0.7486258897824404,1.0,endothelial cell_vs_microglial cell,endothelial cell,microglial cell
Ctnna3,-0.33678052,-23.446905,0.7362823608098725,1.0,endothelial cell_vs_microglial cell,endothelial cell,microglial cell
Gng8,-0.33678052,-23.294794,0.7362823608098725,1.0,endothelial cell_vs_microglial cell,endothelial cell,microglial cell
Cngb1,-0.33678052,-23.14403,0.7362823608098725,1.0,endothelial cell_vs_microglial cell,endothelial cell,microglial cell
Col11a1,-0.33678052,-22.704699,0.7362823608098725,1.0,endothelial cell_vs_microglial cell,endothelial cell,microglial cell
Vegfc,-0.33678052,-23.108345,0.7362823608098725,1.0,endothelial cell_vs_microglial cell,endothelial cell,microglial cell
Megf10,-0.33678052,-23.08304,0.7362823608098725,1.0,endothelial cell_vs_microglial cell,endothelial cell,microglial cell
Smoc1,-0.33678052,-23.472563,0.7362823608098725,1.0,endothelial cell_vs_microglial cell,endothelial cell,microglial cell
Lhb,-0.33678052,-21.980595,0.7362823608098725,1.0,endothelial cell_vs_microglial cell,endothelial cell,microglial cell
Ephx2,-0.33678052,-22.722025,0.7362823608098725,1.0,endothelial cell_vs_microglial cell,endothelial cell,microglial cell
Mpzl2,-0.33678052,-23.263948,0.7362823608098725,1.0,endothelial cell_vs_microglial cell,endothelial cell,microglial cell
Tmem132c,-0.33678052,-23.035166,0.7362823608098725,1.0,endothelial cell_vs_microglial cell,endothelial cell,microglial cell
Fzd1,-0.33678052,-22.89119,0.7362823608098725,1.0,endothelial cell_vs_microglial cell,endothelial cell,microglial cell
Robo1,-0.33678052,-22.84706,0.7362823608098725,1.0,endothelial cell_vs_microglial cell,endothelial cell,microglial cell
Igsf1,-0.33678052,-22.271208,0.7362823608098725,1.0,endothelial cell_vs_microglial cell,endothelial cell,microglial cell
Fign,-0.33678052,-23.172316,0.7362823608098725,1.0,endothelial cell_vs_microglial cell,endothelial cell,microglial cell
Entpd2,-0.33678052,-23.494509,0.7362823608098725,1.0,endothelial cell_vs_microglial cell,endothelial cell,microglial cell
Slc4a4,-0.33678052,-22.67464,0.7362823608098725,1.0,endothelial cell_vs_microglial cell,endothelial cell,microglial cell
Gfra1,-0.33678052,-22.680525,0.7362823608098725,1.0,endothelial cell_vs_microglial cell,endothelial cell,microglial cell
Trim6,-0.33678052,-23.582884,0.7362823608098725,1.0,endothelial cell_vs_microglial cell,endothelial cell,microglial cell
4932438H23Rik,-0.33678052,-22.55779,0.7362823608098725,1.0,endothelial cell_vs_microglial cell,endothelial cell,microglial cell
Cdh4,-0.33678052,-22.857185,0.7362823608098725,1.0,endothelial cell_vs_microglial cell,endothelial cell,microglial cell
Nefh,-0.33678052,-22.962908,0.7362823608098725,1.0,endothelial cell_vs_microglial cell,endothelial cell,microglial cell
Nox4,-0.33678052,-22.400076,0.7362823608098725,1.0,endothelial cell_vs_microglial cell,endothelial cell,microglial cell
Rbm20,-0.33678052,-22.633991,0.7362823608098725,1.0,endothelial cell_vs_microglial cell,endothelial cell,microglial cell
Pola1,-0.33678052,-22.664423,0.7362823608098725,1.0,endothelial cell_vs_microglial cell,endothelial cell,microglial cell
Prkd1,-0.33678052,-22.858864,0.7362823608098725,1.0,endothelial cell_vs_microglial cell,endothelial cell,microglial cell
Tlcd1,-0.34269968,-1.0204977,0.7318243958060923,1.0,endothelial cell_vs_microglial cell,endothelial cell,microglial cell
Phka1,-0.34392434,-1.155055,0.7309031815556468,1.0,endothelial cell_vs_microglial cell,endothelial cell,microglial cell
Xrcc4,-0.35474214,-1.2248135,0.7227827744472932,1.0,endothelial cell_vs_microglial cell,endothelial cell,microglial cell
Pts,-0.36127365,0.28374103,0.7178948926388135,1.0,endothelial cell_vs_microglial cell,endothelial cell,microglial cell
Pvrl3,-0.36739692,-1.796455,0.7133229626113685,1.0,endothelial cell_vs_microglial cell,endothelial cell,microglial cell
Pkdcc,-0.36739692,0.25348857,0.7133229626113685,1.0,endothelial cell_vs_microglial cell,endothelial cell,microglial cell
Cmtm5,-0.36821336,-2.7328248,0.7127141449488218,1.0,endothelial cell_vs_microglial cell,endothelial cell,microglial cell
Sfxn5,-0.3686216,-2.2825584,0.7124098047195878,1.0,endothelial cell_vs_microglial cell,endothelial cell,microglial cell
Tcea2,-0.3686216,-2.9954426,0.7124098047195878,1.0,endothelial cell_vs_microglial cell,endothelial cell,microglial cell
Atad2b,-0.37147912,-0.5857066,0.7102807077748136,1.0,endothelial cell_vs_microglial cell,endothelial cell,microglial cell
Bach2,-0.37270376,-0.67156935,0.7093689282716216,1.0,endothelial cell_vs_microglial cell,endothelial cell,microglial cell
Ctif,-0.37270376,-0.6546393,0.7093689282716216,1.0,endothelial cell_vs_microglial cell,endothelial cell,microglial cell
Dennd2a,-0.38250104,-0.95015764,0.702089769433741,1.0,endothelial cell_vs_microglial cell,endothelial cell,microglial cell
Nusap1,-0.3929106,-23.58704,0.6943855095114941,1.0,endothelial cell_vs_microglial cell,endothelial cell,microglial cell
Rad54b,-0.3929106,-23.515442,0.6943855095114941,1.0,endothelial cell_vs_microglial cell,endothelial cell,microglial cell
Hecw2,-0.3929106,-23.169502,0.6943855095114941,1.0,endothelial cell_vs_microglial cell,endothelial cell,microglial cell
C530008M17Rik,-0.3929106,-23.055176,0.6943855095114941,1.0,endothelial cell_vs_microglial cell,endothelial cell,microglial cell
Fam20a,-0.3929106,-22.955008,0.6943855095114941,1.0,endothelial cell_vs_microglial cell,endothelial cell,microglial cell
Glcci1,-0.3929106,-23.06907,0.6943855095114941,1.0,endothelial cell_vs_microglial cell,endothelial cell,microglial cell
Foxp2,-0.3929106,-23.59049,0.6943855095114941,1.0,endothelial cell_vs_microglial cell,endothelial cell,microglial cell
Ccr9,-0.3929106,-23.545542,0.6943855095114941,1.0,endothelial cell_vs_microglial cell,endothelial cell,microglial cell
Btbd11,-0.3929106,-23.451057,0.6943855095114941,1.0,endothelial cell_vs_microglial cell,endothelial cell,microglial cell
Mamdc2,-0.3929106,-23.441437,0.6943855095114941,1.0,endothelial cell_vs_microglial cell,endothelial cell,microglial cell
Arhgap28,-0.3929106,-23.419369,0.6943855095114941,1.0,endothelial cell_vs_microglial cell,endothelial cell,microglial cell
Tead4,-0.3929106,-23.448912,0.6943855095114941,1.0,endothelial cell_vs_microglial cell,endothelial cell,microglial cell
Serpinb1a,-0.3929106,-23.302753,0.6943855095114941,1.0,endothelial cell_vs_microglial cell,endothelial cell,microglial cell
Gjc3,-0.40005443,-1.4624736,0.6891164252088102,1.0,endothelial cell_vs_microglial cell,endothelial cell,microglial cell
Immp2l,-0.40046266,-1.5477273,0.6888157867171517,1.0,endothelial cell_vs_microglial cell,endothelial cell,microglial cell
Slc6a11,-0.40087086,-1.7430983,0.6885151973687699,1.0,endothelial cell_vs_microglial cell,endothelial cell,microglial cell
Ttc28,-0.40719825,0.22695763,0.6838623779687399,1.0,endothelial cell_vs_microglial cell,endothelial cell,microglial cell
Hyal1,-0.4100558,-0.052168652,0.6817650198009635,1.0,endothelial cell_vs_microglial cell,endothelial cell,microglial cell
Nagk,-0.41107634,-0.093737416,0.6810165578096689,1.0,endothelial cell_vs_microglial cell,endothelial cell,microglial cell
Tuba1c,-0.42046538,-1.1217633,0.6741455199179922,1.0,endothelial cell_vs_microglial cell,endothelial cell,microglial cell
Mns1,-0.42332292,-1.5075597,0.6720596849636847,1.0,endothelial cell_vs_microglial cell,endothelial cell,microglial cell
Cxcl1,-0.4249558,-2.5510578,0.6708689105363052,1.0,endothelial cell_vs_microglial cell,endothelial cell,microglial cell
Lrrc16a,-0.42577222,-3.4573462,0.6702738329068613,1.0,endothelial cell_vs_microglial cell,endothelial cell,microglial cell
Nhs,-0.42781332,-0.80201083,0.6687870443928114,1.0,endothelial cell_vs_microglial cell,endothelial cell,microglial cell
Rabgap1,-0.4298544,0.063417144,0.6673015535860851,1.0,endothelial cell_vs_microglial cell,endothelial cell,microglial cell
Als2,-0.44904068,-22.880995,0.6534023040602122,1.0,endothelial cell_vs_microglial cell,endothelial cell,microglial cell
9530026P05Rik,-0.44904068,-23.445717,0.6534023040602122,1.0,endothelial cell_vs_microglial cell,endothelial cell,microglial cell
Esrrg,-0.44904068,-22.630672,0.6534023040602122,1.0,endothelial cell_vs_microglial cell,endothelial cell,microglial cell
Lin7a,-0.44904068,-23.502144,0.6534023040602122,1.0,endothelial cell_vs_microglial cell,endothelial cell,microglial cell
Mfap5,-0.44904068,-23.965117,0.6534023040602122,1.0,endothelial cell_vs_microglial cell,endothelial cell,microglial cell
Rem1,-0.44904068,-23.890095,0.6534023040602122,1.0,endothelial cell_vs_microglial cell,endothelial cell,microglial cell
Airn,-0.44904068,-24.216673,0.6534023040602122,1.0,endothelial cell_vs_microglial cell,endothelial cell,microglial cell
Fbn2,-0.44904068,-23.288116,0.6534023040602122,1.0,endothelial cell_vs_microglial cell,endothelial cell,microglial cell
Cacng4,-0.44904068,-24.075306,0.6534023040602122,1.0,endothelial cell_vs_microglial cell,endothelial cell,microglial cell
Tead3,-0.44904068,-23.751524,0.6534023040602122,1.0,endothelial cell_vs_microglial cell,endothelial cell,microglial cell
Lrrc23,-0.44904068,-23.001673,0.6534023040602122,1.0,endothelial cell_vs_microglial cell,endothelial cell,microglial cell
Slc22a2,-0.44904068,-24.039494,0.6534023040602122,1.0,endothelial cell_vs_microglial cell,endothelial cell,microglial cell
Acsbg1,-0.44904068,-23.535501,0.6534023040602122,1.0,endothelial cell_vs_microglial cell,endothelial cell,microglial cell
Id4,-0.44904068,-23.347494,0.6534023040602122,1.0,endothelial cell_vs_microglial cell,endothelial cell,microglial cell
Cd24a,-0.44904068,-23.092813,0.6534023040602122,1.0,endothelial cell_vs_microglial cell,endothelial cell,microglial cell
Etl4,-0.4537352,-0.85699385,0.6500194239168275,1.0,endothelial cell_vs_microglial cell,endothelial cell,microglial cell
Fjx1,-0.4561845,-1.8409545,0.6482572966942628,1.0,endothelial cell_vs_microglial cell,endothelial cell,microglial cell
Tubb2b,-0.4576133,-0.756082,0.6472302973488309,1.0,endothelial cell_vs_microglial cell,endothelial cell,microglial cell
Pard3b,-0.4578174,-2.0562005,0.647083637914345,1.0,endothelial cell_vs_microglial cell,endothelial cell,microglial cell
Zfp536,-0.46496123,-1.3723489,0.6419592255608937,1.0,endothelial cell_vs_microglial cell,endothelial cell,microglial cell
H2-D1,-0.46781877,-0.07186801,0.6399142072008217,1.0,endothelial cell_vs_microglial cell,endothelial cell,microglial cell
Ehbp1,-0.47924888,-1.40354,0.6317615831547336,1.0,endothelial cell_vs_microglial cell,endothelial cell,microglial cell
Porcn,-0.4796571,-2.1506763,0.6314712368444353,1.0,endothelial cell_vs_microglial cell,endothelial cell,microglial cell
Acsl6,-0.48006532,-2.1275716,0.6311809473798445,1.0,endothelial cell_vs_microglial cell,endothelial cell,microglial cell
A2m,-0.48088175,-2.928495,0.6306005391367018,1.0,endothelial cell_vs_microglial cell,endothelial cell,microglial cell
Ntsr2,-0.48088175,-2.8218143,0.6306005391367018,1.0,endothelial cell_vs_microglial cell,endothelial cell,microglial cell
Galk1,-0.4816982,0.049571544,0.6300203587228744,1.0,endothelial cell_vs_microglial cell,endothelial cell,microglial cell
Slc39a12,-0.48210642,-0.6411667,0.6297303540448294,1.0,endothelial cell_vs_microglial cell,endothelial cell,microglial cell
Ace2,-0.48210642,-3.0589135,0.6297303540448294,1.0,endothelial cell_vs_microglial cell,endothelial cell,microglial cell
Acp1,-0.48659682,-1.2842541,0.6265440772663695,1.0,endothelial cell_vs_microglial cell,endothelial cell,microglial cell
Enho,-0.48700503,-1.3469553,0.6262547598543805,1.0,endothelial cell_vs_microglial cell,endothelial cell,microglial cell
Cwc22,-0.49394476,-0.5025801,0.6213451930899991,1.0,endothelial cell_vs_microglial cell,endothelial cell,microglial cell
Pacs2,-0.50455844,-0.3831917,0.6138690006661702,1.0,endothelial cell_vs_microglial cell,endothelial cell,microglial cell
C1qtnf7,-0.50517076,-24.187075,0.6134388941315609,1.0,endothelial cell_vs_microglial cell,endothelial cell,microglial cell
Boc,-0.50517076,-23.175743,0.6134388941315609,1.0,endothelial cell_vs_microglial cell,endothelial cell,microglial cell
Emid1,-0.50517076,-23.805521,0.6134388941315609,1.0,endothelial cell_vs_microglial cell,endothelial cell,microglial cell
Pdzrn3,-0.50517076,-23.198668,0.6134388941315609,1.0,endothelial cell_vs_microglial cell,endothelial cell,microglial cell
Gpr20,-0.50517076,-24.070942,0.6134388941315609,1.0,endothelial cell_vs_microglial cell,endothelial cell,microglial cell
Phkg1,-0.50517076,-23.20462,0.6134388941315609,1.0,endothelial cell_vs_microglial cell,endothelial cell,microglial cell
Zfp462,-0.50517076,-23.622408,0.6134388941315609,1.0,endothelial cell_vs_microglial cell,endothelial cell,microglial cell
Wbscr17,-0.50517076,-23.519653,0.6134388941315609,1.0,endothelial cell_vs_microglial cell,endothelial cell,microglial cell
Znrf3,-0.50517076,-23.223665,0.6134388941315609,1.0,endothelial cell_vs_microglial cell,endothelial cell,microglial cell
Aox3,-0.50517076,-23.410849,0.6134388941315609,1.0,endothelial cell_vs_microglial cell,endothelial cell,microglial cell
Rsad2,-0.50517076,-23.48801,0.6134388941315609,1.0,endothelial cell_vs_microglial cell,endothelial cell,microglial cell
Abtb2,-0.50517076,-23.835718,0.6134388941315609,1.0,endothelial cell_vs_microglial cell,endothelial cell,microglial cell
Vcan,-0.50517076,-23.699106,0.6134388941315609,1.0,endothelial cell_vs_microglial cell,endothelial cell,microglial cell
Thsd4,-0.50517076,-23.679407,0.6134388941315609,1.0,endothelial cell_vs_microglial cell,endothelial cell,microglial cell
Cblb,-0.50517076,-23.742546,0.6134388941315609,1.0,endothelial cell_vs_microglial cell,endothelial cell,microglial cell
Tbx15,-0.50517076,-23.93552,0.6134388941315609,1.0,endothelial cell_vs_microglial cell,endothelial cell,microglial cell
Dynlrb2,-0.50517076,-23.02551,0.6134388941315609,1.0,endothelial cell_vs_microglial cell,endothelial cell,microglial cell
Mt3,-0.5110899,-0.5742365,0.6092880736149424,1.0,endothelial cell_vs_microglial cell,endothelial cell,microglial cell
N4bp2,-0.5119064,-1.913491,0.6087165281996174,1.0,endothelial cell_vs_microglial cell,endothelial cell,microglial cell
Trim41,-0.51578444,-0.2176554,0.606004953673033,1.0,endothelial cell_vs_microglial cell,endothelial cell,microglial cell
Lox,-0.5159886,-2.8142035,0.6058623890570896,1.0,endothelial cell_vs_microglial cell,endothelial cell,microglial cell
Dhrs3,-0.51782554,-0.055670634,0.6045799836591753,1.0,endothelial cell_vs_microglial cell,endothelial cell,microglial cell
Grk4,-0.5355831,-2.552858,0.592246726834678,1.0,endothelial cell_vs_microglial cell,endothelial cell,microglial cell
Mboat2,-0.53639954,-2.377496,0.5916824664608843,1.0,endothelial cell_vs_microglial cell,endothelial cell,microglial cell
4933431E20Rik,-0.5376242,-2.6978543,0.5908365392142825,1.0,endothelial cell_vs_microglial cell,endothelial cell,microglial cell
Unc13c,-0.5380324,-3.6688719,0.59055468714962,1.0,endothelial cell_vs_microglial cell,endothelial cell,microglial cell
St7,-0.5470132,-0.933135,0.5843696606839576,1.0,endothelial cell_vs_microglial cell,endothelial cell,microglial cell
Rreb1,-0.5582392,-0.6872545,0.5766810416529919,1.0,endothelial cell_vs_microglial cell,endothelial cell,microglial cell
Lpar4,-0.5613009,-23.725147,0.5745924537394553,1.0,endothelial cell_vs_microglial cell,endothelial cell,microglial cell
Sox6,-0.5613009,-24.03776,0.5745924537394553,1.0,endothelial cell_vs_microglial cell,endothelial cell,microglial cell
Aqp4,-0.5613009,-23.56198,0.5745924537394553,1.0,endothelial cell_vs_microglial cell,endothelial cell,microglial cell
Pcdh18,-0.5613009,-24.416388,0.5745924537394553,1.0,endothelial cell_vs_microglial cell,endothelial cell,microglial cell
Sh3bgr,-0.5613009,-23.686472,0.5745924537394553,1.0,endothelial cell_vs_microglial cell,endothelial cell,microglial cell
Ptpn13,-0.5613009,-23.493683,0.5745924537394553,1.0,endothelial cell_vs_microglial cell,endothelial cell,microglial cell
Odf3b,-0.5613009,-23.625986,0.5745924537394553,1.0,endothelial cell_vs_microglial cell,endothelial cell,microglial cell
Vti1a,-0.5680365,-2.0542047,0.5700102023965906,1.0,endothelial cell_vs_microglial cell,endothelial cell,microglial cell
Dennd1a,-0.56987345,-0.34155014,0.5687635285011159,1.0,endothelial cell_vs_microglial cell,endothelial cell,microglial cell
Exoc1,-0.5751803,-1.919937,0.5651693633097485,1.0,endothelial cell_vs_microglial cell,endothelial cell,microglial cell
S100b,-0.5817118,-0.37177008,0.5607608200097898,1.0,endothelial cell_vs_microglial cell,endothelial cell,microglial cell
Nkain4,-0.5923255,-2.7865055,0.5536326487857663,1.0,endothelial cell_vs_microglial cell,endothelial cell,microglial cell
Gm11627,-0.595183,-4.0043664,0.5517211367604076,1.0,endothelial cell_vs_microglial cell,endothelial cell,microglial cell
Pcdh9,-0.59763235,-0.24965942,0.550085282839968,1.0,endothelial cell_vs_microglial cell,endothelial cell,microglial cell
Gna13,-0.6013063,0.10436216,0.5476359904086701,1.0,endothelial cell_vs_microglial cell,endothelial cell,microglial cell
Pbx3,-0.6029392,-0.99347365,0.5465491496654805,1.0,endothelial cell_vs_microglial cell,endothelial cell,microglial cell
Ranbp3l,-0.6041638,-2.0842466,0.5457347208631154,1.0,endothelial cell_vs_microglial cell,endothelial cell,microglial cell
Plcl1,-0.61151177,-1.3781008,0.5408608247741609,1.0,endothelial cell_vs_microglial cell,endothelial cell,microglial cell
Frk,-0.6174309,-23.707825,0.5369505137801542,1.0,endothelial cell_vs_microglial cell,endothelial cell,microglial cell
C4b,-0.6174309,-24.253105,0.5369505137801542,1.0,endothelial cell_vs_microglial cell,endothelial cell,microglial cell
Palld,-0.6174309,-23.991922,0.5369505137801542,1.0,endothelial cell_vs_microglial cell,endothelial cell,microglial cell
Fbn1,-0.6174309,-23.821186,0.5369505137801542,1.0,endothelial cell_vs_microglial cell,endothelial cell,microglial cell
Foxc2,-0.6174309,-24.050734,0.5369505137801542,1.0,endothelial cell_vs_microglial cell,endothelial cell,microglial cell
Frem1,-0.6174309,-23.414677,0.5369505137801542,1.0,endothelial cell_vs_microglial cell,endothelial cell,microglial cell
Prdm16,-0.6174309,-23.766367,0.5369505137801542,1.0,endothelial cell_vs_microglial cell,endothelial cell,microglial cell
Rgs6,-0.6174309,-24.043257,0.5369505137801542,1.0,endothelial cell_vs_microglial cell,endothelial cell,microglial cell
Prkg1,-0.6174309,-24.030294,0.5369505137801542,1.0,endothelial cell_vs_microglial cell,endothelial cell,microglial cell
Mndal,-0.6174309,-23.840773,0.5369505137801542,1.0,endothelial cell_vs_microglial cell,endothelial cell,microglial cell
Ermn,-0.62008435,-1.2215436,0.5352022412569716,1.0,endothelial cell_vs_microglial cell,endothelial cell,microglial cell
Ednrb,-0.6229419,-1.8099158,0.5333227007300798,1.0,endothelial cell_vs_microglial cell,endothelial cell,microglial cell
Hdac8,-0.6237583,-2.1158571,0.5327863027147872,1.0,endothelial cell_vs_microglial cell,endothelial cell,microglial cell
Macrod2,-0.62416655,-2.079013,0.5325182061046355,1.0,endothelial cell_vs_microglial cell,endothelial cell,microglial cell
Pou2f1,-0.62763643,-0.3815714,0.5302421453326407,1.0,endothelial cell_vs_microglial cell,endothelial cell,microglial cell
Tmem108,-0.64702684,-2.1063795,0.5176145905974792,1.0,endothelial cell_vs_microglial cell,endothelial cell,microglial cell
Ralgapa2,-0.64784324,-2.7424488,0.5170863387893517,1.0,endothelial cell_vs_microglial cell,endothelial cell,microglial cell
Ifit1,-0.6486597,-3.1721091,0.5165583663121779,1.0,endothelial cell_vs_microglial cell,endothelial cell,microglial cell
Atp2a3,-0.6490679,-3.0853403,0.5162944848864797,1.0,endothelial cell_vs_microglial cell,endothelial cell,microglial cell
Cacna1c,-0.651109,-3.8508806,0.5149761269043642,1.0,endothelial cell_vs_microglial cell,endothelial cell,microglial cell
Deptor,-0.6523337,-1.5049641,0.5141859523449634,1.0,endothelial cell_vs_microglial cell,endothelial cell,microglial cell
Ptprd,-0.6555994,-0.8588073,0.512081906949314,1.0,endothelial cell_vs_microglial cell,endothelial cell,microglial cell
Exoc6b,-0.6564158,-0.5351387,0.5115565982246879,1.0,endothelial cell_vs_microglial cell,endothelial cell,microglial cell
Fli1,-0.6576405,0.058803964,0.5107691629175226,1.0,endothelial cell_vs_microglial cell,endothelial cell,microglial cell
Csdc2,-0.6690706,-1.6526763,0.5034504253103831,1.0,endothelial cell_vs_microglial cell,endothelial cell,microglial cell
Alpl,-0.67356104,-24.130188,0.5005904327195915,1.0,endothelial cell_vs_microglial cell,endothelial cell,microglial cell
Pdlim3,-0.67356104,-24.361528,0.5005904327195915,1.0,endothelial cell_vs_microglial cell,endothelial cell,microglial cell
Snai1,-0.67356104,-24.324987,0.5005904327195915,1.0,endothelial cell_vs_microglial cell,endothelial cell,microglial cell
Adamts9,-0.67356104,-23.943312,0.5005904327195915,1.0,endothelial cell_vs_microglial cell,endothelial cell,microglial cell
Gulp1,-0.67356104,-24.147219,0.5005904327195915,1.0,endothelial cell_vs_microglial cell,endothelial cell,microglial cell
Ttc23,-0.67356104,-23.843512,0.5005904327195915,1.0,endothelial cell_vs_microglial cell,endothelial cell,microglial cell
Zfp516,-0.67621446,-1.5401223,0.4989044949008026,1.0,endothelial cell_vs_microglial cell,endothelial cell,microglial cell
Srxn1,-0.6786638,-2.0726466,0.49735092700589734,1.0,endothelial cell_vs_microglial cell,endothelial cell,microglial cell
Cdkal1,-0.6788679,-1.074381,0.4972215794166801,1.0,endothelial cell_vs_microglial cell,endothelial cell,microglial cell
Agl,-0.6837665,-1.3500437,0.4941226204077728,1.0,endothelial cell_vs_microglial cell,endothelial cell,microglial cell
Ppp1r1b,-0.6945843,-1.1687082,0.4873158518067743,1.0,endothelial cell_vs_microglial cell,endothelial cell,microglial cell
Pgm2,-0.70336103,-2.4944668,0.481830799650523,1.0,endothelial cell_vs_microglial cell,endothelial cell,microglial cell
Setbp1,-0.7037692,-2.8810673,0.4815765008300752,1.0,endothelial cell_vs_microglial cell,endothelial cell,microglial cell
Hspa1a,-0.7139747,-0.021039864,0.47524282585537403,1.0,endothelial cell_vs_microglial cell,endothelial cell,microglial cell
Ezh2,-0.7147911,-1.1950591,0.4747381140083615,1.0,endothelial cell_vs_microglial cell,endothelial cell,microglial cell
Usp3,-0.7178528,0.056026556,0.4728480684110018,1.0,endothelial cell_vs_microglial cell,endothelial cell,microglial cell
Plekha5,-0.72969115,-24.232588,0.46557900954599996,1.0,endothelial cell_vs_microglial cell,endothelial cell,microglial cell
Fgd6,-0.72969115,-23.795876,0.46557900954599996,1.0,endothelial cell_vs_microglial cell,endothelial cell,microglial cell
Zfp521,-0.72969115,-23.940672,0.46557900954599996,1.0,endothelial cell_vs_microglial cell,endothelial cell,microglial cell
Pdgfrl,-0.72969115,-24.212187,0.46557900954599996,1.0,endothelial cell_vs_microglial cell,endothelial cell,microglial cell
Sorbs1,-0.72969115,-24.57963,0.46557900954599996,1.0,endothelial cell_vs_microglial cell,endothelial cell,microglial cell
Foxd1,-0.72969115,-24.117449,0.46557900954599996,1.0,endothelial cell_vs_microglial cell,endothelial cell,microglial cell
Rev3l,-0.72969115,-23.73063,0.46557900954599996,1.0,endothelial cell_vs_microglial cell,endothelial cell,microglial cell
Rfx3,-0.72969115,-23.992214,0.46557900954599996,1.0,endothelial cell_vs_microglial cell,endothelial cell,microglial cell
Rsph1,-0.72969115,-24.031488,0.46557900954599996,1.0,endothelial cell_vs_microglial cell,endothelial cell,microglial cell
Mast2,-0.72969115,-23.888548,0.46557900954599996,1.0,endothelial cell_vs_microglial cell,endothelial cell,microglial cell
Ecm2,-0.72969115,-24.282784,0.46557900954599996,1.0,endothelial cell_vs_microglial cell,endothelial cell,microglial cell
Sema5a,-0.72969115,-24.633612,0.46557900954599996,1.0,endothelial cell_vs_microglial cell,endothelial cell,microglial cell
Frmpd4,-0.72969115,-23.584642,0.46557900954599996,1.0,endothelial cell_vs_microglial cell,endothelial cell,microglial cell
Cyp1b1,-0.72969115,-24.698582,0.46557900954599996,1.0,endothelial cell_vs_microglial cell,endothelial cell,microglial cell
Zfhx4,-0.73397744,-2.0635324,0.4629625007775202,1.0,endothelial cell_vs_microglial cell,endothelial cell,microglial cell
Phf21a,-0.744387,-0.5391984,0.4566423824469328,1.0,endothelial cell_vs_microglial cell,endothelial cell,microglial cell
Tcf7l2,-0.75275546,-0.20353638,0.45159686180786274,1.0,endothelial cell_vs_microglial cell,endothelial cell,microglial cell
Exosc3,-0.75336784,-0.48410073,0.4512289195002054,1.0,endothelial cell_vs_microglial cell,endothelial cell,microglial cell
Dusp18,-0.75887877,-2.108704,0.4479250821540529,1.0,endothelial cell_vs_microglial cell,endothelial cell,microglial cell
Mpp7,-0.76091987,-3.4960482,0.44670493550968593,1.0,endothelial cell_vs_microglial cell,endothelial cell,microglial cell
Kctd12b,-0.7613281,-1.2565807,0.4464611333383248,1.0,endothelial cell_vs_microglial cell,endothelial cell,microglial cell
Ptk7,-0.7621445,-3.5320733,0.44597375629003155,1.0,endothelial cell_vs_microglial cell,endothelial cell,microglial cell
Slc6a1,-0.7641856,-1.6372203,0.44475664034751905,1.0,endothelial cell_vs_microglial cell,endothelial cell,microglial cell
Rnf115,-0.7688801,-0.1374471,0.44196447603885314,1.0,endothelial cell_vs_microglial cell,endothelial cell,microglial cell
Sox4,-0.7811267,-0.04752241,0.4347279848991059,1.0,endothelial cell_vs_microglial cell,endothelial cell,microglial cell
Gpc3,-0.7858212,-24.638489,0.43197224034437953,1.0,endothelial cell_vs_microglial cell,endothelial cell,microglial cell
Slc6a12,-0.7858212,-24.624062,0.43197224034437953,1.0,endothelial cell_vs_microglial cell,endothelial cell,microglial cell
Sema3g,-0.7858212,-24.126394,0.43197224034437953,1.0,endothelial cell_vs_microglial cell,endothelial cell,microglial cell
Arhgap6,-0.7858212,-24.621902,0.43197224034437953,1.0,endothelial cell_vs_microglial cell,endothelial cell,microglial cell
Mapk4,-0.7858212,-23.905836,0.43197224034437953,1.0,endothelial cell_vs_microglial cell,endothelial cell,microglial cell
Fzd2,-0.7858212,-24.335375,0.43197224034437953,1.0,endothelial cell_vs_microglial cell,endothelial cell,microglial cell
1110017D15Rik,-0.7858212,-24.209211,0.43197224034437953,1.0,endothelial cell_vs_microglial cell,endothelial cell,microglial cell
Enpep,-0.7858212,-24.440504,0.43197224034437953,1.0,endothelial cell_vs_microglial cell,endothelial cell,microglial cell
Cdk8,-0.7858212,-23.941647,0.43197224034437953,1.0,endothelial cell_vs_microglial cell,endothelial cell,microglial cell
Morn2,-0.78622943,-0.6209005,0.43173308960239687,1.0,endothelial cell_vs_microglial cell,endothelial cell,microglial cell
Tmem2,-0.79378146,-2.4991028,0.4273226594326818,1.0,endothelial cell_vs_microglial cell,endothelial cell,microglial cell
Oxnad1,-0.79725134,-1.5558344,0.4253050779659151,1.0,endothelial cell_vs_microglial cell,endothelial cell,microglial cell
Pde10a,-0.8156212,-2.9813373,0.41471683162086936,1.0,endothelial cell_vs_microglial cell,endothelial cell,microglial cell
Ccdc80,-0.8158253,-1.5699271,0.4146000667110822,1.0,endothelial cell_vs_microglial cell,endothelial cell,microglial cell
Kit,-0.81684583,-3.1086235,0.41401653382156367,1.0,endothelial cell_vs_microglial cell,endothelial cell,microglial cell
Pcbp3,-0.81725407,-3.4898314,0.4137832568037523,1.0,endothelial cell_vs_microglial cell,endothelial cell,microglial cell
Ipmk,-0.81929517,-1.6533897,0.41261803916022044,1.0,endothelial cell_vs_microglial cell,endothelial cell,microglial cell
Hey2,-0.8201116,-4.010697,0.4121524971501115,1.0,endothelial cell_vs_microglial cell,endothelial cell,microglial cell
Metrn,-0.83072525,-1.2672924,0.40612884379995917,1.0,endothelial cell_vs_microglial cell,endothelial cell,microglial cell
Loxl1,-0.8419513,-24.551737,0.399815217144477,1.0,endothelial cell_vs_microglial cell,endothelial cell,microglial cell
Slc7a10,-0.8419513,-24.204302,0.399815217144477,1.0,endothelial cell_vs_microglial cell,endothelial cell,microglial cell
Amot,-0.8419513,-23.873787,0.399815217144477,1.0,endothelial cell_vs_microglial cell,endothelial cell,microglial cell
Ret,-0.8419513,-24.389463,0.399815217144477,1.0,endothelial cell_vs_microglial cell,endothelial cell,microglial cell
Itih2,-0.8419513,-24.49164,0.399815217144477,1.0,endothelial cell_vs_microglial cell,endothelial cell,microglial cell
Cnn1,-0.8419513,-25.30284,0.399815217144477,1.0,endothelial cell_vs_microglial cell,endothelial cell,microglial cell
Mog,-0.852565,-0.8539121,0.3939005883843605,1.0,endothelial cell_vs_microglial cell,endothelial cell,microglial cell
Orc6,-0.8527691,-3.0485623,0.39378736709061957,1.0,endothelial cell_vs_microglial cell,endothelial cell,microglial cell
Sh3pxd2b,-0.87236357,-3.1207352,0.3830100542365914,1.0,endothelial cell_vs_microglial cell,endothelial cell,microglial cell
Rnd3,-0.8727718,-3.169544,0.38278746573695255,1.0,endothelial cell_vs_microglial cell,endothelial cell,microglial cell
Fbxl17,-0.87358826,-1.4072275,0.38234252661685675,1.0,endothelial cell_vs_microglial cell,endothelial cell,microglial cell
Il33,-0.87522113,-3.9456205,0.3814536001393678,1.0,endothelial cell_vs_microglial cell,endothelial cell,microglial cell
Ugt8a,-0.87603754,-1.7239579,0.3810096129214664,1.0,endothelial cell_vs_microglial cell,endothelial cell,microglial cell
Kif13a,-0.87767047,-1.9591459,0.3801225908725345,1.0,endothelial cell_vs_microglial cell,endothelial cell,microglial cell
Ntn1,-0.89808136,-24.304827,0.3691421651142025,1.0,endothelial cell_vs_microglial cell,endothelial cell,microglial cell
Exoc3l,-0.89808136,-24.295885,0.3691421651142025,1.0,endothelial cell_vs_microglial cell,endothelial cell,microglial cell
Bmp5,-0.89808136,-24.616837,0.3691421651142025,1.0,endothelial cell_vs_microglial cell,endothelial cell,microglial cell
Grk5,-0.89808136,-24.480705,0.3691421651142025,1.0,endothelial cell_vs_microglial cell,endothelial cell,microglial cell
Sh3rf1,-0.89808136,-23.959518,0.3691421651142025,1.0,endothelial cell_vs_microglial cell,endothelial cell,microglial cell
Antxr2,-0.89808136,-24.162209,0.3691421651142025,1.0,endothelial cell_vs_microglial cell,endothelial cell,microglial cell
Nfasc,-0.8999184,-2.1757793,0.36816369625688006,1.0,endothelial cell_vs_microglial cell,endothelial cell,microglial cell
Tmem72,-0.9080827,-3.2559032,0.36383450840207043,1.0,endothelial cell_vs_microglial cell,endothelial cell,microglial cell
Pde4d,-0.92869776,-3.3336112,0.3530457260896154,1.0,endothelial cell_vs_microglial cell,endothelial cell,microglial cell
Cspg5,-0.93441284,-2.1622903,0.35009096976262444,1.0,endothelial cell_vs_microglial cell,endothelial cell,microglial cell
Tppp3,-0.9380868,-2.359687,0.34819979288183445,1.0,endothelial cell_vs_microglial cell,endothelial cell,microglial cell
Tbc1d4,-0.9542115,-24.485294,0.3399766117746663,0.9999312111019597,endothelial cell_vs_microglial cell,endothelial cell,microglial cell
Olfr558,-0.9542115,-25.231281,0.3399766117746663,0.9999312111019597,endothelial cell_vs_microglial cell,endothelial cell,microglial cell
Kcne4,-0.9542115,-24.711355,0.3399766117746663,0.9999312111019597,endothelial cell_vs_microglial cell,endothelial cell,microglial cell
Gxylt2,-0.9542115,-24.43841,0.3399766117746663,0.9999312111019597,endothelial cell_vs_microglial cell,endothelial cell,microglial cell
Ankib1,-0.9603348,-1.408445,0.33688676696802666,0.9967064111480078,endothelial cell_vs_microglial cell,endothelial cell,microglial cell
Chst11,-0.96707034,-1.2210035,0.3335088621664378,0.988174406419075,endothelial cell_vs_microglial cell,endothelial cell,microglial cell
Smc4,-0.9764594,-0.53626615,0.3288368622807547,0.9757770394087676,endothelial cell_vs_microglial cell,endothelial cell,microglial cell
Lrig1,-0.98421556,-3.4414456,0.32500954235562196,0.9658530233450875,endothelial cell_vs_microglial cell,endothelial cell,microglial cell
Ntrk3,-0.9846238,-3.295932,0.3248089106447952,0.9658530233450875,endothelial cell_vs_microglial cell,endothelial cell,microglial cell
Tmtc2,-0.98503196,-1.9366918,0.32460835956006207,0.9658530233450875,endothelial cell_vs_microglial cell,endothelial cell,microglial cell
Pmaip1,-1.00381,-0.35668457,0.3154701785884575,0.9417020256371865,endothelial cell_vs_microglial cell,endothelial cell,microglial cell
Sbf2,-1.0103415,-0.5492656,0.3123316797528226,0.9337269947767491,endothelial cell_vs_microglial cell,endothelial cell,microglial cell
Clmn,-1.0103415,-24.05816,0.3123316797528226,0.9337269947767491,endothelial cell_vs_microglial cell,endothelial cell,microglial cell
Casq2,-1.0103415,-25.375254,0.3123316797528226,0.9337269947767491,endothelial cell_vs_microglial cell,endothelial cell,microglial cell
Sned1,-1.0103415,-24.619835,0.3123316797528226,0.9337269947767491,endothelial cell_vs_microglial cell,endothelial cell,microglial cell
Fbln5,-1.0103415,-24.83272,0.3123316797528226,0.9337269947767491,endothelial cell_vs_microglial cell,endothelial cell,microglial cell
Fas,-1.0103415,-24.406132,0.3123316797528226,0.9337269947767491,endothelial cell_vs_microglial cell,endothelial cell,microglial cell
F3,-1.0103415,-25.09061,0.3123316797528226,0.9337269947767491,endothelial cell_vs_microglial cell,endothelial cell,microglial cell
Col4a6,-1.0103415,-24.98495,0.3123316797528226,0.9337269947767491,endothelial cell_vs_microglial cell,endothelial cell,microglial cell
Col23a1,-1.0103415,-24.680601,0.3123316797528226,0.9337269947767491,endothelial cell_vs_microglial cell,endothelial cell,microglial cell
Nexn,-1.0103415,-25.402441,0.3123316797528226,0.9337269947767491,endothelial cell_vs_microglial cell,endothelial cell,microglial cell
Abcc9,-1.0103415,-25.425327,0.3123316797528226,0.9337269947767491,endothelial cell_vs_microglial cell,endothelial cell,microglial cell
Ntn4,-1.0103415,-25.141714,0.3123316797528226,0.9337269947767491,endothelial cell_vs_microglial cell,endothelial cell,microglial cell
Ddr2,-1.0103415,-24.621109,0.3123316797528226,0.9337269947767491,endothelial cell_vs_microglial cell,endothelial cell,microglial cell
Ifi203,-1.0103415,-24.735003,0.3123316797528226,0.9337269947767491,endothelial cell_vs_microglial cell,endothelial cell,microglial cell
Prlr,-1.0103415,-25.6444,0.3123316797528226,0.9337269947767491,endothelial cell_vs_microglial cell,endothelial cell,microglial cell
Tcf7l1,-1.0103415,-24.184036,0.3123316797528226,0.9337269947767491,endothelial cell_vs_microglial cell,endothelial cell,microglial cell
Mrc2,-1.0158525,-2.6932304,0.3096996281503569,0.9337269947767491,endothelial cell_vs_microglial cell,endothelial cell,microglial cell
Stag1,-1.0266703,-0.72063833,0.304575736650025,0.9337269947767491,endothelial cell_vs_microglial cell,endothelial cell,microglial cell
Npepl1,-1.0299361,-0.29961142,0.3030400239885003,0.9309985375990791,endothelial cell_vs_microglial cell,endothelial cell,microglial cell
Ctsw,-1.0393251,-3.0101645,0.29865357084452726,0.918934064137007,endothelial cell_vs_microglial cell,endothelial cell,microglial cell
Acaca,-1.0405498,-3.4965825,0.29808456576921205,0.9185965046817012,endothelial cell_vs_microglial cell,endothelial cell,microglial cell
Cnksr3,-1.0417744,-3.9160476,0.29751628532423724,0.9182601398896211,endothelial cell_vs_microglial cell,endothelial cell,microglial cell
Igf1,-1.0417744,-3.7535849,0.29751628532423724,0.9182601398896211,endothelial cell_vs_microglial cell,endothelial cell,microglial cell
Nrp2,-1.0421826,-0.9321423,0.29732701952589335,0.9182601398896211,endothelial cell_vs_microglial cell,endothelial cell,microglial cell
Farp1,-1.0450401,-2.0728903,0.29600441289035473,0.917843140745286,endothelial cell_vs_microglial cell,endothelial cell,microglial cell
Pik3r3,-1.0656552,-1.2151086,0.2865795358472687,0.8899985585318904,endothelial cell_vs_microglial cell,endothelial cell,microglial cell
Htr2c,-1.0664717,-25.462135,0.2862104927058986,0.8899985585318904,endothelial cell_vs_microglial cell,endothelial cell,microglial cell
Fam180a,-1.0664717,-25.465631,0.2862104927058986,0.8899985585318904,endothelial cell_vs_microglial cell,endothelial cell,microglial cell
Slit2,-1.0664717,-24.7136,0.2862104927058986,0.8899985585318904,endothelial cell_vs_microglial cell,endothelial cell,microglial cell
Phlpp1,-1.0664717,-24.706453,0.2862104927058986,0.8899985585318904,endothelial cell_vs_microglial cell,endothelial cell,microglial cell
Kcnj13,-1.0664717,-24.957195,0.2862104927058986,0.8899985585318904,endothelial cell_vs_microglial cell,endothelial cell,microglial cell
Gpc6,-1.0664717,-24.832838,0.2862104927058986,0.8899985585318904,endothelial cell_vs_microglial cell,endothelial cell,microglial cell
Il17rd,-1.0664717,-24.215528,0.2862104927058986,0.8899985585318904,endothelial cell_vs_microglial cell,endothelial cell,microglial cell
Csgalnact1,-1.0664717,-24.61519,0.2862104927058986,0.8899985585318904,endothelial cell_vs_microglial cell,endothelial cell,microglial cell
Nhsl1,-1.0664717,-24.623127,0.2862104927058986,0.8899985585318904,endothelial cell_vs_microglial cell,endothelial cell,microglial cell
Samd9l,-1.0664717,-24.443745,0.2862104927058986,0.8899985585318904,endothelial cell_vs_microglial cell,endothelial cell,microglial cell
Cachd1,-1.0664717,-24.451748,0.2862104927058986,0.8899985585318904,endothelial cell_vs_microglial cell,endothelial cell,microglial cell
Fbln2,-1.0664717,-24.967045,0.2862104927058986,0.8899985585318904,endothelial cell_vs_microglial cell,endothelial cell,microglial cell
Slfn5,-1.0695332,-2.5795217,0.28482944123459164,0.8899985585318904,endothelial cell_vs_microglial cell,endothelial cell,microglial cell
R3hdm1,-1.0717785,-0.34087637,0.2838195397253954,0.8899985585318904,endothelial cell_vs_microglial cell,endothelial cell,microglial cell
Dbndd2,-1.0742278,-1.7350491,0.2827205972471305,0.8899985585318904,endothelial cell_vs_microglial cell,endothelial cell,microglial cell
Abca1,-1.0762689,-0.22308573,0.2818070177337154,0.8899985585318904,endothelial cell_vs_microglial cell,endothelial cell,microglial cell
0610030E20Rik,-1.084025,-0.9396698,0.278353693352956,0.8893089244503387,endothelial cell_vs_microglial cell,endothelial cell,microglial cell
Mrps9,-1.0901483,-0.9194161,0.2756478099334262,0.8820729917869639,endothelial cell_vs_microglial cell,endothelial cell,microglial cell
Igfbp4,-1.0934141,-0.43100974,0.274212034287315,0.8788847252798557,endothelial cell_vs_microglial cell,endothelial cell,microglial cell
Anks1,-1.0936182,-1.3490976,0.2741224682656116,0.8788847252798557,endothelial cell_vs_microglial cell,endothelial cell,microglial cell
Mmp14,-1.0944346,-1.840205,0.273764404076422,0.8788847252798557,endothelial cell_vs_microglial cell,endothelial cell,microglial cell
Plxnb1,-1.0952511,-3.2305183,0.2734066596881326,0.8788847252798557,endothelial cell_vs_microglial cell,endothelial cell,microglial cell
Chst2,-1.0964757,-3.4988863,0.2728706426286428,0.8788847252798557,endothelial cell_vs_microglial cell,endothelial cell,microglial cell
Jarid2,-1.1201524,-1.2887361,0.2626488190146734,0.8486230016629189,endothelial cell_vs_microglial cell,endothelial cell,microglial cell
Fars2,-1.1215812,-0.68229693,0.2620405581893601,0.8486230016629189,endothelial cell_vs_microglial cell,endothelial cell,microglial cell
Tmem45a,-1.1226017,-25.26524,0.2616066824817096,0.8486230016629189,endothelial cell_vs_microglial cell,endothelial cell,microglial cell
Kcnmb1,-1.1226017,-25.32069,0.2616066824817096,0.8486230016629189,endothelial cell_vs_microglial cell,endothelial cell,microglial cell
Art3,-1.1226017,-25.749468,0.2616066824817096,0.8486230016629189,endothelial cell_vs_microglial cell,endothelial cell,microglial cell
Tbc1d24,-1.1291332,-1.7319534,0.25884163693471274,0.8472721339925131,endothelial cell_vs_microglial cell,endothelial cell,microglial cell
Rbms3,-1.1503606,-3.146337,0.24999537921425496,0.8196569810303441,endothelial cell_vs_microglial cell,endothelial cell,microglial cell
Fam107a,-1.1524017,-3.681403,0.2491560435808381,0.8182464485413402,endothelial cell_vs_microglial cell,endothelial cell,microglial cell
Cd2ap,-1.1524017,-0.31203258,0.2491560435808381,0.8182464485413402,endothelial cell_vs_microglial cell,endothelial cell,microglial cell
Trpm3,-1.1536263,-3.8570318,0.2486533888012027,0.8182464485413402,endothelial cell_vs_microglial cell,endothelial cell,microglial cell
Frmd4b,-1.1722003,-0.088346995,0.24111664390513632,0.7957645013370835,endothelial cell_vs_microglial cell,endothelial cell,microglial cell
Otx2,-1.1787318,-24.963995,0.2385049843436664,0.7884462292352609,endothelial cell_vs_microglial cell,endothelial cell,microglial cell
Fgfbp1,-1.1787318,-25.632053,0.2385049843436664,0.7884462292352609,endothelial cell_vs_microglial cell,endothelial cell,microglial cell
Folr1,-1.1787318,-25.98621,0.2385049843436664,0.7884462292352609,endothelial cell_vs_microglial cell,endothelial cell,microglial cell
Atrnl1,-1.1787318,-24.938602,0.2385049843436664,0.7884462292352609,endothelial cell_vs_microglial cell,endothelial cell,microglial cell
Sostdc1,-1.1787318,-26.238544,0.2385049843436664,0.7884462292352609,endothelial cell_vs_microglial cell,endothelial cell,microglial cell
Chpt1,-1.180977,-0.80266845,0.2376118545361232,0.7884462292352609,endothelial cell_vs_microglial cell,endothelial cell,microglial cell
Map3k1,-1.1832222,-1.7605903,0.23672108975448192,0.7884462292352609,endothelial cell_vs_microglial cell,endothelial cell,microglial cell
Lrp5,-1.1942441,-1.2864921,0.232382486890356,0.7771989528105553,endothelial cell_vs_microglial cell,endothelial cell,microglial cell
Sdc4,-1.208736,-1.1293281,0.2267643272066412,0.7622330326273654,endothelial cell_vs_microglial cell,endothelial cell,microglial cell
Ddi2,-1.2269017,-0.7541284,0.21985956562260434,0.7402678977192065,endothelial cell_vs_microglial cell,endothelial cell,microglial cell
Calml4,-1.2348619,-25.726803,0.21688190620159908,0.7327091425729699,endothelial cell_vs_microglial cell,endothelial cell,microglial cell
8430408G22Rik,-1.2348619,-25.389145,0.21688190620159908,0.7327091425729699,endothelial cell_vs_microglial cell,endothelial cell,microglial cell
Slc52a3,-1.2348619,-24.735758,0.21688190620159908,0.7327091425729699,endothelial cell_vs_microglial cell,endothelial cell,microglial cell
Col13a1,-1.2348619,-25.339926,0.21688190620159908,0.7327091425729699,endothelial cell_vs_microglial cell,endothelial cell,microglial cell
Nr4a2,-1.2348619,-24.895927,0.21688190620159908,0.7327091425729699,endothelial cell_vs_microglial cell,endothelial cell,microglial cell
Ado,-1.2438427,-2.1477945,0.21355745741046228,0.7276233642605189,endothelial cell_vs_microglial cell,endothelial cell,microglial cell
Btbd3,-1.2460879,-1.5269532,0.21273212117019158,0.7260481951201079,endothelial cell_vs_microglial cell,endothelial cell,microglial cell
Prrx1,-1.2626208,-3.4357612,0.2067254976037668,0.706753837961596,endothelial cell_vs_microglial cell,endothelial cell,microglial cell
Zfp423,-1.2646619,-3.6504254,0.2059925638700526,0.7054539858563446,endothelial cell_vs_microglial cell,endothelial cell,microglial cell
Gprc5c,-1.266703,-4.099008,0.20526151961329797,0.7041561564778661,endothelial cell_vs_microglial cell,endothelial cell,microglial cell
Il2rg,-1.2701728,-2.3481293,0.2040230755318866,0.7011102251954866,endothelial cell_vs_microglial cell,endothelial cell,microglial cell
Gbp7,-1.2728262,-0.9094444,0.2030797053171226,0.6990695535873412,endothelial cell_vs_microglial cell,endothelial cell,microglial cell
Prdm5,-1.290992,-24.73867,0.19670645725193026,0.6794696278132306,endothelial cell_vs_microglial cell,endothelial cell,microglial cell
Lmod1,-1.290992,-25.453117,0.19670645725193026,0.6794696278132306,endothelial cell_vs_microglial cell,endothelial cell,microglial cell
Zic2,-1.290992,-24.522614,0.19670645725193026,0.6794696278132306,endothelial cell_vs_microglial cell,endothelial cell,microglial cell
Col5a2,-1.290992,-25.283028,0.19670645725193026,0.6794696278132306,endothelial cell_vs_microglial cell,endothelial cell,microglial cell
Adcy4,-1.290992,-24.97106,0.19670645725193026,0.6794696278132306,endothelial cell_vs_microglial cell,endothelial cell,microglial cell
Ltbp1,-1.290992,-25.608501,0.19670645725193026,0.6794696278132306,endothelial cell_vs_microglial cell,endothelial cell,microglial cell
Egflam,-1.290992,-25.194921,0.19670645725193026,0.6794696278132306,endothelial cell_vs_microglial cell,endothelial cell,microglial cell
Shroom4,-1.290992,-24.60192,0.19670645725193026,0.6794696278132306,endothelial cell_vs_microglial cell,endothelial cell,microglial cell
Igfbp5,-1.3042591,-4.3311434,0.19214525710003194,0.6730131597199017,endothelial cell_vs_microglial cell,endothelial cell,microglial cell
Vat1l,-1.3205879,-3.876387,0.18663882714570657,0.6560239969972111,endothelial cell_vs_microglial cell,endothelial cell,microglial cell
Fat1,-1.3218125,-3.9869063,0.18623059362796546,0.6557415268590333,endothelial cell_vs_microglial cell,endothelial cell,microglial cell
Pard3,-1.3246701,-4.44936,0.18528061579506516,0.6535471456616055,endothelial cell_vs_microglial cell,endothelial cell,microglial cell
Lars,-1.3332427,-1.0368403,0.1824521936450776,0.6447073980391435,endothelial cell_vs_microglial cell,endothelial cell,microglial cell
Zfp532,-1.3461015,-2.5079846,0.17826977760167717,0.6310434605369104,endothelial cell_vs_microglial cell,endothelial cell,microglial cell
Pgm5,-1.3471221,-24.799078,0.17794092123604577,0.6309961745959071,endothelial cell_vs_microglial cell,endothelial cell,microglial cell
Lamc3,-1.3471221,-25.412777,0.17794092123604577,0.6309961745959071,endothelial cell_vs_microglial cell,endothelial cell,microglial cell
Tubb4a,-1.3732481,-1.0325367,0.1696752392721086,0.6049028138043087,endothelial cell_vs_microglial cell,endothelial cell,microglial cell
Lgals3bp,-1.3748809,-1.1674289,0.16916835648187223,0.6041727017209721,endothelial cell_vs_microglial cell,endothelial cell,microglial cell
Fndc3b,-1.3859029,-1.8564962,0.16577656839249266,0.5931183126743923,endothelial cell_vs_microglial cell,endothelial cell,microglial cell
Kcnj8,-1.4032521,-26.277658,0.160541659657773,0.5754181349740968,endothelial cell_vs_microglial cell,endothelial cell,microglial cell
Dach1,-1.4032521,-25.03737,0.160541659657773,0.5754181349740968,endothelial cell_vs_microglial cell,endothelial cell,microglial cell
Slc16a12,-1.4032521,-25.170782,0.160541659657773,0.5754181349740968,endothelial cell_vs_microglial cell,endothelial cell,microglial cell
Lama1,-1.4032521,-25.490704,0.160541659657773,0.5754181349740968,endothelial cell_vs_microglial cell,endothelial cell,microglial cell
Ctgf,-1.4032521,-25.730871,0.160541659657773,0.5754181349740968,endothelial cell_vs_microglial cell,endothelial cell,microglial cell
Slc7a2,-1.4032521,-25.410433,0.160541659657773,0.5754181349740968,endothelial cell_vs_microglial cell,endothelial cell,microglial cell
Bmp4,-1.4316233,-3.6935136,0.15225163959377994,0.5526375302859525,endothelial cell_vs_microglial cell,endothelial cell,microglial cell
Sema6d,-1.4340727,-2.398757,0.15155152433054503,0.5510964521110728,endothelial cell_vs_microglial cell,endothelial cell,microglial cell
Ttr,-1.4397877,-7.0350595,0.14992746095839934,0.5461838286280486,endothelial cell_vs_microglial cell,endothelial cell,microglial cell
Nnat,-1.453259,-2.8219428,0.14615186735420937,0.5334009757452897,endothelial cell_vs_microglial cell,endothelial cell,microglial cell
Dock1,-1.4591781,-2.5874112,0.1445160857209311,0.5283951945920699,endothelial cell_vs_microglial cell,endothelial cell,microglial cell
Ogn,-1.4593823,-25.434465,0.14445993073560898,0.5283951945920699,endothelial cell_vs_microglial cell,endothelial cell,microglial cell
Adcy5,-1.4593823,-25.69222,0.14445993073560898,0.5283951945920699,endothelial cell_vs_microglial cell,endothelial cell,microglial cell
Atp13a5,-1.4593823,-25.719013,0.14445993073560898,0.5283951945920699,endothelial cell_vs_microglial cell,endothelial cell,microglial cell
Ptch1,-1.4593823,-24.761024,0.14445993073560898,0.5283951945920699,endothelial cell_vs_microglial cell,endothelial cell,microglial cell
1500015O10Rik,-1.4593823,-26.837238,0.14445993073560898,0.5283951945920699,endothelial cell_vs_microglial cell,endothelial cell,microglial cell
Akap2,-1.4593823,-25.261517,0.14445993073560898,0.5283951945920699,endothelial cell_vs_microglial cell,endothelial cell,microglial cell
Heyl,-1.4936726,-4.6768675,0.1352612076628394,0.501896874444673,endothelial cell_vs_microglial cell,endothelial cell,microglial cell
Lama2,-1.4940808,-4.5587378,0.13515449091174506,0.501896874444673,endothelial cell_vs_microglial cell,endothelial cell,microglial cell
Mfap4,-1.5155123,-26.161709,0.12964271057197704,0.4837414573581233,endothelial cell_vs_microglial cell,endothelial cell,microglial cell
Aldh1a2,-1.5155123,-25.484486,0.12964271057197704,0.4837414573581233,endothelial cell_vs_microglial cell,endothelial cell,microglial cell
Srgap1,-1.5155123,-25.035835,0.12964271057197704,0.4837414573581233,endothelial cell_vs_microglial cell,endothelial cell,microglial cell
Tspan2,-1.5165329,-1.5578209,0.1293846638922243,0.4837414573581233,endothelial cell_vs_microglial cell,endothelial cell,microglial cell
Vcam1,-1.5273507,-2.4000118,0.12667383496868104,0.47801447157992843,endothelial cell_vs_microglial cell,endothelial cell,microglial cell
Gle1,-1.5385767,-1.1484259,0.12390767251803364,0.4684600095199759,endothelial cell_vs_microglial cell,endothelial cell,microglial cell
Pnpla8,-1.5398014,-0.7620376,0.12360878331987835,0.4682150883328725,endothelial cell_vs_microglial cell,endothelial cell,microglial cell
Hmgb2,-1.5412301,-0.45582932,0.12326079089854272,0.4677828876605037,endothelial cell_vs_microglial cell,endothelial cell,microglial cell
Polk,-1.5430671,-3.8507924,0.12281449668600385,0.4669752725703568,endothelial cell_vs_microglial cell,endothelial cell,microglial cell
Atp11c,-1.5483739,-4.758799,0.12153229108652445,0.46298015652009317,endothelial cell_vs_microglial cell,endothelial cell,microglial cell
Ptges,-1.5716424,-24.957012,0.11603350396427116,0.4428759693292792,endothelial cell_vs_microglial cell,endothelial cell,microglial cell
Bmp7,-1.5716424,-25.539728,0.11603350396427116,0.4428759693292792,endothelial cell_vs_microglial cell,endothelial cell,microglial cell
Kank1,-1.5716424,-25.310984,0.11603350396427116,0.4428759693292792,endothelial cell_vs_microglial cell,endothelial cell,microglial cell
Ghr,-1.5716424,-25.221064,0.11603350396427116,0.4428759693292792,endothelial cell_vs_microglial cell,endothelial cell,microglial cell
Clec3b,-1.5716424,-26.349709,0.11603350396427116,0.4428759693292792,endothelial cell_vs_microglial cell,endothelial cell,microglial cell
Slc22a6,-1.5716424,-25.866375,0.11603350396427116,0.4428759693292792,endothelial cell_vs_microglial cell,endothelial cell,microglial cell
Gdap10,-1.5716424,-24.976067,0.11603350396427116,0.4428759693292792,endothelial cell_vs_microglial cell,endothelial cell,microglial cell
Ralgapb,-1.5965438,-2.1651788,0.11036744335814877,0.4269533592191442,endothelial cell_vs_microglial cell,endothelial cell,microglial cell
Rassf9,-1.5977684,-3.5800614,0.11009452557978067,0.42672296736349097,endothelial cell_vs_microglial cell,endothelial cell,microglial cell
Gm13889,-1.6161382,-1.8835303,0.10606442267095775,0.4119006705668262,endothelial cell_vs_microglial cell,endothelial cell,microglial cell
Ano1,-1.6277725,-25.922413,0.10357313342087095,0.403793892479029,endothelial cell_vs_microglial cell,endothelial cell,microglial cell
Slc13a4,-1.6277725,-25.708927,0.10357313342087095,0.403793892479029,endothelial cell_vs_microglial cell,endothelial cell,microglial cell
Cops2,-1.6308341,-0.9301523,0.1029253211269437,0.4028388302424411,endothelial cell_vs_microglial cell,endothelial cell,microglial cell
Bcar3,-1.6365492,-3.61977,0.10172469636768071,0.39892037791247337,endothelial cell_vs_microglial cell,endothelial cell,microglial cell
Wsb2,-1.6406314,-1.9571372,0.10087395416104858,0.39636131301001404,endothelial cell_vs_microglial cell,endothelial cell,microglial cell
Col15a1,-1.6479794,-3.1912308,0.09935691240823988,0.39116894648913336,endothelial cell_vs_microglial cell,endothelial cell,microglial cell
Aebp1,-1.6610423,-4.8092027,0.09670494468102885,0.38147907172003487,endothelial cell_vs_microglial cell,endothelial cell,microglial cell
Clu,-1.6798204,-2.8444695,0.09299226493133617,0.3675583594123959,endothelial cell_vs_microglial cell,endothelial cell,microglial cell
Ptpn14,-1.6839026,-25.403284,0.09220049623738519,0.3651504801480601,endothelial cell_vs_microglial cell,endothelial cell,microglial cell
Col18a1,-1.6839026,-25.755093,0.09220049623738519,0.3651504801480601,endothelial cell_vs_microglial cell,endothelial cell,microglial cell
Tgm2,-1.7096204,-0.9704159,0.08733609592613775,0.3480123302186329,endothelial cell_vs_microglial cell,endothelial cell,microglial cell
Pdgfd,-1.7116615,-3.7872062,0.08695907373655276,0.3480123302186329,endothelial cell_vs_microglial cell,endothelial cell,microglial cell
Edn1,-1.7204381,-1.0745116,0.08535282355445162,0.3427824239134603,endothelial cell_vs_microglial cell,endothelial cell,microglial cell
Acadvl,-1.7314601,-0.6951554,0.08336973919918227,0.3354919082462063,endothelial cell_vs_microglial cell,endothelial cell,microglial cell
Tmem47,-1.7400327,-25.423529,0.0818532808909419,0.33005355197960445,endothelial cell_vs_microglial cell,endothelial cell,microglial cell
Lum,-1.7400327,-26.393005,0.0818532808909419,0.33005355197960445,endothelial cell_vs_microglial cell,endothelial cell,microglial cell
Sh3d19,-1.7400327,-25.260956,0.0818532808909419,0.33005355197960445,endothelial cell_vs_microglial cell,endothelial cell,microglial cell
Cd248,-1.7400327,-25.955841,0.0818532808909419,0.33005355197960445,endothelial cell_vs_microglial cell,endothelial cell,microglial cell
S1pr3,-1.7400327,-25.858833,0.0818532808909419,0.33005355197960445,endothelial cell_vs_microglial cell,endothelial cell,microglial cell
Antxr1,-1.7400327,-25.271978,0.0818532808909419,0.33005355197960445,endothelial cell_vs_microglial cell,endothelial cell,microglial cell
Stard13,-1.7400327,-25.395187,0.0818532808909419,0.33005355197960445,endothelial cell_vs_microglial cell,endothelial cell,microglial cell
Fam13a,-1.7404408,-2.2338493,0.08178163040343063,0.33005355197960445,endothelial cell_vs_microglial cell,endothelial cell,microglial cell
Hmgn5,-1.7469724,-2.485102,0.08064212693128356,0.33005355197960445,endothelial cell_vs_microglial cell,endothelial cell,microglial cell
Cdkn1a,-1.7547286,-0.35900527,0.07930575000681016,0.32569096512037027,endothelial cell_vs_microglial cell,endothelial cell,microglial cell
Gbp3,-1.7773846,-3.0209217,0.0755049672406637,0.31136068965222147,endothelial cell_vs_microglial cell,endothelial cell,microglial cell
Fut8,-1.7951422,-3.127865,0.07263104464832758,0.3001282836707751,endothelial cell_vs_microglial cell,endothelial cell,microglial cell
Pde3a,-1.7961627,-26.11746,0.07246863548066526,0.30007716555140895,endothelial cell_vs_microglial cell,endothelial cell,microglial cell
Erc1,-1.7971833,-3.2168155,0.07230652374742348,0.30002706949138375,endothelial cell_vs_microglial cell,endothelial cell,microglial cell
Wtip,-1.809838,-4.3137403,0.07032089917340215,0.29300374655584227,endothelial cell_vs_microglial cell,endothelial cell,microglial cell
Gja1,-1.8316778,-3.1553023,0.06699943860856002,0.27974713406496876,endothelial cell_vs_microglial cell,endothelial cell,microglial cell
Col4a5,-1.8522929,-25.934978,0.06398378243953308,0.26827581735653283,endothelial cell_vs_microglial cell,endothelial cell,microglial cell
Vwf,-1.8522929,-25.630114,0.06398378243953308,0.26827581735653283,endothelial cell_vs_microglial cell,endothelial cell,microglial cell
Cspg4,-1.8522929,-26.103859,0.06398378243953308,0.26827581735653283,endothelial cell_vs_microglial cell,endothelial cell,microglial cell
Mcc,-1.8773983,-3.218592,0.06046352393217971,0.2567453245527801,endothelial cell_vs_microglial cell,endothelial cell,microglial cell
Ezr,-1.8863791,-5.050364,0.05924388466531985,0.2521016368737015,endothelial cell_vs_microglial cell,endothelial cell,microglial cell
Fxyd6,-1.9137298,-2.806418,0.055654692270027846,0.23733344251611024,endothelial cell_vs_microglial cell,endothelial cell,microglial cell
Filip1l,-1.9267927,-3.032479,0.05400545978616217,0.2307925631887272,endothelial cell_vs_microglial cell,endothelial cell,microglial cell
Sod3,-1.934549,-4.1864724,0.053045671417704575,0.22717632298802815,endothelial cell_vs_microglial cell,endothelial cell,microglial cell
Trps1,-1.9349571,-3.949763,0.05299555356328914,0.22717632298802815,endothelial cell_vs_microglial cell,endothelial cell,microglial cell
Gmds,-1.9382229,-2.2442362,0.0525960333876634,0.226219498441563,endothelial cell_vs_microglial cell,endothelial cell,microglial cell
Specc1l,-1.9635324,-3.1128035,0.0495843352323957,0.21372558289825733,endothelial cell_vs_microglial cell,endothelial cell,microglial cell
C1qtnf2,-1.964553,-26.175274,0.04946599416246867,0.2136760007018085,endothelial cell_vs_microglial cell,endothelial cell,microglial cell
Sp100,-1.9694517,-2.6115298,0.04890125023244285,0.21169372394996905,endothelial cell_vs_microglial cell,endothelial cell,microglial cell
Pde4b,-1.9904749,-2.8091047,0.04653864484527962,0.2023419341099114,endothelial cell_vs_microglial cell,endothelial cell,microglial cell
Svil,-1.9937407,-2.1749768,0.04618040306741372,0.2016110897812313,endothelial cell_vs_microglial cell,endothelial cell,microglial cell
Rpl27,-2.003538,-0.29771855,0.04511958221403233,0.19745987839839094,endothelial cell_vs_microglial cell,endothelial cell,microglial cell
Rai14,-2.020683,-25.397657,0.04331257988411874,0.18996745563209974,endothelial cell_vs_microglial cell,endothelial cell,microglial cell
Clec14a,-2.0468092,-4.16357,0.04067683098697877,0.17879925708562094,endothelial cell_vs_microglial cell,endothelial cell,microglial cell
Tril,-2.0488503,-2.9042528,0.04047676499095231,0.17831174004824807,endothelial cell_vs_microglial cell,endothelial cell,microglial cell
Islr,-2.0570145,-5.384897,0.03968482353037143,0.1752089339089246,endothelial cell_vs_microglial cell,endothelial cell,microglial cell
Cp,-2.0768132,-26.093578,0.03781880425759119,0.1673398418477486,endothelial cell_vs_microglial cell,endothelial cell,microglial cell
Cox4i2,-2.0768132,-26.58201,0.03781880425759119,0.1673398418477486,endothelial cell_vs_microglial cell,endothelial cell,microglial cell
Trim56,-2.0790584,-3.5167584,0.03761198356793956,0.1671643714130647,endothelial cell_vs_microglial cell,endothelial cell,microglial cell
Cldn11,-2.09702,-1.8626602,0.035991802965201346,0.16031983503430444,endothelial cell_vs_microglial cell,endothelial cell,microglial cell
Itga1,-2.1329434,-25.604843,0.03292937960207547,0.14733503177662402,endothelial cell_vs_microglial cell,endothelial cell,microglial cell
Aspn,-2.1329434,-26.573572,0.03292937960207547,0.14733503177662402,endothelial cell_vs_microglial cell,endothelial cell,microglial cell
Tead1,-2.1329434,-25.424196,0.03292937960207547,0.14733503177662402,endothelial cell_vs_microglial cell,endothelial cell,microglial cell
Pdgfra,-2.1668255,-5.176206,0.0302481669813344,0.13656057327916207,endothelial cell_vs_microglial cell,endothelial cell,microglial cell
Plekhg1,-2.1835625,-3.2919505,0.028994418296718123,0.13119646288107747,endothelial cell_vs_microglial cell,endothelial cell,microglial cell
Ptprk,-2.1890733,-25.882105,0.02859150818354587,0.12966670378025338,endothelial cell_vs_microglial cell,endothelial cell,microglial cell
Aak1,-2.216628,-2.2861705,0.026648513459323977,0.12112960663329081,endothelial cell_vs_microglial cell,endothelial cell,microglial cell
Mtss1,-2.2178528,-2.030096,0.026564871368155083,0.12102447092553568,endothelial cell_vs_microglial cell,endothelial cell,microglial cell
P2ry14,-2.2452035,-26.533432,0.024755074744160322,0.11355538873468038,endothelial cell_vs_microglial cell,endothelial cell,microglial cell
Bicc1,-2.2452035,-26.053879,0.024755074744160322,0.11355538873468038,endothelial cell_vs_microglial cell,endothelial cell,microglial cell
Msi2,-2.2458158,-3.576598,0.024715810258684637,0.11355538873468038,endothelial cell_vs_microglial cell,endothelial cell,microglial cell
AW112010,-2.2523472,-3.9021804,0.0243003345915115,0.11224173021483372,endothelial cell_vs_microglial cell,endothelial cell,microglial cell
Hbegf,-2.2525513,-0.9261947,0.02428744911531543,0.11224173021483372,endothelial cell_vs_microglial cell,endothelial cell,microglial cell
Slc7a11,-2.265002,-4.686094,0.023512552975993393,0.10910697436655867,endothelial cell_vs_microglial cell,endothelial cell,microglial cell
Pdlim2,-2.2654102,-1.0761431,0.023487514028714414,0.10910697436655867,endothelial cell_vs_microglial cell,endothelial cell,microglial cell
Syne2,-2.2770445,-5.123773,0.02278356738300075,0.10621709735664686,endothelial cell_vs_microglial cell,endothelial cell,microglial cell
S100a6,-2.2782693,-5.143265,0.022710545134188426,0.10612404268312349,endothelial cell_vs_microglial cell,endothelial cell,microglial cell
Mgst1,-2.2807186,-5.622383,0.0225651105441107,0.10569138428154895,endothelial cell_vs_microglial cell,endothelial cell,microglial cell
Gjb6,-2.285617,-6.3579583,0.02227666819465726,0.10458529668853173,endothelial cell_vs_microglial cell,endothelial cell,microglial cell
Hopx,-2.2892911,-3.7272718,0.022062445562695033,0.10382327323621192,endothelial cell_vs_microglial cell,endothelial cell,microglial cell
Ptprr,-2.2962308,-3.4022517,0.02166268831021105,0.10218249202929741,endothelial cell_vs_microglial cell,endothelial cell,microglial cell
Rora,-2.2994967,-2.283417,0.02147675897538436,0.10154495969448869,endothelial cell_vs_microglial cell,endothelial cell,microglial cell
Pde5a,-2.3013334,-26.100555,0.02137278555552484,0.10129282253803241,endothelial cell_vs_microglial cell,endothelial cell,microglial cell
Sncg,-2.3013334,-26.877989,0.02137278555552484,0.10129282253803241,endothelial cell_vs_microglial cell,endothelial cell,microglial cell
Plce1,-2.3272555,-4.5268207,0.019951674394650815,0.09523472264749792,endothelial cell_vs_microglial cell,endothelial cell,microglial cell
Lpp,-2.3517485,-2.9162438,0.018685400969956193,0.0894038323921349,endothelial cell_vs_microglial cell,endothelial cell,microglial cell
St6galnac3,-2.3574636,-25.760098,0.01840025803877405,0.08825063807565492,endothelial cell_vs_microglial cell,endothelial cell,microglial cell
Afap1l2,-2.3574636,-26.043016,0.01840025803877405,0.08825063807565492,endothelial cell_vs_microglial cell,endothelial cell,microglial cell
Hspb2,-2.3574636,-26.598585,0.01840025803877405,0.08825063807565492,endothelial cell_vs_microglial cell,endothelial cell,microglial cell
Sash1,-2.4115527,-2.789494,0.015884759745508542,0.07673796978506542,endothelial cell_vs_microglial cell,endothelial cell,microglial cell
Rcn2,-2.4129813,-0.7958978,0.01582262785948764,0.07662289520332997,endothelial cell_vs_microglial cell,endothelial cell,microglial cell
Crispld2,-2.4135938,-26.818651,0.015796065403969283,0.07662289520332997,endothelial cell_vs_microglial cell,endothelial cell,microglial cell
Nrd1,-2.4193087,-1.6664504,0.015550034392244576,0.07566926711554539,endothelial cell_vs_microglial cell,endothelial cell,microglial cell
Aldh1a1,-2.4509456,-3.5266745,0.01424814336593302,0.069673072694049,endothelial cell_vs_microglial cell,endothelial cell,microglial cell
Pln,-2.4697237,-27.15786,0.013521741031081037,0.06628304427000509,endothelial cell_vs_microglial cell,endothelial cell,microglial cell
Colec12,-2.4697237,-26.43844,0.013521741031081037,0.06628304427000509,endothelial cell_vs_microglial cell,endothelial cell,microglial cell
Plcb4,-2.5258539,-25.832592,0.011541747454956206,0.05727914369705313,endothelial cell_vs_microglial cell,endothelial cell,microglial cell
Slc38a11,-2.5258539,-26.887024,0.011541747454956206,0.05727914369705313,endothelial cell_vs_microglial cell,endothelial cell,microglial cell
Fmod,-2.5258539,-26.537678,0.011541747454956206,0.05727914369705313,endothelial cell_vs_microglial cell,endothelial cell,microglial cell
Qdpr,-2.5301402,-1.1419643,0.011401696423408459,0.05700848211704229,endothelial cell_vs_microglial cell,endothelial cell,microglial cell
Gimap5,-2.5403457,-1.9175884,0.011074296301603169,0.055510257150893076,endothelial cell_vs_microglial cell,endothelial cell,microglial cell
Rab18,-2.550347,-0.58515215,0.010761574507428316,0.054214481145734586,endothelial cell_vs_microglial cell,endothelial cell,microglial cell
Nfia,-2.5527964,-1.4052037,0.010686196629337097,0.05397069004715705,endothelial cell_vs_microglial cell,endothelial cell,microglial cell
Nxn,-2.581984,-25.765089,0.009823414839550853,0.04973880931418153,endothelial cell_vs_microglial cell,endothelial cell,microglial cell
Notch3,-2.581984,-26.813574,0.009823414839550853,0.04973880931418153,endothelial cell_vs_microglial cell,endothelial cell,microglial cell
Eln,-2.581984,-27.02894,0.009823414839550853,0.04973880931418153,endothelial cell_vs_microglial cell,endothelial cell,microglial cell
Auts2,-2.6072936,-4.4984193,0.009126108921184088,0.04668086404697743,endothelial cell_vs_microglial cell,endothelial cell,microglial cell
Enpp2,-2.6370935,-4.5923743,0.008361977810368803,0.042881937489070786,endothelial cell_vs_microglial cell,endothelial cell,microglial cell
Rnf152,-2.638114,-26.30462,0.008336853746295215,0.04286300126629931,endothelial cell_vs_microglial cell,endothelial cell,microglial cell
Slc6a20a,-2.6942441,-27.051691,0.007054846832697586,0.03636518985926591,endothelial cell_vs_microglial cell,endothelial cell,microglial cell
Pear1,-2.6942441,-26.29861,0.007054846832697586,0.03636518985926591,endothelial cell_vs_microglial cell,endothelial cell,microglial cell
Gjb2,-2.6942441,-27.120508,0.007054846832697586,0.03636518985926591,endothelial cell_vs_microglial cell,endothelial cell,microglial cell
Mdk,-2.7375154,-3.965719,0.006190523409990784,0.032158563168783294,endothelial cell_vs_microglial cell,endothelial cell,microglial cell
Rasd1,-2.7820113,-5.292352,0.0054023178421695305,0.028210537034827836,endothelial cell_vs_microglial cell,endothelial cell,microglial cell
Bccip,-2.785481,-1.1381576,0.005344836505735518,0.02798343720280376,endothelial cell_vs_microglial cell,endothelial cell,microglial cell
Pink1,-2.7979317,-1.0481273,0.005143098413869313,0.026997891936321856,endothelial cell_vs_microglial cell,endothelial cell,microglial cell
Tshz1,-2.805892,-3.8684607,0.0050177509592489586,0.026409215574994517,endothelial cell_vs_microglial cell,endothelial cell,microglial cell
Des,-2.8065042,-27.056858,0.005008224213672697,0.026409215574994517,endothelial cell_vs_microglial cell,endothelial cell,microglial cell
Sox9,-2.8065042,-26.261038,0.005008224213672697,0.026409215574994517,endothelial cell_vs_microglial cell,endothelial cell,microglial cell
Sarnp,-2.8203838,-0.5789983,0.004796624923529651,0.0254462860664703,endothelial cell_vs_microglial cell,endothelial cell,microglial cell
Clic5,-2.8626344,-26.155521,0.004201350362687276,0.02246711423896939,endothelial cell_vs_microglial cell,endothelial cell,microglial cell
Anxa1,-2.8626344,-26.329344,0.004201350362687276,0.02246711423896939,endothelial cell_vs_microglial cell,endothelial cell,microglial cell
Zeb1,-2.8799837,-2.095015,0.003976957340252705,0.021381491076627446,endothelial cell_vs_microglial cell,endothelial cell,microglial cell
Tspan12,-2.8926384,-5.146166,0.0038202073305285997,0.020594109598536924,endothelial cell_vs_microglial cell,endothelial cell,microglial cell
Meg3,-2.8957002,-0.9309621,0.003783137260612071,0.02044939059790309,endothelial cell_vs_microglial cell,endothelial cell,microglial cell
Bcl2,-2.8967206,-3.073233,0.003770853406828609,0.020438229847309534,endothelial cell_vs_microglial cell,endothelial cell,microglial cell
Ptprm,-2.9112124,-3.8084466,0.0036002914111301046,0.01956680114744622,endothelial cell_vs_microglial cell,endothelial cell,microglial cell
Ifitm1,-2.9187646,-27.402216,0.0035142161829975365,0.019151041869196386,endothelial cell_vs_microglial cell,endothelial cell,microglial cell
Deb1,-2.938563,-1.302115,0.003297375322857085,0.01801844438719719,endothelial cell_vs_microglial cell,endothelial cell,microglial cell
Perp,-2.940196,-2.9592285,0.003280047193415713,0.01797286133378473,endothelial cell_vs_microglial cell,endothelial cell,microglial cell
Itga6,-2.945911,-1.4873072,0.0032200500010281137,0.017692582423231393,endothelial cell_vs_microglial cell,endothelial cell,microglial cell
Tbx18,-2.9748945,-26.971119,0.0029308925942145357,0.016148168563165487,endothelial cell_vs_microglial cell,endothelial cell,microglial cell
Itpr1,-2.9948974,-3.3758779,0.002745372673198795,0.015167804824302735,endothelial cell_vs_microglial cell,endothelial cell,microglial cell
Phldb2,-3.0310247,-26.579395,0.0024372534366215643,0.013502789122557144,endothelial cell_vs_microglial cell,endothelial cell,microglial cell
Gsn,-3.033474,-3.3924515,0.002417555664440445,0.013430864802446917,endothelial cell_vs_microglial cell,endothelial cell,microglial cell
Zfp36l1,-3.0479658,-0.6420204,0.0023039619458839486,0.012835442595453753,endothelial cell_vs_microglial cell,endothelial cell,microglial cell
Smpdl3a,-3.0563343,-2.1714349,0.002240613436708867,0.012517393501166854,endothelial cell_vs_microglial cell,endothelial cell,microglial cell
Ccnd1,-3.0732753,-1.0697254,0.002117230645636747,0.011861236110009788,endothelial cell_vs_microglial cell,endothelial cell,microglial cell
Serping1,-3.0871546,-26.924557,0.002020823692291126,0.011352942091523181,endothelial cell_vs_microglial cell,endothelial cell,microglial cell
Zic4,-3.0871546,-26.772831,0.002020823692291126,0.011352942091523181,endothelial cell_vs_microglial cell,endothelial cell,microglial cell
Cobll1,-3.0871546,-26.248634,0.002020823692291126,0.011352942091523181,endothelial cell_vs_microglial cell,endothelial cell,microglial cell
Sox18,-3.0871546,-26.433249,0.002020823692291126,0.011352942091523181,endothelial cell_vs_microglial cell,endothelial cell,microglial cell
Lhfp,-3.1428766,-4.358234,0.0016729634549656086,0.00955979117123205,endothelial cell_vs_microglial cell,endothelial cell,microglial cell
Acaa2,-3.1702273,-2.5543163,0.0015231974838020048,0.008728925408607478,endothelial cell_vs_microglial cell,endothelial cell,microglial cell
Nr2f2,-3.1759424,-5.410336,0.0014935063622711629,0.008583369898110132,endothelial cell_vs_microglial cell,endothelial cell,microglial cell
Mustn1,-3.255545,-27.692493,0.0011317495924975253,0.006560867202884205,endothelial cell_vs_microglial cell,endothelial cell,microglial cell
Gjc1,-3.255545,-26.66277,0.0011317495924975253,0.006560867202884205,endothelial cell_vs_microglial cell,endothelial cell,microglial cell
Ptgis,-3.255545,-26.473625,0.0011317495924975253,0.006560867202884205,endothelial cell_vs_microglial cell,endothelial cell,microglial cell
Ddah1,-3.3071847,-3.2146206,0.0009423874006653654,0.005527198830881908,endothelial cell_vs_microglial cell,endothelial cell,microglial cell
S1pr1,-3.337597,-5.101994,0.0008450622458709135,0.0049709543874759616,endothelial cell_vs_microglial cell,endothelial cell,microglial cell
Neat1,-3.3808682,-1.4827794,0.0007225719933756063,0.0042882610882825295,endothelial cell_vs_microglial cell,endothelial cell,microglial cell
Myh11,-3.4239352,-28.085255,0.0006172132268948984,0.003684855085939692,endothelial cell_vs_microglial cell,endothelial cell,microglial cell
Tpm2,-3.4670024,-7.1366963,0.0005262972978147032,0.003151480825237744,endothelial cell_vs_microglial cell,endothelial cell,microglial cell
Sar1a,-3.4727175,-0.96050274,0.0005152175319954424,0.0030943995915642185,endothelial cell_vs_microglial cell,endothelial cell,microglial cell
Nupr1,-3.4841475,-2.3397086,0.0004937072581453263,0.0029741401093091946,endothelial cell_vs_microglial cell,endothelial cell,microglial cell
Ptgds,-3.5041502,-5.3653398,0.00045806682069976257,0.0027677753516601967,endothelial cell_vs_microglial cell,endothelial cell,microglial cell
Col1a1,-3.5361955,-27.829443,0.00040593427082121674,0.002460207701946768,endothelial cell_vs_microglial cell,endothelial cell,microglial cell
Erg,-3.5361955,-26.44287,0.00040593427082121674,0.002460207701946768,endothelial cell_vs_microglial cell,endothelial cell,microglial cell
Mecom,-3.5361955,-26.411606,0.00040593427082121674,0.002460207701946768,endothelial cell_vs_microglial cell,endothelial cell,microglial cell
Prex2,-3.559668,-5.108801,0.0003713239073491006,0.002271094234551074,endothelial cell_vs_microglial cell,endothelial cell,microglial cell
Slc6a13,-3.5923254,-27.869902,0.0003277400904327879,0.0020106754014281468,endothelial cell_vs_microglial cell,endothelial cell,microglial cell
Gja4,-3.5923254,-27.314236,0.0003277400904327879,0.0020106754014281468,endothelial cell_vs_microglial cell,endothelial cell,microglial cell
Lama4,-3.5923254,-26.734018,0.0003277400904327879,0.0020106754014281468,endothelial cell_vs_microglial cell,endothelial cell,microglial cell
Tbx3,-3.5923254,-26.574566,0.0003277400904327879,0.0020106754014281468,endothelial cell_vs_microglial cell,endothelial cell,microglial cell
Tgfb2,-3.5923254,-26.523432,0.0003277400904327879,0.0020106754014281468,endothelial cell_vs_microglial cell,endothelial cell,microglial cell
Sema6a,-3.6172268,-5.2426963,0.00029777628997673905,0.001861101812354619,endothelial cell_vs_microglial cell,endothelial cell,microglial cell
Lxn,-3.617635,-3.1252,0.00029730716748871915,0.001861101812354619,endothelial cell_vs_microglial cell,endothelial cell,microglial cell
Golim4,-3.632331,-2.2053564,0.0002808725621305893,0.001766494101450247,endothelial cell_vs_microglial cell,endothelial cell,microglial cell
Pcolce,-3.6484556,-27.298796,0.0002638214787079567,0.0016644888246558783,endothelial cell_vs_microglial cell,endothelial cell,microglial cell
Edn3,-3.6484556,-27.185091,0.0002638214787079567,0.0016644888246558783,endothelial cell_vs_microglial cell,endothelial cell,microglial cell
Mylk,-3.7045858,-27.638313,0.0002117365214840856,0.0013443588665656228,endothelial cell_vs_microglial cell,endothelial cell,microglial cell
Prdx6,-3.7096884,-1.432655,0.00020751446700096392,0.0013217481974583689,endothelial cell_vs_microglial cell,endothelial cell,microglial cell
Nid2,-3.7588787,-4.452442,0.000170676490250189,0.0010905846022376295,endothelial cell_vs_microglial cell,endothelial cell,microglial cell
Smtn,-3.7607157,-26.756498,0.0001694278521942442,0.0010860759756041295,endothelial cell_vs_microglial cell,endothelial cell,microglial cell
Tagln,-3.7607157,-28.588007,0.0001694278521942442,0.0010860759756041295,endothelial cell_vs_microglial cell,endothelial cell,microglial cell
Foxc1,-3.816846,-26.737549,0.00013516855132226024,0.0008748773548366359,endothelial cell_vs_microglial cell,endothelial cell,microglial cell
Prss23,-3.872976,-26.907547,0.00010751444028637565,0.0006981457161452964,endothelial cell_vs_microglial cell,endothelial cell,microglial cell
Amotl1,-3.8982856,-2.7903633,9.687615295716635e-05,0.0006331774703082769,endothelial cell_vs_microglial cell,endothelial cell,microglial cell
Dcn,-3.929106,-28.322733,8.526223875992317e-05,0.000560935781315284,endothelial cell_vs_microglial cell,endothelial cell,microglial cell
Acta2,-3.929106,-29.14459,8.526223875992317e-05,0.000560935781315284,endothelial cell_vs_microglial cell,endothelial cell,microglial cell
2310022B05Rik,-3.9452307,-2.638936,7.972319213182493e-05,0.0005279681598134102,endothelial cell_vs_microglial cell,endothelial cell,microglial cell
Gimap6,-3.947476,-1.1554185,7.897947088654694e-05,0.0005247805374521391,endothelial cell_vs_microglial cell,endothelial cell,microglial cell
Tcf12,-3.9491088,-3.2676647,7.844270764372302e-05,0.0005229513842914868,endothelial cell_vs_microglial cell,endothelial cell,microglial cell
Mt1,-3.9601307,-0.95540065,7.490876408721186e-05,0.0005010619671385409,endothelial cell_vs_microglial cell,endothelial cell,microglial cell
Rgs12,-3.9852362,-26.597116,6.741305574248891e-05,0.0004524366157214021,endothelial cell_vs_microglial cell,endothelial cell,microglial cell
Nrarp,-4.0058513,-2.578529,6.179454998064001e-05,0.0004161249156945455,endothelial cell_vs_microglial cell,endothelial cell,microglial cell
Ndrg2,-4.009117,-2.706239,6.094623560923778e-05,0.0004117988892516066,endothelial cell_vs_microglial cell,endothelial cell,microglial cell
Gpx8,-4.041366,-27.257538,5.314069623188174e-05,0.00036027590665682537,endothelial cell_vs_microglial cell,endothelial cell,microglial cell
Col3a1,-4.041366,-27.861238,5.314069623188174e-05,0.00036027590665682537,endothelial cell_vs_microglial cell,endothelial cell,microglial cell
Uaca,-4.041366,-26.74381,5.314069623188174e-05,0.00036027590665682537,endothelial cell_vs_microglial cell,endothelial cell,microglial cell
Mt2,-4.1942444,-1.7002146,2.737829682247664e-05,0.00018881584015501132,endothelial cell_vs_microglial cell,endothelial cell,microglial cell
Dusp1,-4.2036333,-0.9127961,2.6266447928575794e-05,0.00018177472614931347,endothelial cell_vs_microglial cell,endothelial cell,microglial cell
Nebl,-4.244659,-6.180416,2.1892591592854287e-05,0.00015309504610387615,endothelial cell_vs_microglial cell,endothelial cell,microglial cell
Ppp1r14a,-4.2538443,-4.5729265,2.1013162645030047e-05,0.00014746079049143894,endothelial cell_vs_microglial cell,endothelial cell,microglial cell
Gstm5,-4.265682,-2.0102694,1.9929207683785268e-05,0.00014034653298440332,endothelial cell_vs_microglial cell,endothelial cell,microglial cell
Plat,-4.296503,-5.8839884,1.735136482221363e-05,0.00012262448637606808,endothelial cell_vs_microglial cell,endothelial cell,microglial cell
Anxa3,-4.3005853,-0.86166835,1.7034769628375993e-05,0.00012081396899557444,endothelial cell_vs_microglial cell,endothelial cell,microglial cell
Mal,-4.305892,-2.5380046,1.663141907329345e-05,0.00011837308948963308,endothelial cell_vs_microglial cell,endothelial cell,microglial cell
Dab2,-4.32467,-4.799484,1.527603200918149e-05,0.00010911451435129635,endothelial cell_vs_microglial cell,endothelial cell,microglial cell
Paqr5,-4.341407,-5.1725726,1.4157317833453966e-05,0.00010148614934375603,endothelial cell_vs_microglial cell,endothelial cell,microglial cell
Isg15,-4.3783507,-4.9066567,1.195807420201856e-05,8.60293108058889e-05,endothelial cell_vs_microglial cell,endothelial cell,microglial cell
Srgn,-4.399578,-1.2821522,1.0846148090009049e-05,7.8311538556022e-05,endothelial cell_vs_microglial cell,endothelial cell,microglial cell
Gsta4,-4.4001904,-5.4342446,1.0815586579965767e-05,7.8311538556022e-05,endothelial cell_vs_microglial cell,endothelial cell,microglial cell
Emp2,-4.406314,-5.731673,1.0514459826160584e-05,7.674788194277798e-05,endothelial cell_vs_microglial cell,endothelial cell,microglial cell
Snrk,-4.409784,-3.5402696,1.0347392689024924e-05,7.580507464487124e-05,endothelial cell_vs_microglial cell,endothelial cell,microglial cell
Notch1,-4.4338684,-3.8564863,9.255705283844976e-06,6.805665649886012e-05,endothelial cell_vs_microglial cell,endothelial cell,microglial cell
Net1,-4.461015,-5.7809567,8.157232447707167e-06,6.020097747385363e-05,endothelial cell_vs_microglial cell,endothelial cell,microglial cell
Ccnd2,-4.4897947,-4.8270383,7.1291894850854065e-06,5.300512628316287e-05,endothelial cell_vs_microglial cell,endothelial cell,microglial cell
Lgals1,-4.5353107,-2.3331969,5.751867456933839e-06,4.292438400696895e-05,endothelial cell_vs_microglial cell,endothelial cell,microglial cell
Rapgef4,-4.546537,-26.973162,5.453578999570233e-06,4.0850779022997996e-05,endothelial cell_vs_microglial cell,endothelial cell,microglial cell
Sdpr,-4.546537,-26.910217,5.453578999570233e-06,4.0850779022997996e-05,endothelial cell_vs_microglial cell,endothelial cell,microglial cell
Lef1,-4.546537,-27.011816,5.453578999570233e-06,4.0850779022997996e-05,endothelial cell_vs_microglial cell,endothelial cell,microglial cell
Pdgfrb,-4.563478,-5.317478,5.031306837917113e-06,3.8115960893311456e-05,endothelial cell_vs_microglial cell,endothelial cell,microglial cell
Apold1,-4.576541,-5.9473305,4.7272694099719245e-06,3.594881680587015e-05,endothelial cell_vs_microglial cell,endothelial cell,microglial cell
Tnfrsf19,-4.602667,-27.019623,4.171147167125683e-06,3.220963063417516e-05,endothelial cell_vs_microglial cell,endothelial cell,microglial cell
Nfib,-4.6032796,-3.3270562,4.158896855562567e-06,3.220963063417516e-05,endothelial cell_vs_microglial cell,endothelial cell,microglial cell
Htra1,-4.738196,-5.5981283,2.1562950467409925e-06,1.6978701155440886e-05,endothelial cell_vs_microglial cell,endothelial cell,microglial cell
Cgnl1,-4.751259,-4.283821,2.021542794945087e-06,1.5980575454111357e-05,endothelial cell_vs_microglial cell,endothelial cell,microglial cell
Igfbp2,-4.7586064,-6.988781,1.9493388133036234e-06,1.547094296272717e-05,endothelial cell_vs_microglial cell,endothelial cell,microglial cell
Tek,-4.771057,-27.014828,1.8326136484434658e-06,1.4602499190784588e-05,endothelial cell_vs_microglial cell,endothelial cell,microglial cell
Atp1b2,-4.798612,-3.6410985,1.5976887784876683e-06,1.2781510227901347e-05,endothelial cell_vs_microglial cell,endothelial cell,microglial cell
Degs2,-4.8271875,-27.410109,1.3847479366421053e-06,1.1167322069694397e-05,endothelial cell_vs_microglial cell,endothelial cell,microglial cell
Zic1,-4.928834,-6.9584026,8.272186313190614e-07,6.78048058458247e-06,endothelial cell_vs_microglial cell,endothelial cell,microglial cell
Sema3c,-4.9774117,-6.491577,6.444008330455063e-07,5.3037105600453196e-06,endothelial cell_vs_microglial cell,endothelial cell,microglial cell
Mgp,-4.981494,-6.8005195,6.309519962987136e-07,5.214479308253832e-06,endothelial cell_vs_microglial cell,endothelial cell,microglial cell
Tinagl1,-4.995578,-27.60019,5.865990673548217e-07,4.9087788063165e-06,endothelial cell_vs_microglial cell,endothelial cell,microglial cell
AU021092,-5.0517077,-27.282625,4.378772964663698e-07,3.7108245463251683e-06,endothelial cell_vs_microglial cell,endothelial cell,microglial cell
Akap12,-5.0517077,-27.25773,4.378772964663698e-07,3.7108245463251683e-06,endothelial cell_vs_microglial cell,endothelial cell,microglial cell
Plp1,-5.085998,-0.85052437,3.656976314676799e-07,3.1256207817750416e-06,endothelial cell_vs_microglial cell,endothelial cell,microglial cell
Acvrl1,-5.1464148,-2.8274777,2.65512359319761e-07,2.2790760456631846e-06,endothelial cell_vs_microglial cell,endothelial cell,microglial cell
Igf2,-5.163968,-28.590796,2.417691304839668e-07,2.0842166421031617e-06,endothelial cell_vs_microglial cell,endothelial cell,microglial cell
Kitl,-5.163968,-27.300524,2.417691304839668e-07,2.0842166421031617e-06,endothelial cell_vs_microglial cell,endothelial cell,microglial cell
Nes,-5.220098,-27.18814,1.7882845633921674e-07,1.5618205793818056e-06,endothelial cell_vs_microglial cell,endothelial cell,microglial cell
Ece1,-5.2997007,-3.5355804,1.1599267564615371e-07,1.017479610931173e-06,endothelial cell_vs_microglial cell,endothelial cell,microglial cell
Itpkb,-5.3686895,-3.121296,7.931075474437312e-08,7.018650862333904e-07,endothelial cell_vs_microglial cell,endothelial cell,microglial cell
Col1a2,-5.3884883,-28.415285,7.105279553368013e-08,6.34399960122144e-07,endothelial cell_vs_microglial cell,endothelial cell,microglial cell
Ptprg,-5.3884883,-27.220919,7.105279553368013e-08,6.34399960122144e-07,endothelial cell_vs_microglial cell,endothelial cell,microglial cell
Icam2,-5.444618,-27.354933,5.1916572061329166e-08,4.6983323132424584e-07,endothelial cell_vs_microglial cell,endothelial cell,microglial cell
Hmgcs2,-5.444618,-27.588135,5.1916572061329166e-08,4.6983323132424584e-07,endothelial cell_vs_microglial cell,endothelial cell,microglial cell
Rarres2,-5.5007486,-28.002836,3.781824332384481e-08,3.453720851492677e-07,endothelial cell_vs_microglial cell,endothelial cell,microglial cell
Sox17,-5.5232005,-5.927925,3.3287952188251185e-08,3.0539405677294663e-07,endothelial cell_vs_microglial cell,endothelial cell,microglial cell
Ndrg1,-5.538305,-4.7003617,3.054137738133459e-08,2.8148734913672433e-07,endothelial cell_vs_microglial cell,endothelial cell,microglial cell
Bcam,-5.576269,-5.8312554,2.457319432133411e-08,2.2752957704938994e-07,endothelial cell_vs_microglial cell,endothelial cell,microglial cell
Nbl1,-5.601987,-3.913051,2.1190879885116927e-08,1.9712446404759934e-07,endothelial cell_vs_microglial cell,endothelial cell,microglial cell
Bgn,-5.6130085,-28.056185,1.988386849207606e-08,1.8583054665491646e-07,endothelial cell_vs_microglial cell,endothelial cell,microglial cell
Ndufa4l2,-5.669139,-28.567076,1.4351714243302748e-08,1.3475788021880514e-07,endothelial cell_vs_microglial cell,endothelial cell,microglial cell
Rbp1,-5.669139,-28.187832,1.4351714243302748e-08,1.3475788021880514e-07,endothelial cell_vs_microglial cell,endothelial cell,microglial cell
Higd1b,-5.725269,-28.83178,1.0327009921567049e-08,9.835247544349571e-08,endothelial cell_vs_microglial cell,endothelial cell,microglial cell
C130074G19Rik,-5.781399,-27.52388,7.408200399128697e-09,7.123269614546824e-08,endothelial cell_vs_microglial cell,endothelial cell,microglial cell
Sgms1,-5.7944617,-4.447766,6.854058696420135e-09,6.622278933739261e-08,endothelial cell_vs_microglial cell,endothelial cell,microglial cell
Isyna1,-5.848551,-1.6339208,4.958739755617331e-09,4.8143104423469235e-08,endothelial cell_vs_microglial cell,endothelial cell,microglial cell
Fxyd1,-5.852429,-5.228254,4.844452047940571e-09,4.7262946809176306e-08,endothelial cell_vs_microglial cell,endothelial cell,microglial cell
Palmd,-5.855899,-5.914856,4.744370234596415e-09,4.651343367251388e-08,endothelial cell_vs_microglial cell,endothelial cell,microglial cell
Flna,-5.932848,-3.7094104,2.977243461811391e-09,2.9332447899619616e-08,endothelial cell_vs_microglial cell,endothelial cell,microglial cell
Vtn,-6.0620494,-29.141905,1.3439799007863015e-09,1.3439799007863014e-08,endothelial cell_vs_microglial cell,endothelial cell,microglial cell
Myo10,-6.0849094,-6.07618,1.1655707970090216e-09,1.171427936692484e-08,endothelial cell_vs_microglial cell,endothelial cell,microglial cell
Slc38a5,-6.0894,-6.303529,1.1333464755891082e-09,1.144794419786978e-08,endothelial cell_vs_microglial cell,endothelial cell,microglial cell
Klf4,-6.093074,-2.5443397,1.1076286702334983e-09,1.124496111912181e-08,endothelial cell_vs_microglial cell,endothelial cell,microglial cell
Cav1,-6.1181793,-27.68702,9.465047582210355e-10,9.707741109959337e-09,endothelial cell_vs_microglial cell,endothelial cell,microglial cell
Prom1,-6.1181793,-27.729673,9.465047582210355e-10,9.707741109959337e-09,endothelial cell_vs_microglial cell,endothelial cell,microglial cell
4930523C07Rik,-6.130222,-5.6192727,8.775661270847334e-10,9.09394950346874e-09,endothelial cell_vs_microglial cell,endothelial cell,microglial cell
Wwtr1,-6.16043,-6.91142,7.254765704610411e-10,7.557047608969179e-09,endothelial cell_vs_microglial cell,endothelial cell,microglial cell
Nid1,-6.267996,-5.0937576,3.6572487167648033e-10,3.849735491331372e-09,endothelial cell_vs_microglial cell,endothelial cell,microglial cell
Lamb2,-6.3098383,-4.665629,2.7932745784639657e-10,2.9715687004935806e-09,endothelial cell_vs_microglial cell,endothelial cell,microglial cell
Slc38a3,-6.397605,-4.3001814,1.5783276169844525e-10,1.6971264698757553e-09,endothelial cell_vs_microglial cell,endothelial cell,microglial cell
Rbpms,-6.4282217,-4.7812934,1.2910545165380454e-10,1.3957346124735626e-09,endothelial cell_vs_microglial cell,endothelial cell,microglial cell
Lims2,-6.428834,-6.061793,1.2858652682652095e-10,1.3957346124735626e-09,endothelial cell_vs_microglial cell,endothelial cell,microglial cell
Tmem204,-6.593346,-3.232932,4.3002251743143406e-11,4.699699644059389e-10,endothelial cell_vs_microglial cell,endothelial cell,microglial cell
Apod,-6.6106954,-7.984906,3.8251885615052206e-11,4.203503913742001e-10,endothelial cell_vs_microglial cell,endothelial cell,microglial cell
Arhgap29,-6.6278405,-4.538054,3.406330409083744e-11,3.763901004512424e-10,endothelial cell_vs_microglial cell,endothelial cell,microglial cell
Mfsd2a,-6.6878486,-5.633863,2.264750237019321e-11,2.5304471922003586e-10,endothelial cell_vs_microglial cell,endothelial cell,microglial cell
Myl9,-6.716832,-6.7709265,1.8571751456005527e-11,2.086713646742194e-10,endothelial cell_vs_microglial cell,endothelial cell,microglial cell
Slc6a6,-6.729079,-2.8918025,1.707405187001267e-11,1.9292713977415447e-10,endothelial cell_vs_microglial cell,endothelial cell,microglial cell
Abcg2,-6.751735,-4.0251756,1.4608753271111243e-11,1.660085598989914e-10,endothelial cell_vs_microglial cell,endothelial cell,microglial cell
Cd93,-6.75398,-6.2521715,1.4384339300712604e-11,1.643924491510012e-10,endothelial cell_vs_microglial cell,endothelial cell,microglial cell
Tshz2,-6.7807183,-4.2730966,1.1957965108396154e-11,1.374478748091512e-10,endothelial cell_vs_microglial cell,endothelial cell,microglial cell
Cdh5,-6.7917404,-27.722017,1.1078874983589278e-11,1.280794795790668e-10,endothelial cell_vs_microglial cell,endothelial cell,microglial cell
Lsr,-6.823786,-6.664884,8.867218393238097e-12,1.037101566460596e-10,endothelial cell_vs_microglial cell,endothelial cell,microglial cell
Slc16a1,-6.844605,-4.555499,7.668729508761497e-12,9.022034716189995e-11,endothelial cell_vs_microglial cell,endothelial cell,microglial cell
Podxl,-6.8478703,-27.893707,7.495735877608792e-12,8.870693346282593e-11,endothelial cell_vs_microglial cell,endothelial cell,microglial cell
Mfge8,-6.8762417,-3.93665,6.145219085166005e-12,7.315737006150005e-11,endothelial cell_vs_microglial cell,endothelial cell,microglial cell
Nostrin,-6.891142,-7.103263,5.534636690241485e-12,6.66823697619456e-11,endothelial cell_vs_microglial cell,endothelial cell,microglial cell
Fxyd5,-6.8993063,-5.360659,5.225716484375169e-12,6.334201799242628e-11,endothelial cell_vs_microglial cell,endothelial cell,microglial cell
Cyr61,-6.9040008,-28.072128,5.055808302254077e-12,6.165619880797655e-11,endothelial cell_vs_microglial cell,endothelial cell,microglial cell
9430020K01Rik,-6.936862,-6.71016,4.0090446597357634e-12,4.9190732021297706e-11,endothelial cell_vs_microglial cell,endothelial cell,microglial cell
Heg1,-6.977072,-5.8331037,3.0139575236696092e-12,3.744046613254173e-11,endothelial cell_vs_microglial cell,endothelial cell,microglial cell
Dbi,-6.988706,-1.5476199,2.7743307513204424e-12,3.467913439150553e-11,endothelial cell_vs_microglial cell,endothelial cell,microglial cell
Cd59a,-7.0176897,-4.1202607,2.2556704488889358e-12,2.837321319357152e-11,endothelial cell_vs_microglial cell,endothelial cell,microglial cell
Cdkn1c,-7.05545,-3.9630675,1.720433030461291e-12,2.177763329697837e-11,endothelial cell_vs_microglial cell,endothelial cell,microglial cell
Itih5,-7.128521,-28.415836,1.0145315682822999e-12,1.3006814977978204e-11,endothelial cell_vs_microglial cell,endothelial cell,microglial cell
Cnn2,-7.1605663,-2.6293378,8.034456034571949e-13,1.0434358486457076e-11,endothelial cell_vs_microglial cell,endothelial cell,microglial cell
Cd34,-7.3536534,-2.234095,1.92861110998119e-13,2.57148147997492e-12,endothelial cell_vs_microglial cell,endothelial cell,microglial cell
Pecam1,-7.500408,-4.319612,6.361935661204117e-14,8.714980357813859e-13,endothelial cell_vs_microglial cell,endothelial cell,microglial cell
Abcb1a,-7.5087767,-7.2549214,5.968239373319678e-14,8.232054308027143e-13,endothelial cell_vs_microglial cell,endothelial cell,microglial cell
Utrn,-7.5569468,-7.068945,4.126412946774058e-14,5.731129092741748e-13,endothelial cell_vs_microglial cell,endothelial cell,microglial cell
Csrp1,-7.576133,-5.444911,3.5600718981181304e-14,4.979121535829553e-13,endothelial cell_vs_microglial cell,endothelial cell,microglial cell
Ccdc141,-7.6051164,-6.6631846,2.846475540301423e-14,4.0375539578743597e-13,endothelial cell_vs_microglial cell,endothelial cell,microglial cell
Hmcn1,-7.633692,-28.26679,2.2812502515431618e-14,3.282374462652031e-13,endothelial cell_vs_microglial cell,endothelial cell,microglial cell
Tns1,-7.7024765,-3.828356,1.334540636087668e-14,1.934116863895171e-13,endothelial cell_vs_microglial cell,endothelial cell,microglial cell
Tagln2,-7.7655463,-2.9383874,8.129399391107938e-15,1.186773633738385e-13,endothelial cell_vs_microglial cell,endothelial cell,microglial cell
Gstm1,-7.7957544,-4.2021413,6.40247078106957e-15,9.415398207455249e-14,endothelial cell_vs_microglial cell,endothelial cell,microglial cell
Fcgrt,-7.8122873,-2.0360448,5.615929589203774e-15,8.319895687709294e-14,endothelial cell_vs_microglial cell,endothelial cell,microglial cell
Ptrf,-7.824738,-6.675455,5.0871472135578096e-15,7.59275703516091e-14,endothelial cell_vs_microglial cell,endothelial cell,microglial cell
Foxq1,-7.914342,-28.233204,2.485638400382723e-15,3.766118788458671e-14,endothelial cell_vs_microglial cell,endothelial cell,microglial cell
Emcn,-7.921486,-6.060302,2.3468870474899222e-15,3.5830336602899575e-14,endothelial cell_vs_microglial cell,endothelial cell,microglial cell
Hes1,-7.9543476,-2.8057234,1.800778801197834e-15,2.7704289249197442e-14,endothelial cell_vs_microglial cell,endothelial cell,microglial cell
Timp3,-7.96639,-7.8704014,1.6337670436216729e-15,2.5329721606537562e-14,endothelial cell_vs_microglial cell,endothelial cell,microglial cell
Car2,-7.975779,-4.092103,1.5142256918787966e-15,2.3659776435606196e-14,endothelial cell_vs_microglial cell,endothelial cell,microglial cell
Igf1r,-8.157028,-3.8133626,3.433681212947833e-16,5.407371988894225e-15,endothelial cell_vs_microglial cell,endothelial cell,microglial cell
Ahnak,-8.163152,-6.8743763,3.26394638348754e-16,5.180867275377048e-15,endothelial cell_vs_microglial cell,endothelial cell,microglial cell
Arhgap31,-8.189278,-3.995677,2.6279891495912226e-16,4.204782639345956e-15,endothelial cell_vs_microglial cell,endothelial cell,microglial cell
Ptprb,-8.204586,-6.0574226,2.3138734988667686e-16,3.762395933116697e-15,endothelial cell_vs_microglial cell,endothelial cell,microglial cell
Wfdc1,-8.233773,-7.2199287,1.8140672099264002e-16,2.973880672010492e-15,endothelial cell_vs_microglial cell,endothelial cell,microglial cell
Cald1,-8.251122,-28.87252,1.5691336808565798e-16,2.5936093898455865e-15,endothelial cell_vs_microglial cell,endothelial cell,microglial cell
Fam101b,-8.251122,-28.688702,1.5691336808565798e-16,2.5936093898455865e-15,endothelial cell_vs_microglial cell,endothelial cell,microglial cell
Crip1,-8.346646,-5.080476,7.022888372585906e-17,1.1803173735438498e-15,endothelial cell_vs_microglial cell,endothelial cell,microglial cell
Anxa2,-8.363383,-28.260504,6.094504052677463e-17,1.0329667885894006e-15,endothelial cell_vs_microglial cell,endothelial cell,microglial cell
Cox7c,-8.483399,-1.1390039,2.1870872788687036e-17,3.738610733108895e-16,endothelial cell_vs_microglial cell,endothelial cell,microglial cell
S100a11,-8.505851,-5.6323204,1.802680249794217e-17,3.1080693961969255e-16,endothelial cell_vs_microglial cell,endothelial cell,microglial cell
Eng,-8.601579,-2.7180343,7.862707617743754e-18,1.404054931739956e-16,endothelial cell_vs_microglial cell,endothelial cell,microglial cell
Klf2,-8.735883,-2.252984,2.4176114768236613e-18,4.356056714997588e-17,endothelial cell_vs_microglial cell,endothelial cell,microglial cell
Anxa5,-8.8808,-3.9310532,6.638109679422559e-19,1.2069290326222834e-17,endothelial cell_vs_microglial cell,endothelial cell,microglial cell
Atp1a2,-8.977956,-4.842361,2.758426803769576e-19,5.108197784758474e-18,endothelial cell_vs_microglial cell,endothelial cell,microglial cell
Ly6a,-9.023065,-6.839996,1.8289990830262484e-19,3.4186898748154176e-18,endothelial cell_vs_microglial cell,endothelial cell,microglial cell
Slco1a4,-9.213294,-6.19505,3.162660893221794e-20,6.141089113052027e-19,endothelial cell_vs_microglial cell,endothelial cell,microglial cell
Slc7a1,-9.222684,-5.7856054,2.897562447014346e-20,5.681494994145778e-19,endothelial cell_vs_microglial cell,endothelial cell,microglial cell
Malat1,-9.26024,-0.72538704,2.0397402410556996e-20,4.03908958624891e-19,endothelial cell_vs_microglial cell,endothelial cell,microglial cell
H2afv,-9.297795,-1.9970566,1.433874212336435e-20,2.86774842467287e-19,endothelial cell_vs_microglial cell,endothelial cell,microglial cell
Fn1,-9.317595,-28.70978,1.1900792993334314e-20,2.404200604714003e-19,endothelial cell_vs_microglial cell,endothelial cell,microglial cell
Pcp4l1,-9.353926,-5.429591,8.445350338873755e-21,1.72354088548444e-19,endothelial cell_vs_microglial cell,endothelial cell,microglial cell
Tpm4,-9.411077,-3.3435743,4.9108157470649764e-21,1.0125393292917477e-19,endothelial cell_vs_microglial cell,endothelial cell,microglial cell
Slc2a1,-9.433529,-4.3988786,3.965207678941363e-21,8.260849331127839e-20,endothelial cell_vs_microglial cell,endothelial cell,microglial cell
Kdr,-9.436386,-5.70062,3.858587282358431e-21,8.123341647070382e-20,endothelial cell_vs_microglial cell,endothelial cell,microglial cell
Mpzl1,-9.620493,-6.451373,6.551659955542917e-22,1.424273903378895e-20,endothelial cell_vs_microglial cell,endothelial cell,microglial cell
Hspb1,-9.829909,-8.451978,8.369443197841449e-23,1.8598762661869886e-21,endothelial cell_vs_microglial cell,endothelial cell,microglial cell
Slc22a8,-9.878895,-28.909529,5.1396426280653345e-23,1.1549758714753562e-21,endothelial cell_vs_microglial cell,endothelial cell,microglial cell
Tm4sf1,-9.878895,-28.821968,5.1396426280653345e-23,1.1549758714753562e-21,endothelial cell_vs_microglial cell,endothelial cell,microglial cell
Sept4,-10.119744,-4.6535144,4.515939535244765e-24,1.0502184965685501e-22,endothelial cell_vs_microglial cell,endothelial cell,microglial cell
Ctla2a,-10.135257,-7.490194,3.853605055475859e-24,9.067306012884374e-23,endothelial cell_vs_microglial cell,endothelial cell,microglial cell
Ebf1,-10.150361,-5.945621,3.3014099200061512e-24,7.860499809538454e-23,endothelial cell_vs_microglial cell,endothelial cell,microglial cell
Ablim1,-10.229147,-5.429601,1.4680685498332814e-24,3.537514577911521e-23,endothelial cell_vs_microglial cell,endothelial cell,microglial cell
Arl4a,-10.237515,-5.45233,1.3464981966895295e-24,3.2841419431451936e-23,endothelial cell_vs_microglial cell,endothelial cell,microglial cell
Slc7a5,-10.349571,-4.7986393,4.203631063820678e-25,1.0379335960051056e-23,endothelial cell_vs_microglial cell,endothelial cell,microglial cell
Slc9a3r2,-10.353858,-6.140408,4.019556151207998e-25,1.0048890378019995e-23,endothelial cell_vs_microglial cell,endothelial cell,microglial cell
Slco1c1,-10.436931,-8.012184,1.6816071869307519e-25,4.257233384634815e-24,endothelial cell_vs_microglial cell,endothelial cell,microglial cell
Tpm1,-10.680228,-4.7854366,1.2596095828339546e-26,3.271713202166116e-25,endothelial cell_vs_microglial cell,endothelial cell,microglial cell
Cnn3,-10.808818,-5.552629,3.1267406290002546e-27,8.450650348649337e-26,endothelial cell_vs_microglial cell,endothelial cell,microglial cell
Rgs5,-10.988434,-7.5655303,4.3439808172004245e-28,1.2066613381112292e-26,endothelial cell_vs_microglial cell,endothelial cell,microglial cell
Id1,-11.0451765,-7.8963447,2.313131135842879e-28,6.608946102408225e-27,endothelial cell_vs_microglial cell,endothelial cell,microglial cell
Ly6c1,-11.3541975,-9.851495,7.068557162566328e-30,2.141987018959493e-28,endothelial cell_vs_microglial cell,endothelial cell,microglial cell
Cxcl12,-11.360525,-6.9090524,6.574806246097954e-30,2.023017306491678e-28,endothelial cell_vs_microglial cell,endothelial cell,microglial cell
Flt1,-11.511362,-6.8703465,1.1563724259557306e-30,3.671023574462637e-29,endothelial cell_vs_microglial cell,endothelial cell,microglial cell
Pglyrp1,-11.568105,-8.442075,5.978888742236506e-31,1.9602913908972151e-29,endothelial cell_vs_microglial cell,endothelial cell,microglial cell
Egfl7,-11.598721,-6.514681,4.182825924858285e-31,1.394275308286095e-29,endothelial cell_vs_microglial cell,endothelial cell,microglial cell
Esam,-11.731188,-29.422394,8.821179535745187e-32,2.9902303511000635e-30,endothelial cell_vs_microglial cell,endothelial cell,microglial cell
Pltp,-11.83957,-6.4895153,2.4369884845647785e-32,8.55083678794659e-31,endothelial cell_vs_microglial cell,endothelial cell,microglial cell
Col4a1,-11.899578,-29.278328,1.1894670991974076e-32,4.248096782847884e-31,endothelial cell_vs_microglial cell,endothelial cell,microglial cell
Ifitm2,-11.899578,-29.195198,1.1894670991974076e-32,4.248096782847884e-31,endothelial cell_vs_microglial cell,endothelial cell,microglial cell
Vwa1,-12.131447,-7.4980035,7.196680556797768e-34,2.7157285119991577e-32,endothelial cell_vs_microglial cell,endothelial cell,microglial cell
Vim,-12.2671795,-7.0647383,1.3590581310027009e-34,5.227146657702696e-33,endothelial cell_vs_microglial cell,endothelial cell,microglial cell
Epas1,-12.342088,-7.177302,5.374414976502667e-35,2.1497659906010664e-33,endothelial cell_vs_microglial cell,endothelial cell,microglial cell
Car4,-12.424956,-7.185537,1.913319282013095e-35,7.809466457196305e-34,endothelial cell_vs_microglial cell,endothelial cell,microglial cell
Ramp2,-12.516601,-7.4346237,6.057404656997971e-36,2.523918607082488e-34,endothelial cell_vs_microglial cell,endothelial cell,microglial cell
Cldn5,-12.530276,-6.8329544,5.0984715457103957e-36,2.169562359876764e-34,endothelial cell_vs_microglial cell,endothelial cell,microglial cell
Bsg,-13.394476,-3.425827,6.513449261693625e-41,3.101642505568393e-39,endothelial cell_vs_microglial cell,endothelial cell,microglial cell
Itm2a,-13.486325,-6.895983,1.8825335974526933e-41,9.412667987263466e-40,endothelial cell_vs_microglial cell,endothelial cell,microglial cell
Ifitm3,-13.62165,-6.4066772,2.977661556132037e-42,1.5270059262215574e-40,endothelial cell_vs_microglial cell,endothelial cell,microglial cell
Serpinh1,-15.70234,-7.564663,1.4576322806675826e-55,9.717548537783885e-54,endothelial cell_vs_microglial cell,endothelial cell,microglial cell
Id3,-15.952987,-6.5878296,2.7159047496600805e-57,1.9399319640429147e-55,endothelial cell_vs_microglial cell,endothelial cell,microglial cell
Tmsb10,-16.332834,-3.5551474,5.764280614506203e-60,4.434062011158618e-58,endothelial cell_vs_microglial cell,endothelial cell,microglial cell
Gng11,-16.511635,-6.7953296,3.025765444395212e-61,2.5214712036626764e-59,endothelial cell_vs_microglial cell,endothelial cell,microglial cell
Igfbp7,-18.04164,-9.97234,9.178185633006455e-73,1.0197984036673838e-70,endothelial cell_vs_microglial cell,endothelial cell,microglial cell
